,isbn_n,isbn_m,title,writer,point_n,point_m,rank_total,image
1,9791198013026,9791198013033,김미경의 마흔 수업,김미경,100.0,99.0,199.0,https://comicthumb-phinf.pstatic.net/20230216_20/pocket_1676505926866I02KW_JPEG/kyobo6182013218421176023l9791198013026.jpg?type=m101
2,9788934985068,9788934995005,팩트풀니스,"한스로슬링,올라로슬링,안나로슬링뢴룬드 지음, 이창신 옮김",90.0,92.0,182.0,https://comicthumb-phinf.pstatic.net/20190404_258/pocket_1554332730405bPYwe_JPEG/kpc66653537273067513889788934985068.jpg?type=m101
3,9788956608556,9788956608594,구의 증명,최진영 지음,99.0,80.0,179.0,https://comicthumb-phinf.pstatic.net/20200509_198/pocket_15889791559538Y0eU_JPEG/kpc315322651917666689788956608594.jpg?type=m101
4,9788934972464,9788934972723,사피엔스,"유발하라리 지음, 조현욱 옮김",83.0,94.0,177.0,https://comicthumb-phinf.pstatic.net/20230128_278/pocket_167486043200855E9n_JPEG/kpc32124044933800342559788934972976.jpg?type=m101
5,9791190313186,9791190313254,지적 대화를 위한 넓고 얕은 지식 1,채사장 지음,97.0,75.0,172.0,https://comicthumb-phinf.pstatic.net/20230217_80/pocket_16765926839042pReV_JPEG/kyobo6885653103002582982l9791190313186.jpg?type=m101
6,9791191521221,9791191521238,K 배터리 레볼루션,박순혁,98.0,68.0,166.0,https://comicthumb-phinf.pstatic.net/20230223_260/pocket_1677111584285A2woM_JPEG/kyobo7202142205646382139l9791191521221.jpg?type=m101
7,9788901260716,9788901260877,역행자,자청,68.0,81.0,149.0,https://comicthumb-phinf.pstatic.net/20220530_109/pocket_1653883541006ogVBI_JPEG/%BF%AA%C7%E0%C0%DA_%C7%A5%C1%F6.jpg?type=m101
8,9791161571188,9791161571195,불편한 편의점,김호연 지음,45.0,95.0,140.0,https://comicthumb-phinf.pstatic.net/20230221_278/pocket_1676943386832O8KcQ_JPEG/kyobo501829617274137662l9791161571188.jpg?type=m101
9,9788954699914,9788954642606,하얼빈,김훈,95.0,43.0,138.0,https://comicthumb-phinf.pstatic.net/20230119_242/pocket_1674083481645sEOMO_JPEG/kpc_etc63222448879817106699788954642606.jpg?type=m101
10,nan,9791168474000,세이노의 가르침,세이노,0.0,100.0,100.0,https://img.millie.co.kr/200x/service/cover/179590093/2fa4ba51473f42d3962302d3ed3bcd77.jpg
11,nan,9791197689291,뉴욕 정신과 의사의 사람 도서관,나종호,0.0,98.0,98.0,https://img.millie.co.kr/200x/service/cover/179594156/9f3bcb8310da4713ac25d103ae46e255.jpg
12,nan,9791130698625,거인의 노트,김익한,0.0,97.0,97.0,https://img.millie.co.kr/200x/service/cover/179596542/8627edddd4d74ffca54d77e898983767.jpg
13,9788937484018,,농담,밀란 쿤데라,96.0,0.0,96.0,https://comicthumb-phinf.pstatic.net/20210604_9/pocket_16227660629937fnMk_JPEG/9788937416507__v1.jpg?type=m101
14,nan,9791191891294,GPT 제너레이션,이시한,0.0,96.0,96.0,https://img.millie.co.kr/200x/service/cover/179593848/256bbc2befc54a6b8c4f2e2bb4de3800.jpg
15,9788937836374,9788937836374,나미야 잡화점의 기적,히가시노 게이고 지음 / 양윤옥 옮김,81.0,14.0,95.0,https://comicthumb-phinf.pstatic.net/20210919_8/pocket_1632010829155BaHBQ_JPEG/kyobo8356636016586405181l9788972756194.jpg?type=m101
16,9791164161393,,운을 벌어야 돈이 벌린다,이정재,94.0,0.0,94.0,https://comicthumb-phinf.pstatic.net/20230221_170/pocket_1676938709398eN1on_JPEG/kyobo6646594386544414294l9791164161393.jpg?type=m101
17,9791198035509,,모든 것이 괜찮아지는 기술,데런 브라운,93.0,0.0,93.0,https://comicthumb-phinf.pstatic.net/20230114_108/pocket_16736545061682TJOb_JPEG/kyobo6941313956065597265l480D230174150.jpg?type=m101
18,9788934985655,,예술경영,용호성,92.0,0.0,92.0,https://comicthumb-phinf.pstatic.net/20200405_255/pocket_1586041707449JbhLs_JPEG/kpc83018476998741046219788934986171.jpg?type=m101
19,nan,9791158748555,나는 논어를 만나 행복해졌다,판덩 지음 / 이서연 옮김,0.0,91.0,91.0,https://img.millie.co.kr/200x/service/cover/179585512/ee7d02fb0c1f4bde94c405051b320492.jpg
20,9788957336717,,포스트휴먼이 몰려온다.,신상규,91.0,0.0,91.0,https://comicthumb-phinf.pstatic.net/20200528_16/pocket_1590620577247QiPSz_JPEG/kpc3074147730621311429788957336779.jpg?type=m101
21,nan,9791158883751,부자 아빠 가난한 아빠 20주년 특별 기념판,저자 로버트 기요사키 지음 / 안진환 옮김,0.0,90.0,90.0,https://img.millie.co.kr/200x/service/cover/179587553/9e2bfd09bbd542a6beb9da0fcd05ef36.jpg
22,9788983712073,,욕망의 진화,데이비드 버스,89.0,0.0,89.0,https://comicthumb-phinf.pstatic.net/20191105_231/pocket_1572945079096ScbUt_JPEG/9791190403047__v1.jpg?type=m101
23,nan,9791164798902,환상서점 ,소서림,0.0,89.0,89.0,https://img.millie.co.kr/200x/service/cover/179587358/f1b11478faae49b380d0f508367c9214.jpg
24,9791192625188,,그대 늙어가는 것이 아니라 익어가는 것이다,오평선,88.0,0.0,88.0,https://comicthumb-phinf.pstatic.net/20221222_57/pocket_167166742589326QbJ_JPEG/kyobo8683696092185703558l9791192625188.jpg?type=m101
25,nan,9788934973218,문명의 붕괴,"재레드다이아몬드 지음, 강주헌 옮김",0.0,88.0,88.0,https://img.millie.co.kr/200x/service/cover/516211/53e9189096604e0abcf121fcff85324b.jpg
26,nan,9791130697918,효기심의 권력으로 읽는 세계사: 유럽편,효기심(최영효),0.0,87.0,87.0,https://img.millie.co.kr/200x/service/cover/179595126/c768efe46e5548be884043d18b05e07a.jpg
27,9788965749868,,내 아이를 위한 감정코칭,최성애,87.0,0.0,87.0,https://comicthumb-phinf.pstatic.net/20221125_300/pocket_1669330823039tUjzv_JPEG/kpc73669797636978316539788965749097.jpg?type=m101
28,9788950991418,,이한우의 설원 상,이한우,86.0,0.0,86.0,https://comicthumb-phinf.pstatic.net/20230118_258/pocket_1674022443101xSlJo_JPEG/%C0%CC%C7%D1%BF%EC%C0%C7_%BC%B3%BF%F8%28%DF%BE%29_-_%C0%AF%C7%E2_%C2%F9%C1%FD_%BF%CF%BF%AA_%C7%D8%BC%B3%28540-810%29.jpg?type=m101
29,nan,9791130697826,조셉 머피 잠재의식의 힘,조셉 머피 지음 / 조율리 옮김,0.0,85.0,85.0,https://img.millie.co.kr/200x/service/cover/179595511/74caaefdef8b4f98a08fdcd10b663bb4.jpg
30,9788934926184,,만들어진 신,리처드 도킨스,85.0,0.0,85.0,https://comicthumb-phinf.pstatic.net//20160312_272/pocket_1457737644433tWUrB_JPEG/kpc38108032083573457539788934926184.jpg?type=m101
31,9791191560305,,노잉,안도 미후유,84.0,0.0,84.0,https://comicthumb-phinf.pstatic.net/20230223_247/pocket_16771105198807Kpn4_JPEG/kyobo6832334960988097528l9791191560305.jpg?type=m101
32,nan,9788972779018,나는 나를 바꾸기로 했다,우즈훙 / 이에스더,0.0,84.0,84.0,https://img.millie.co.kr/200x/service/cover/179576155/8c0e8f2febc144b48eba9bebfc6c196a.jpg
33,nan,9788934976707,호모 데우스,"유발하라리 지음, 김명주 옮김",0.0,83.0,83.0,https://img.millie.co.kr/200x/service/cover/15681936/b569d798a8c14c949d121ddae02f4d8b.jpg
34,9791140701919,,모두 거짓말을 한다,세스 스티븐스 다비도위츠,82.0,0.0,82.0,https://comicthumb-phinf.pstatic.net/20221124_58/pocket_1669244782216qk0wr_JPEG/kpc77670616622314499749791140702381.jpg?type=m101
35,nan,9791191043341,"오늘 밤, 세계에서 이 사랑이 사라진다 해도","이치조미사키 지음, 권영주 옮김",0.0,82.0,82.0,https://image.aladin.co.kr/product/27407/79/letslook/K362732558_f.jpg
36,9791140700943,,도커 교과서 (epub3.0),엘튼 스톤맨,80.0,0.0,80.0,https://comicthumb-phinf.pstatic.net/20220818_105/pocket_1660777215307EPVV2_JPEG/kpc78261166890114707669791140701230.jpg?type=m101
37,9791140701469,,실리콘밸리에선 어떻게 일하나요,크리스 채,79.0,0.0,79.0,https://comicthumb-phinf.pstatic.net/20220929_249/pocket_1664406015779o9SxG_JPEG/kpc41296594082715107839791140701667.jpg?type=m101
38,nan,9791161571386,불편한 편의점 2,김호연,0.0,79.0,79.0,https://img.millie.co.kr/200x/service/cover/179572960/38dd4a8f43de4fb982c7265184a720b3.jpg
39,9788965236504,,3층 서기실의 암호,태영호,78.0,0.0,78.0,https://comicthumb-phinf.pstatic.net/20180628_283/pocket_1530150771294YMPAU_JPEG/kyobo6709761509397740168l9788965236504.jpg?type=m101
40,nan,9788998934385,알아두면 쓸데있는 신 잡학상식,편집부 지음,0.0,78.0,78.0,https://img.millie.co.kr/200x/service/cover/179517109/81d14a6c2c88428ba109eff294bfb0f6.jpg
41,9791191432008,,한국과학문명사 강의,신동원,77.0,0.0,77.0,https://comicthumb-phinf.pstatic.net/20230119_135/pocket_1674082801561tiQPy_JPEG/kpc19808869279790710559791192913018.jpg?type=m101
42,nan,9791130697567,레버리지,롭 무어 지음 / 김유미 옮김,0.0,77.0,77.0,https://img.millie.co.kr/200x/service/cover/179580217/4b8876858db24d3988adaf794c76bba9.jpg
43,nan,9791191669428,미루는 습관 극복하기 ,리스창 지음 / 홍민경 옮김,0.0,76.0,76.0,https://img.millie.co.kr/200x/service/cover/179593877/b456de0eb0024eeb9e37113c3407be5c.jpg
44,9791197015298,,DO IT 두잇,데이비드 차,76.0,0.0,76.0,https://comicthumb-phinf.pstatic.net/20230218_226/pocket_1676679014641n573e_JPEG/kyobo4918438770655253803l480D230226130.jpg?type=m101
45,9788956609959,,종의 기원,정유정,75.0,0.0,75.0,https://comicthumb-phinf.pstatic.net/20180712_82/pocket_1531350109568w09xN_JPEG/kpc60655016156411515519788956603681.jpg?type=m101
46,nan,9791140902194,싸울아비K 1권,대문호,0.0,74.0,74.0,https://img.millie.co.kr/200x/service/cover/179592939/0c3ffcf73c9d4229905adc12e3f7df4e.jpg
47,9788984059719,,"바바라 민토, 논리의 기술",바바라 민토,74.0,0.0,74.0,https://comicthumb-phinf.pstatic.net/20190818_31/pocket_1566082909825gjtBK_JPEG/kpc2082025241153627239788984059726.jpg?type=m101
48,9791168340770,,미움받을 용기,기시미 이치로,73.0,0.0,73.0,https://comicthumb-phinf.pstatic.net/20230113_276/pocket_1673568056212NYcN0_JPEG/kyobo8175047181817765076l9791168340770.jpg?type=m101
49,nan,9791198173836,세상 끝의 카페,존 스트레레키 지음 / 고상숙 옮김,0.0,73.0,73.0,https://img.millie.co.kr/200x/service/cover/179595232/3ccf7307739f47aa9e24e14127d08c41.jpg
50,9788937461033,,인간 실격,다자이 오사무,72.0,0.0,72.0,https://comicthumb-phinf.pstatic.net/20220822_213/pocket_1661155681944WfF11_JPEG/9788937494031_%C0%CE%B0%A3%BD%C7%B0%DD_v2.jpg?type=m101
51,nan,9791192403007,당신은 결국 무엇이든 해내는 사람,김상현,0.0,72.0,72.0,https://img.millie.co.kr/200x/service/cover/179564995/f8aabfe88d504cb1aecd1412220cb133.jpg
52,nan,9791192312378,지금보다 괜찮은 어른,김혜민,0.0,71.0,71.0,https://img.millie.co.kr/200x/service/cover/179589430/286570ca896f42fca28d0f9161d1b49b.jpg
53,9791130679365,,데일리 필로소피,라이언 홀리데이,71.0,0.0,71.0,https://comicthumb-phinf.pstatic.net/20211224_192/pocket_1640309246741i2P2R_JPEG/9791130679433.jpg?type=m101
54,9788942104741,,기독교가 직면한 12가지 질문,레베카 맥클러플린,70.0,0.0,70.0,https://comicthumb-phinf.pstatic.net/20230112_32/pocket_1673481847450a83zd_JPEG/kyobo5490139344741936542l9788942104741.jpg?type=m101
55,nan,9791161819709,지옥에서 돌아온 한대성 1권,갈색팬더,0.0,70.0,70.0,https://img.millie.co.kr/200x/service/cover/179595771/b72f1a8dc0bd40e7ba609912658b4bbd.jpg
56,9788946422278,,타인의 마음,김경일,69.0,0.0,69.0,https://comicthumb-phinf.pstatic.net/20221224_93/pocket_1671840148847eQcgO_JPEG/kyobo6264792582338202674l9788946422278.jpg?type=m101
57,nan,9791166706172,"자동사냥 돌렸는데, 내가 강해짐 1권",아바타,0.0,69.0,69.0,https://img.millie.co.kr/200x/service/cover/179594654/1572b12daff7473eade2e87ca846d841.jpg
58,9788984374546,,안젤리크,기욤 뮈소,67.0,0.0,67.0,https://comicthumb-phinf.pstatic.net/20230110_226/pocket_1673308938316dMfHX_JPEG/kyobo949747542945545634l9788984374546.jpg?type=m101
59,nan,9791130641072,만일 내가 인생을 다시 산다면,김혜남,0.0,67.0,67.0,https://img.millie.co.kr/200x/service/cover/179580677/ea926cd186014095befc4e647a6d5c0e.jpg
60,9791169891912,,무명초,최서해,66.0,0.0,66.0,https://comicthumb-phinf.pstatic.net/20230307_39/pocket_1678147213740OuLC4_JPEG/kyobo6928235542261038686l480D230309500.jpg?type=m101
61,nan,9791130697635,악인론,손수현,0.0,65.0,65.0,https://img.millie.co.kr/200x/service/cover/179593221/0188003bd7d44c49bdd5141835b6bde7.jpg
62,9791158741846,,한밤중의 심리학 수업,황양밍,65.0,0.0,65.0,https://comicthumb-phinf.pstatic.net/20230307_235/pocket_1678147219182cdOrd_JPEG/kyobo3224301115545126454l9791158741846.jpg?type=m101
63,9791140702428,,파이썬 코딩 도장 (epub3.0),남재윤,64.0,0.0,64.0,https://comicthumb-phinf.pstatic.net/20230126_51/pocket_16746876505181DJXk_JPEG/kpc71709674213590326379791140702862.jpg?type=m101
64,nan,9791197871276,주식 시세의 비밀,정재호(부자아빠),0.0,64.0,64.0,https://img.millie.co.kr/200x/service/cover/179593604/468410c57b024226ac26276ea6de1a0a.jpg
65,nan,9791165847739,집 밖은 위험해 1권,정민,0.0,63.0,63.0,https://img.millie.co.kr/200x/service/cover/179594642/aeb67c07db9540b58b71aeab140b21b7.jpg
66,9791165215286,,웹소설 써서 먹고삽니다 (epub3),정무늬,63.0,0.0,63.0,https://comicthumb-phinf.pstatic.net/20220919_161/pocket_1663595421312T9KnN_JPEG/KPC1000139060.jpg?type=m101
67,9788996539360,,합리적 남자,롤로 토마시,62.0,0.0,62.0,https://comicthumb-phinf.pstatic.net/20220729_257/pocket_1659054028693i4BJ5_JPEG/kyobo5257257883499457968l9788996539360.jpg?type=m101
68,nan,9791130697765,인생을 숙제처럼 살지 않기로 했다,웃따(나예랑),0.0,61.0,61.0,https://img.millie.co.kr/200x/service/cover/179591333/1a91bdfce9194d12b7cdc906f4ee88eb.jpg
69,9791165213862,,신호와 소음,네이트 실버,61.0,0.0,61.0,https://comicthumb-phinf.pstatic.net/20210204_164/pocket_1612393399284BBmJ4_JPEG/kpc80850506873544170499791165214722.jpg?type=m101
70,nan,9791187440383,알아두면 쓸데 있는 유쾌한 상식사전 1 : 일상생활 편,조홍석,0.0,60.0,60.0,https://img.millie.co.kr/200x/service/cover/15857635/dd26b7fadfd4407f81dd74e8aadfbf1e.jpg
71,9788956609454,,댓글부대,장강명,60.0,0.0,60.0,https://comicthumb-phinf.pstatic.net/20220919_129/pocket_1663595487730kY3Xt_JPEG/KPC1000079543.jpg?type=m101
72,nan,9791190313216,지적 대화를 위한 넓고 얕은 지식 0(제로),채사장 지음,0.0,59.0,59.0,https://img.millie.co.kr/200x/service/cover/179463933/299efaaf058b45a689628dcd5824faf0.jpg
73,nan,9791192097435,헛소리의 품격 (출판사 에디션),이승용,0.0,58.0,58.0,https://img.millie.co.kr/200x/service/cover/179593819/2f3a796d6cde4b4aa7c9a82bd0e330d1.jpg
74,9791158901714,,현대무용사상,김말복,58.0,0.0,58.0,https://comicthumb-phinf.pstatic.net/20170927_113/pocket_15064727432037OPWw_JPEG/kyobo4130093732100028221l9791158901714.jpg?type=m101
75,nan,9791192300412,신경 끄기 연습,나이토 요시히토 지음 / 김한나 옮김,0.0,57.0,57.0,https://img.millie.co.kr/200x/service/cover/179586758/dcbe94cb92ef4603ac1bc1bbf5695dea.jpg
76,9791130689890,,내가 틀릴 수도 있습니다,비욘 나티코 린데블라드,57.0,0.0,57.0,https://comicthumb-phinf.pstatic.net/20220428_172/pocket_1651130796605zpULv_JPEG/9791130690599.jpg?type=m101
77,nan,9791160893915,물고기는 존재하지 않는다,룰루 밀러 / 정지인,0.0,56.0,56.0,https://img.millie.co.kr/200x/service/cover/179555067/1f23ea1aee174b6e832b89f51e2e783b.jpg
78,9788954683371,,H마트에서 울다,미셸 자우너,56.0,0.0,56.0,https://comicthumb-phinf.pstatic.net/20230218_117/pocket_1676674985174d53b8_JPEG/kpc_etc14624164025338360519788954685474.jpg?type=m101
79,9791190182560,,인간 본성의 법칙,로버트 그린,55.0,0.0,55.0,https://comicthumb-phinf.pstatic.net/20190812_197/pocket_15655770734747v0RB_JPEG/__.jpg?type=m101
80,nan,9791158510640,타이탄의 도구들(블랙 에디션),"팀페리스 지음 / 박선령, 정지현 옮김",0.0,55.0,55.0,https://img.millie.co.kr/200x/service/cover/15653234/85ced2d0a76e4bb38b75ff85c51487cc.jpg
81,9788934986652,,어떻게 말해줘야 할까,오은영,54.0,0.0,54.0,https://comicthumb-phinf.pstatic.net/20201103_267/pocket_1604358258927DJnO9_JPEG/kpc85436139828835045159788934987994.jpg?type=m101
82,nan,9788954678551,천문학자는 별을 보지 않는다 ,심채경,0.0,54.0,54.0,https://img.millie.co.kr/200x/service/cover/179592885/860849dde7964f9f9fc0e3e5db30e4a7.jpg
83,9788937439933,,사랑의 이해,이혁진,53.0,0.0,53.0,https://comicthumb-phinf.pstatic.net/20190430_282/pocket_1556626756000eG5fN_JPEG/9788937439940__v1.jpg?type=m101
84,nan,9791187142690,데일 카네기 인간관계론,"데일카네기 지음, 임상훈 옮김",0.0,53.0,53.0,https://img.millie.co.kr/200x/service/cover/179464131/18b2d5b3977941a3bdce903531fc476d.jpg
85,nan,9791165347130,세컨드 브레인,티아고 포르테 저 / 서은경 역 ,0.0,52.0,52.0,https://img.millie.co.kr/200x/service/cover/179595036/2834aad86b174cd7a23eea6d9b9b9f11.jpg
86,9791163164883,,청년 주부 구운몽,강선우,52.0,0.0,52.0,https://comicthumb-phinf.pstatic.net/20230304_177/pocket_1677888305299ASnuC_JPEG/kyobo1251692559912879209l9791163164883.jpg?type=m101
87,9791196374846,,웃음,앙리 베르그손,51.0,0.0,51.0,https://comicthumb-phinf.pstatic.net/20220919_219/pocket_1663595600765yKPpD_JPEG/KPC1000149733.jpg?type=m101
88,nan,9788925525655,"하루 한 장, 인생 그림",이소영,0.0,51.0,51.0,https://img.millie.co.kr/200x/service/cover/179594301/d61244974b014b88ac051da24d04ce66.jpg
89,9791140701490,,퀀트 투자 무작정 따라하기,강환국,50.0,0.0,50.0,https://comicthumb-phinf.pstatic.net/20221014_144/pocket_1665702059536IkUYB_JPEG/kpc49408557884046585699791140701926.jpg?type=m101
90,nan,9791165341053,달러구트 꿈 백화점,이미예 지음,0.0,50.0,50.0,https://img.millie.co.kr/200x/service/cover/179467030/0a02d0ead74b4cbda9e8a945e1c125de.jpg
91,nan,9788959897100,트렌드 코리아 2023,"김난도, 전미영, 최지혜, 이수진, 권정윤, 이준영, 이향은, 한다혜, 이혜원, 추예린",0.0,49.0,49.0,https://img.millie.co.kr/200x/service/cover/179580688/d051803c00f240c49a22ccea403344ea.jpg
92,nan,9788901269634,당신은 생각보다 강하다,전미경,0.0,48.0,48.0,https://img.millie.co.kr/200x/service/cover/179595243/558f22d063bb4f86b51b601e44330416.jpg
93,9791130621999,,공간 혁명,세라 W. 골드헤이건,48.0,0.0,48.0,https://comicthumb-phinf.pstatic.net/20190819_39/pocket_1566201687636KMphj_JPEG/9791130625591.jpg?type=m101
94,nan,9791191119893,"하루 한 편, 세상에서 가장 짧은 명작 읽기 1",송정림 지음,0.0,47.0,47.0,https://img.millie.co.kr/200x/service/cover/179566743/ccb029b401504c3d8187528b938e69b5.jpg
95,9791165215477,,딥러닝 텐서플로 교과서 (epub3),서지영,47.0,0.0,47.0,https://comicthumb-phinf.pstatic.net/20220919_220/pocket_1663595577710zOWIw_JPEG/KPC1000139606.jpg?type=m101
96,9791191043754,,세상의 마지막 기차역,무라세 다케시,46.0,0.0,46.0,https://comicthumb-phinf.pstatic.net/20220719_176/pocket_1658194969709dlpP1_JPEG/x9791191043754.jpeg?type=m101
97,nan,9788962624854,챗GPT에게 묻는 인류의 미래,"김대식 지음 / 김민정, 권태형, 유병진, 유지윤, 추서연 옮김",0.0,46.0,46.0,https://img.millie.co.kr/200x/service/cover/179593607/ea53612595cc457fb50526b474372edd.jpg
98,nan,9788976045287,수상한 목욕탕,마쓰오 유미 지음 / 이수은 옮김,0.0,45.0,45.0,https://img.millie.co.kr/200x/service/cover/179571959/67f6f33181b24443b84a4edaeaed4db2.jpg
99,9788959893546,,"돈, 뜨겁게 사랑하고 차갑게 다루어라",앙드레 코스톨라니,44.0,0.0,44.0,https://comicthumb-phinf.pstatic.net/20220919_121/pocket_1663595307380o86pn_JPEG/KPC1000148515.jpg?type=m101
100,nan,9791166831898,영어 필사 100일의 기적,퍼포먼스 코치 리아,0.0,44.0,44.0,https://img.millie.co.kr/200x/service/cover/179551393/6eb29836e75c45dfba29bb4d50eacead.jpg
101,9788954624862,,대성당,레이먼드 카버,43.0,0.0,43.0,https://comicthumb-phinf.pstatic.net/20221130_188/pocket_1669762856001EXj7l_JPEG/kpc_etc81647610323707785479788954689205.jpg?type=m101
102,9788934991298,,나도 아직 나를 모른다,허지원,42.0,0.0,42.0,https://comicthumb-phinf.pstatic.net/20201112_223/pocket_1605135849866Q5R9U_JPEG/kpc58746189512622192889788934988564.jpg?type=m101
103,nan,9791169083188,세상의 모든 에블린에게 1화,주현,0.0,41.0,41.0,https://img.millie.co.kr/200x/service/cover/179594435/190d2379037c438eb57323f7c396a514.jpg
104,9791190885843,,일주일의 세계,김미월,41.0,0.0,41.0,https://comicthumb-phinf.pstatic.net/20221221_200/pocket_1671581577003ipaLn_JPEG/kyobo8953006306410886030l9791190885843.jpg?type=m101
105,nan,ISSN 12280798,엘르 ELLE 2023.03,ELLE 편집부,0.0,40.0,40.0,https://img.millie.co.kr/200x/service/cover/179595231/4004347f255746c2b9161dd0769ac7b9.jpg
106,9788937483943,,스티브 잡스,월터 아이작슨,40.0,0.0,40.0,https://comicthumb-phinf.pstatic.net/20120813_240/pocket_1344834972622grXhB_JPEG/067469651.jpg?type=m101
107,nan,9791191438420,거꾸로 읽는 세계사 ,유시민,0.0,39.0,39.0,https://img.millie.co.kr/200x/service/cover/179548661/fa73235df6ea4defbaab951472a38c9a.jpg
108,9788955966169,,STOP SMOKING 스탑 스모킹,알렌 카,39.0,0.0,39.0,https://comicthumb-phinf.pstatic.net//20150620_186/pocket_1434754821065FPwuK_JPEG/kpc46227294874084612449788955967227.jpg?type=m101
109,9791186659489,,소프트웨어 장인,산드로 만쿠소,38.0,0.0,38.0,https://comicthumb-phinf.pstatic.net//20151027_259/pocket_14459004603597kudd_JPEG/kpc27848845455602645359791186659748.jpg?type=m101
110,nan,9791191114232,작별 인사,김영하,0.0,38.0,38.0,https://img.millie.co.kr/200x/service/cover/179565562/31784c8bd7014784a967ffce38156dd3.jpg
111,9788973143177,,재미의 본질,김선진,37.0,0.0,37.0,https://comicthumb-phinf.pstatic.net/20181128_145/pocket_15433599698910FFmB_JPEG/kpc57237430537311441059788973143207.jpg?type=m101
112,nan,9791169083157,억지로 쉼표 찍기 1화,박상영,0.0,37.0,37.0,https://img.millie.co.kr/200x/service/cover/179593527/b2132e0c11d24f70a3d5981aaba3974d.jpg
113,9791190282130,,삶의 무기가 되는 속담 사전,권승호,36.0,0.0,36.0,https://comicthumb-phinf.pstatic.net/20220329_137/pocket_16485145635301nnVn_JPEG/kyobo6221361718507719990l9791190282130.jpg?type=m101
114,nan,9791157686391,인스타 브레인,"안데르스한센 지음, 김아영 옮김",0.0,36.0,36.0,https://img.millie.co.kr/200x/service/cover/179487156/2a4e6688ecec41758c02ea7aaee3e0ac.jpg
115,9791157062805,,미스터 프레지던트,탁현민,35.0,0.0,35.0,https://comicthumb-phinf.pstatic.net/20230207_267/pocket_1675728448304nSTxF_JPEG/kyobo239848752057251824l9791157062805.jpg?type=m101
116,9791190259248,,파워,제프리 페퍼,34.0,0.0,34.0,https://comicthumb-phinf.pstatic.net/20200620_4/pocket_1592614390094RwA2Q_JPEG/kyobo6559995194899379180l9791190259248.jpg?type=m101
117,nan,9791164955350,구원의 밤 1권,신민영,0.0,34.0,34.0,https://img.millie.co.kr/200x/service/cover/179591690/36c041824ad946f7845419f670cdf67b.jpg
118,9791168123540,,포스트모빌리티,차두원,33.0,0.0,33.0,https://comicthumb-phinf.pstatic.net/20221123_295/pocket_1669186004305Evo3D_JPEG/%C6%F7%BD%BA%C6%AE%B8%F0%BA%F4%B8%AE%C6%BC.jpg?type=m101
119,9788960517424,,래디컬 마켓,에릭 포즈너,32.0,0.0,32.0,https://comicthumb-phinf.pstatic.net/20191008_29/pocket_1570489221114Fchos_JPEG/kpc71370727635557123019788960517431.jpg?type=m101
120,nan,9791138402392,비밀,히가시노 게이고 지음 / 양윤옥 옮김,0.0,32.0,32.0,https://img.millie.co.kr/200x/service/cover/179593182/9e41c5c0d55442e496d9ff5e582d76b9.jpg
121,nan,9791168129085,매일 하면 좋은 생각,김유진,0.0,31.0,31.0,https://img.millie.co.kr/200x/service/cover/179589876/5a5e8a00a41445899259a24df1cda68d.jpg
122,9791196700584,,면접바이블 2.0,면접왕 이형,31.0,0.0,31.0,https://comicthumb-phinf.pstatic.net/20220511_214/pocket_16522309321335h0s0_JPEG/kyobo1120334707403856139l9791196700584.jpg?type=m101
123,9791165215330,,구글 클래스룸 무작정따라하기 (epub3),윤영규,30.0,0.0,30.0,https://comicthumb-phinf.pstatic.net/20220919_146/pocket_1663595494028rajXR_JPEG/KPC1000139365.jpg?type=m101
124,nan,9791192300252,마흔에 읽는 니체,장재형,0.0,30.0,30.0,https://img.millie.co.kr/200x/service/cover/179575201/a82e6ffa3f364692ac91a243c379de36.jpg
125,9788931011623,,사랑의 기술,에리히 프롬,29.0,0.0,29.0,https://comicthumb-phinf.pstatic.net/20230104_209/pocket_1672796519321NHVSt_JPEG/kyobo2137449038686377190l9788931011623.jpg?type=m101
126,9791165219246,,모두의 딥러닝 (epub3),조태호,28.0,0.0,28.0,https://comicthumb-phinf.pstatic.net/20230112_213/pocket_1673478303163GzCkq_JPEG/kpc37423624288340113939791165211875.jpg?type=m101
127,nan,9788998342302,마법의 돈 굴리기,김성일 지음,0.0,28.0,28.0,https://img.millie.co.kr/200x/service/cover/15652801/b184da3e27684343a086e5cce636c44a.jpg
128,9791188941896,,AI 지도책,케이트 크로퍼드,27.0,0.0,27.0,https://comicthumb-phinf.pstatic.net/20221228_59/pocket_1672185961920RL6gt_JPEG/kyobo7696539268412285777l9791188941896.jpg?type=m101
129,nan,9788937493447,데미안,헤르만 헤세 지음 / 전영애 옮김,0.0,27.0,27.0,https://img.millie.co.kr/200x/service/cover/179593874/faf2484da8c840ab8cd4e12aa6a91aba.jpg
130,nan,9791191154832,입술 좀 빌려주세요 1권,김소한,0.0,26.0,26.0,https://img.millie.co.kr/200x/service/cover/179595867/cda7de3540374e5f9c76d4e7a3c49f85.jpg
131,9791190337427,,햇빛초 대나무 숲에 새 글이 올라왔습니다,황지영,26.0,0.0,26.0,https://comicthumb-phinf.pstatic.net/20221105_151/pocket_1667602881304grkNm_JPEG/kpc56864933237733815409791167551375.jpg?type=m101
132,9788904082490,,강해 설교의 기술,데이비드 스트레인,25.0,0.0,25.0,https://comicthumb-phinf.pstatic.net/20230304_109/pocket_1677884401396qYa9P_JPEG/kpc16580294920146401389788904306725.jpg?type=m101
133,9791135482991,,영양의 비밀,프레드 프로벤자,24.0,0.0,24.0,https://comicthumb-phinf.pstatic.net/20200625_34/pocket_1593046973167POt1j_JPEG/image.JPEG?type=m101
134,nan,9791188331895,돈의 속성 200쇄 개정증보판,김승호 지음,0.0,24.0,24.0,https://img.millie.co.kr/200x/service/cover/179466986/d851b9223d534326933d8df61aabcbe4.jpg
135,nan,9791192123950,"어서 오세요, 휴남동 서점입니다",황보름,0.0,23.0,23.0,https://img.millie.co.kr/200x/service/cover/179559027/9c9968d647ef4c969428359aa4a1de41.jpg
136,9788990809575,,자유로서의 발전,아마르티아 센,23.0,0.0,23.0,https://comicthumb-phinf.pstatic.net/20220919_137/pocket_1663595678947nYNjj_JPEG/KPC1000139943.jpg?type=m101
137,nan,9788963190556,"사실은, 단 한 사람이면 되었다",정해연,0.0,22.0,22.0,https://img.millie.co.kr/200x/service/cover/179595085/341fef5af2c94ec9afd82a420c6133cc.jpg
138,9788951116445,,성어거스틴의 고백록,성 어거스틴,22.0,0.0,22.0,https://comicthumb-phinf.pstatic.net/20130910_188/pocket_1378772526798dKSWU_JPEG/kyobo2404247118328783808l9788951105630.jpg?type=m101
139,nan,9791187033905,망그러진 만화,유랑,0.0,21.0,21.0,https://img.millie.co.kr/200x/service/cover/179578801/d5cfdd9dc42646bb86a26308d7462e1f.jpg
140,9791162758274,,세무사 메이커 Q&A,신준철,21.0,0.0,21.0,https://comicthumb-phinf.pstatic.net/20191203_128/pocket_1575341812456uor4K_JPEG/x4801162758275.jpg?type=m101
141,9788932024530,,남과 북,엘리자베스 개스켈,20.0,0.0,20.0,https://comicthumb-phinf.pstatic.net//20150217_293/pocket_14241283132132MkOd_JPEG/kpc47310771040895002659788932024530.jpg?type=m101
142,nan,9788947599948,초거대 위협,누리엘 루비니 지음 / 박슬라 옮김,0.0,20.0,20.0,https://img.millie.co.kr/200x/service/cover/179593796/6253b6fecd9a4f0180fd20d8ce89a002.jpg
143,9788983711168,,오래된 연장통,전중환,19.0,0.0,19.0,https://comicthumb-phinf.pstatic.net/20170724_81/pocket_1500883928260LrNd9_JPEG/9788983714305___v1.jpg?type=m101
144,nan,9791170400110,지금 알고 있는 걸 그때도 알았더라면,류시화 ,0.0,19.0,19.0,https://img.millie.co.kr/200x/service/cover/179463925/e4fe17e9d4ab4e479080d84b29fbaa63.jpg
145,9791192488158,,나의 머니 로드,송민섭,18.0,0.0,18.0,https://comicthumb-phinf.pstatic.net/20230218_116/pocket_1676678990053BXQAG_JPEG/kyobo6543370967949895363l9791192488158.jpg?type=m101
146,9788934981732,,초공간,미치오 카쿠,17.0,0.0,17.0,https://comicthumb-phinf.pstatic.net/20180613_59/pocket_1528844407231SehkP_JPEG/kpc79745705133909810499788934981732.jpg?type=m101
147,nan,9791155636305,내 사랑은 끝나지 않는다,권서현,0.0,17.0,17.0,https://img.millie.co.kr/200x/service/cover/179548222/fda071a14a10436fb669668c2cacbb42.jpg
148,9791157526277,,현실을 이기는 복음,황덕영,16.0,0.0,16.0,https://comicthumb-phinf.pstatic.net/20200219_270/pocket_1582068192634RqwfS_JPEG/kpc67194109280198159549791157526710.jpg?type=m101
149,nan,9791191769364,삶의 목적을 찾는 45가지 방법,챗GPT 지음 / AI 파파고 옮김 / 셔터스톡AI 일러스트 / 서진 기획,0.0,16.0,16.0,https://img.millie.co.kr/200x/service/cover/179593565/d0acf9dec5824901a60cba6ffec6b5f1.jpg
150,nan,9791191777161,게으른 뇌에 행동 스위치를 켜라,오히라 노부타카,0.0,15.0,15.0,https://img.millie.co.kr/200x/service/cover/179562669/27c7fc178ef14adfa47f0f40df26799e.jpg
151,9788954615044,,해리엇,한윤섭,15.0,0.0,15.0,https://comicthumb-phinf.pstatic.net//20160920_84/pocket_1474326071028zN6n7_JPEG/kpc_etc14107724101423786039788954632300.jpg?type=m101
152,9788937460883,,오만과 편견,제인 오스틴,14.0,0.0,14.0,https://comicthumb-phinf.pstatic.net/20220818_80/pocket_1660815535227xVbmY_JPEG/9788937493881_%BF%C0%B8%B8%B0%FA%C6%ED%B0%DF_v2.jpg?type=m101
153,9788984079908,,세금의 흑역사,마이클 킨,13.0,0.0,13.0,https://comicthumb-phinf.pstatic.net/20230203_138/pocket_1675382460555xmdIG_JPEG/kyobo1784994401433494976l9788984079908.jpg?type=m101
154,9791160947236,,다이너마이트,김민령,12.0,0.0,12.0,https://comicthumb-phinf.pstatic.net/20211007_277/pocket_16335612561062xoml_JPEG/kpc11423056000752947889791160948615.jpg?type=m101
155,nan,9791169083195,지금 굶으러 갑니다 0화,오세연,0.0,12.0,12.0,https://img.millie.co.kr/200x/service/cover/179594904/92e21c4789c145828bcb2166d97dc9ca.jpg
156,nan,9791169083072,[독점] 전략적 계약 결혼의 목적,이진희,0.0,11.0,11.0,https://img.millie.co.kr/200x/service/cover/179593049/e3c23411df8a458795778cd9ce4f7ffc.jpg
157,9791168123557,,로열 패밀리,정유경,11.0,0.0,11.0,https://comicthumb-phinf.pstatic.net/20220803_215/pocket_1659511826997wYDvJ_JPEG/%B7%CE%BF%AD_%C6%D0%B9%D0%B8%AE.jpg?type=m101
158,9791198129109,,베싸육아,박정은,10.0,0.0,10.0,https://comicthumb-phinf.pstatic.net/20230204_140/pocket_1675470602458OUI0b_JPEG/kyobo5649186400579029536l9791198129109.jpg?type=m101
159,nan,9791191485110,엄마가 물고기를 낳았어,진고로호,0.0,10.0,10.0,https://img.millie.co.kr/200x/service/cover/179591069/2bf18fe0d3454ef891c9ce8f3d468e2b.jpg
160,9788937460067,,허클베리 핀의 모험,마크 트웨인,9.0,0.0,9.0,https://comicthumb-phinf.pstatic.net/20220822_253/pocket_1661150414757Nk0yL_JPEG/9788937493065_%C7%E3%C5%AC%BA%A3%B8%AE%C7%C9%C0%C7%B8%F0%C7%E8_v2.jpg?type=m101
161,nan,9791133444205,너의 이름은。,신카이 마코토 글,0.0,9.0,9.0,https://img.millie.co.kr/200x/service/cover/179545441/1896a72a31b44551ac6ad6f8d6e2d0b4.jpg
162,9788953143340,,팀 켈러의 용서를 배우다,팀 켈러,8.0,0.0,8.0,https://comicthumb-phinf.pstatic.net/20221227_264/pocket_1672099890113Q6Gzu_JPEG/kyobo8963668185946125880l9788953143340.jpg?type=m101
163,9791140701353,,데이터는 어떻게 인생의 무기가 되는가,세스 스티븐스 다비도위츠,7.0,0.0,7.0,https://comicthumb-phinf.pstatic.net/20221007_58/pocket_1665097271692dWuLl_JPEG/kpc76673014688746101949791140701841.jpg?type=m101
164,nan,9791170400080,오늘도 네가 있어 마음속 꽃밭이다,나태주 지음,0.0,7.0,7.0,https://img.millie.co.kr/200x/service/cover/179460305/7b401f4ca7be43f991da9d52ca5fd670.jpg
165,9791140702725,,무조건 합격하는 암기의 기술,이윤규,6.0,0.0,6.0,https://comicthumb-phinf.pstatic.net/20230119_79/pocket_1674083244200AwWeM_JPEG/kpc51851891711330023109791140703180.jpg?type=m101
166,nan,9791166812934,데일 카네기 자기관리론,"데일카네기 지음, 임상훈 옮김",0.0,6.0,6.0,https://image.aladin.co.kr/product/26057/28/letslook/K432737052_f.jpg
167,9788965965602,,당신은 이미 읽혔다,앨런 피즈,5.0,0.0,5.0,https://comicthumb-phinf.pstatic.net/20230301_300/pocket_1677629061940aQxwb_JPEG/kyobo2502159756303786753l9788965965602.jpg?type=m101
168,9788983712448,,여자가 섹스를 하는 237가지 이유,데이비드 버스,4.0,0.0,4.0,https://comicthumb-phinf.pstatic.net/20230109_161/pocket_1673247133607pt4Ic_JPEG/9791192107288_%BF%A9%C0%DA%B0%A1%BC%BD%BD%BA%B8%A6%C7%CF%B4%C2237%B0%A1%C1%F6%C0%CC%C0%AF_v1.jpg?type=m101
169,nan,9788901245560,기분이 태도가 되지 않게,"레몬심리 지음, 박영란 옮김",0.0,4.0,4.0,https://img.millie.co.kr/200x/service/cover/179470523/dfd38655ee5a46599875bf371ba67324.jpg
170,9788901269092,,죽음이란 무엇인가,셸리 케이건,3.0,0.0,3.0,https://comicthumb-phinf.pstatic.net/20230223_117/pocket_1677118963848BiiEm_JPEG/%C1%D7%C0%BD%C0%CC%B6%F5_%B9%AB%BE%F9%C0%CE%B0%A1%28%B8%AE%C4%BF%B9%F6%29_%C7%A5%C1%F6.jpg?type=m101
171,nan,9788901233918,클루지,"개리마커스 지음, 최호영 옮김",0.0,2.0,2.0,https://img.millie.co.kr/200x/service/cover/1605051/196963723e324b86beaddd2eef48b7bb.jpg
172,9788934935605,,죽은 경제학자의 살아있는 아이디어,토드 부크홀츠,2.0,0.0,2.0,https://comicthumb-phinf.pstatic.net/20220919_236/pocket_1663595418845xJn1V_JPEG/KPC1000078764.jpg?type=m101
173,9788937434747,,시나리오란 무엇인가,시드 필드,1.0,0.0,1.0,https://comicthumb-phinf.pstatic.net/20180727_287/pocket_1532679761383ezhqE_JPEG/9788937434754__v1.jpg?type=m101
174,nan,9791164797998,사라진 여자들,메리 쿠비카 / 신솔잎,0.0,1.0,1.0,https://img.millie.co.kr/200x/service/cover/179579859/2f53fa3c768745b49ca37cce99455f5c.jpg
