9791192527215,어린이/청소년,우리 함께 빛날래! ,아니 제,9500,0.0,전체 이용가,https://comicthumb-phinf.pstatic.net/20230311_268/pocket_1678493014592B2QNb_JPEG/kyobo161656180651722560l9791192527215.jpg?type=m260
9791192527208,어린이/청소년,나의 길을 달릴래! (강아지랑 춤출래/나의 길을 달릴래) ,아니 제,9500,0.0,전체 이용가,https://comicthumb-phinf.pstatic.net/20230311_202/pocket_16784930237501mYDk_JPEG/kyobo6934102132992469960l9791192527208.jpg?type=m260
9791192527185,어린이/청소년,강아지랑 춤출래! ,아니 제,9500,0.0,전체 이용가,https://comicthumb-phinf.pstatic.net/20230311_201/pocket_1678493031768y6l4P_JPEG/kyobo6464039903951322795l9791192527185.jpg?type=m260
9791162182413,어린이/청소년,"열 살, 맹자를 만나다 ",최이정,10400,0.0,전체 이용가,https://comicthumb-phinf.pstatic.net/20230311_31/pocket_1678493040332kwGjV_JPEG/kyobo8140344378364366652l9791162182413.jpg?type=m260
9791198145710,어린이/청소년,너의 이름은 빠사삭 ,신전향,10000,0.0,전체 이용가,https://comicthumb-phinf.pstatic.net/20230309_251/pocket_1678320036522FA52J_JPEG/kyobo942044104163835157l9791198145710.jpg?type=m260
9791163400691,어린이/청소년,두근두근 마음이 말해요 (마음 표현하기) ,박윤경,8000,0.0,전체 이용가,https://comicthumb-phinf.pstatic.net/20230309_229/pocket_1678320183901RmP7q_JPEG/kyobo3151205880895615344l9791163400691.jpg?type=m260
9791168221406,어린이/청소년,몬스터 내니 6 (영원한 이별) ,투티키 톨로넨,12000,0.0,전체 이용가,https://comicthumb-phinf.pstatic.net/20230309_184/pocket_1678320443807l0eln_JPEG/kyobo2497929509165541322l9791168221406.jpg?type=m260
9791168221390,어린이/청소년,몬스터 내니 5 (지하세계에서 온 소식) ,투티키 톨로넨,12000,0.0,전체 이용가,https://comicthumb-phinf.pstatic.net/20230309_80/pocket_1678320451624Nm77d_JPEG/kyobo5061180524193580105l9791168221390.jpg?type=m260
9791168221048,어린이/청소년,"몬스터 내니 4 (지하세계의 무시무시한 지배자와 위대한 영혼,Monster Route) ",투티키 톨로넨,12000,0.0,전체 이용가,https://comicthumb-phinf.pstatic.net/20230309_230/pocket_1678320458547snzEq_JPEG/kyobo1338639757713642988l9791168221048.jpg?type=m260
9791168221031,어린이/청소년,"몬스터 내니 3 (지하세계로 사라진 아이들,Monster Route) ",투티키 톨로넨,12000,0.0,전체 이용가,https://comicthumb-phinf.pstatic.net/20230309_203/pocket_16783200657745v3yL_JPEG/kyobo1258193180856201728l9791168221031.jpg?type=m260
9791160808834,어린이/청소년,"역사를 질문하는 역사 2 (근현대 한국사, 생각을 여는 질문으로 사고력을 키우는 역사 토론 수업, 개정판) ",최광영,11550,0.0,전체 이용가,https://comicthumb-phinf.pstatic.net/20230309_152/pocket_1678320474402DhhBf_JPEG/kyobo4354830658556958220l9791160808834.jpg?type=m260
9791160808872,어린이/청소년,"역사를 질문하는 역사 1 (전근대 한국사, 곰곰문고 16, 생각을 여는 질문으로 사고력을 키우는 역사 토론 수업) ",김선진,11550,0.0,전체 이용가,https://comicthumb-phinf.pstatic.net/20230309_105/pocket_1678320465003gFBEm_JPEG/kyobo5459378643795959031l9791160808872.jpg?type=m260
9791158741853,어린이/청소년,어른이 되기 전에 꼭 한 번은 논어를 읽어라 2 (청소년을 위한 논어) ,판덩,11760,0.0,전체 이용가,https://comicthumb-phinf.pstatic.net/20230307_281/pocket_1678147322205CKqMa_JPEG/kyobo3384345260528188455l9791158741853.jpg?type=m260
9791165733667,어린이/청소년,초원의 명탐정 몽구리 (요리 대회의 비밀을 밝혀라) ,양자현,9100,0.0,전체 이용가,https://comicthumb-phinf.pstatic.net/20230304_127/pocket_1677888231076nMpa1_JPEG/kyobo7429365976691997598l9791165733667.jpg?type=m260
9791165732981,어린이/청소년,내 맘대로 엉뚱 구구단 (바람어린이책 19) ,송재환,8400,0.0,전체 이용가,https://comicthumb-phinf.pstatic.net/20230304_233/pocket_1677888273696llQ52_JPEG/kyobo8640054282346046467l9791165732981.jpg?type=m260
9791165733568,어린이/청소년,개마법사 쿠키와 일요일의 돈가스 ,이승민,9100,0.0,전체 이용가,https://comicthumb-phinf.pstatic.net/20230304_178/pocket_1677888289761AP9jC_JPEG/kyobo9154804601071880164l9791165733568.jpg?type=m260
9791166834943,어린이/청소년,죽어도 아이돌 ,이지은,9100,0.0,전체 이용가,https://comicthumb-phinf.pstatic.net/20230303_81/pocket_16777983139805LOr8_JPEG/kpc59077608966715508629791166835186.jpg?type=m260
9791140703401,어린이/청소년,뉴비의 로블록스 모험 일기 : 피기 (epub3.0) ,로블록시아 키드,10200,0.0,전체 이용가,https://comicthumb-phinf.pstatic.net/20230303_286/pocket_1677798554469jJwXT_JPEG/kpc74985758643636150419791140703654.jpg?type=m260
9791140702459,어린이/청소년,뉴비의 로블록스 모험 일기 : 벌떼 시뮬레이터 (epub3.0) ,로블록시아 키드,10200,0.0,전체 이용가,https://comicthumb-phinf.pstatic.net/20230303_43/pocket_16777985603753q1bv_JPEG/kpc47387893726431654569791140703647.jpg?type=m260
9791165733032,어린이/청소년,도시 어부 챔피언 (바람어린이책 20) ,남온유,9100,0.0,전체 이용가,https://comicthumb-phinf.pstatic.net/20230303_46/pocket_16778026585890rxlD_JPEG/kyobo4006250963411457496l9791165733032.jpg?type=m260
9791168125551,어린이/청소년,로열 로드에서 만나 ,이희영,9450,0.0,전체 이용가,https://comicthumb-phinf.pstatic.net/20230303_141/pocket_16778276331765qNIl_JPEG/%B7%CE%BF%AD_%B7%CE%B5%E5%BF%A1%BC%AD_%B8%B8%B3%AA.jpg?type=m260
9791191013498,어린이/청소년,"상처 주는 말 하는 친구에게 똑똑하게 말하는 법 (화내지 않고, 참지 않고, 울지 않는 마법의 표현 59) ",김윤나,9100,0.0,전체 이용가,https://comicthumb-phinf.pstatic.net/20230301_208/pocket_1677628882336OiS9s_JPEG/kyobo2866460402718308423l9791191013498.jpg?type=m260
9788950968113,어린이/청소년,이런 공부법은 처음이야 (내 인생 최고의 공부는 오늘부터 시작된다) ,신종호,14240,0.0,전체 이용가,https://comicthumb-phinf.pstatic.net/20230302_226/pocket_1677715902137HCfyd_JPEG/%C0%CC%B7%B1_%B0%F8%BA%CE%B9%FD%C0%BA_%C3%B3%C0%BD%C0%CC%BE%DF%28540-810%29.jpg?type=m260
9791165813437,어린이/청소년,"#미투, 그리고 나와 너 ",헬리 본디,10500,0.0,전체 이용가,https://comicthumb-phinf.pstatic.net/20230228_56/pocket_1677542615799KHXK6_JPEG/kyobo8943377604549600841l9791165813437.jpg?type=m260
9788970443751,어린이/청소년,청소년을 위한 중요 과학법칙 169 (교과서보다 쉬운 연대별 과학이야기) ,윤실,19000,0.0,전체 이용가,https://comicthumb-phinf.pstatic.net/20230301_25/pocket_1677629606393v7c9B_JPEG/kyobo2847567406377320968l9788970443751.jpg?type=m260
9788934909873,어린이/청소년,이상한 초대장 1 (아이스크림의 비밀) ,박현숙,7880,0.0,전체 이용가,https://comicthumb-phinf.pstatic.net/20230225_237/pocket_1677279663559a1TXy_JPEG/kpc30989012196291534619788934909873.jpg?type=m260
9791170411109,어린이/청소년,사슴섬의 눈썹달 (글라이더 문고 2) ,서동애,13000,0.0,전체 이용가,https://comicthumb-phinf.pstatic.net/20230224_92/pocket_1677196980345Eho82_JPEG/kyobo7510990528353010409l9791170411109.jpg?type=m260
9791191917260,어린이/청소년,일주일 왕따 (마루비 어린이문학 12) ,최은영,8400,0.0,전체 이용가,https://comicthumb-phinf.pstatic.net/20230224_6/pocket_1677197056931DMv9n_JPEG/kyobo3143601204866462364l9791191917260.jpg?type=m260
9788961556675,어린이/청소년,몽당분교 올림픽 ,김형진,7700,0.0,전체 이용가,https://comicthumb-phinf.pstatic.net/20230303_173/pocket_1677802625465DvUL5_JPEG/kyobo5539051265278460783l9788961556675.jpg?type=m260
9788961557481,어린이/청소년,100층 도서관 (공책도깨비와 고양이 고이의 인문 여행) ,이상배,8400,0.0,전체 이용가,https://comicthumb-phinf.pstatic.net/20230303_106/pocket_1677803014588TIGd6_JPEG/kyobo5050865863137328725l9788961557481.jpg?type=m260
9788961559010,어린이/청소년,작지만 사랑해 ,나태주,8400,0.0,전체 이용가,https://comicthumb-phinf.pstatic.net/20230303_155/pocket_1677802286534TbuUH_JPEG/kyobo2084769525561149679l9788961559010.jpg?type=m260
9788961559027,어린이/청소년,작지만 행복해 ,나태주,8400,0.0,전체 이용가,https://comicthumb-phinf.pstatic.net/20230303_159/pocket_16778024032573ELTE_JPEG/kyobo4101728992185338906l9788961559027.jpg?type=m260
9788968305269,어린이/청소년,거짓말이 가득한 학교 ,구메 에미리,9800,0.0,전체 이용가,https://comicthumb-phinf.pstatic.net/20230224_273/pocket_167719813443743uux_JPEG/kyobo8145775041599251754l9788968305269.jpg?type=m260
9791192183206,어린이/청소년,"벅벅, 내가 대머리라니! (마음잇는아이 16) ",윤주성,8400,0.0,전체 이용가,https://comicthumb-phinf.pstatic.net/20230223_130/pocket_1677111622074yPoiH_JPEG/kyobo4090319546013047051l9791192183206.jpg?type=m260
9791168125179,어린이/청소년,13의 얼굴 (이 사건은 어린이 프로파일러가 맡겠습니다) ,김다노,9100,0.0,전체 이용가,https://comicthumb-phinf.pstatic.net/20230223_237/pocket_1677127112430jHU1L_JPEG/13%C0%C7_%BE%F3%B1%BC.jpg?type=m260
9791192655079,어린이/청소년,딱 3일만 ,김정미,9100,0.0,전체 이용가,https://comicthumb-phinf.pstatic.net/20230223_190/pocket_16771272239133zkKa_JPEG/%B5%FC_3%C0%CF%B8%B8.jpg?type=m260
9791140703142,어린이/청소년,코딩수학동화 팜 1 : 숫자 농장 (epub3.0) ,홍지연,12000,0.0,전체 이용가,https://comicthumb-phinf.pstatic.net/20230221_41/pocket_1676934047597vKlwU_JPEG/kpc18593003942544781089791140703524.jpg?type=m260
9791158741839,어린이/청소년,고교학점제를 완성하는 진로 로드맵 : 경영·빅데이터계열 (경영·빅데이터계열) ,정유희,12460,0.0,전체 이용가,https://comicthumb-phinf.pstatic.net/20230221_82/pocket_16769384369271XYnG_JPEG/kyobo4983915500310073708l9791158741839.jpg?type=m260
9788965464082,어린이/청소년,메이슨 버틀이 말하는 진실 ,레슬리 코너,11000,0.0,전체 이용가,https://comicthumb-phinf.pstatic.net/20230221_214/pocket_1676938624234QuAuQ_JPEG/kyobo7535442141865759348l9788965464082.jpg?type=m260
9791138815420,어린이/청소년,몇 번 메타버스를 타야 학교로 가나요? (조금은 느린 자폐성 발달장애 우리 아이. 온라인 블록 세계를 통해 세상과 소통하는 성장 스토리) ,Reborn Kim,9400,0.0,전체 이용가,https://comicthumb-phinf.pstatic.net/20230221_288/pocket_16769386465853T2Fm_JPEG/kyobo3945772533336259271l9791138815420.jpg?type=m260
9788969024565,어린이/청소년,"타이중의 메아리, 조명하 ",한상식,8400,0.0,전체 이용가,https://comicthumb-phinf.pstatic.net/20230218_271/pocket_1676674877858xwIzP_PNG/kpc23988165756817198589788969025425.png?type=m260
9788969025364,어린이/청소년,안개요괴 ,최미정,8400,0.0,전체 이용가,https://comicthumb-phinf.pstatic.net/20230218_62/pocket_1676674916048txuLB_JPEG/kpc79154501973818121909788969025449.jpg?type=m260
9788969525307,어린이/청소년,진짜 수학 공부법 (류승재 특급 비법) ,류승재,10500,0.0,전체 이용가,https://comicthumb-phinf.pstatic.net/20230218_199/pocket_1676678556545KcI3W_JPEG/kyobo7867631883811176918l9788969525307.jpg?type=m260
9788961708906,어린이/청소년,이야기는 힘이 세다 (김시습의 금오신화) ,김시습 원저,9700,0.0,전체 이용가,https://comicthumb-phinf.pstatic.net/20230220_113/pocket_1676851257779xHSlj_JPEG/kyobo5367488170613122612l9788961708906.jpg?type=m260
9791170265320,어린이/청소년,"디지털 미래의 어두운 그림자, 전자 쓰레기 이야기 (환경 오염, 아동 노동, 자원 고갈, 국가 간 쓰레기 문제! 디지털 세상에 더욱 심각해지는 전자 쓰레기!) ",김지현,9000,0.0,전체 이용가,https://comicthumb-phinf.pstatic.net/20230217_273/pocket_1676592251630j2f8V_JPEG/kyobo186761074428584034l9791170265320.jpg?type=m260
9791170265443,어린이/청소년,기쁨 아파트에 긴 머리 귀신이 나타났다! (나누는 기쁨에 대해 일깨워 주고 즐겁게 나눔을 실천하는 생활동화) ,박하연,7700,0.0,전체 이용가,https://comicthumb-phinf.pstatic.net/20230217_29/pocket_16765922649110gNcg_JPEG/kyobo8949199620469942466l9791170265443.jpg?type=m260
9791160949797,어린이/청소년,기소영의 친구들 (제2회 사계절어린이문학상 대상 수상작) ,정은주,8400,0.0,전체 이용가,https://comicthumb-phinf.pstatic.net/20230216_300/pocket_1676502001496f6mzc_JPEG/kpc15867695963721782709791169810050.jpg?type=m260
9791159098369,어린이/청소년,(직업탐구) 10대를 위한 세계미래보고서 2035-2055 (새롭게 탄생할 미래 직업) ,박영숙,9000,0.0,전체 이용가,https://comicthumb-phinf.pstatic.net/20230216_114/pocket_1676505881843hMNDk_JPEG/kyobo9007609738545289409l9791159098369.jpg?type=m260
9791159098352,어린이/청소년,(사회탐구) 10대를 위한 세계미래보고서 2035-2055 (미리 가 본 미래 세상) ,박영숙,9000,0.0,전체 이용가,https://comicthumb-phinf.pstatic.net/20230216_97/pocket_16765058944943nke3_JPEG/kyobo1112030109489098126l9791159098352.jpg?type=m260
9788963724140,어린이/청소년,#마이 네임 ,구로카와 유코,9100,0.0,전체 이용가,https://comicthumb-phinf.pstatic.net/20230216_172/pocket_1676506068544eALHJ_JPEG/kyobo3409746785609389606l9788963724140.jpg?type=m260
9788993870312,어린이/청소년,"우리나라 유물유적에 신기한 과학이 숨어 있어요! (고인돌부터 수원 화성까지, 역사를 공부했더니 과학이 보여요!) ",이영란,10150,0.0,전체 이용가,https://comicthumb-phinf.pstatic.net/20230215_118/pocket_1676419688552xwEsd_JPEG/kyobo9095969200217362374l9788993870312.jpg?type=m260
9791160948974,어린이/청소년,자꾸자꾸 책방 ,안미란,8400,0.0,전체 이용가,https://comicthumb-phinf.pstatic.net/20230214_75/pocket_1676329371338cY3ky_JPEG/kpc42097527029371395089791160947656.jpg?type=m260
9788965743811,어린이/청소년,위대한 시작 (고도원의 꿈꾸는 링컨학교) ,고도원,10200,0.0,전체 이용가,https://comicthumb-phinf.pstatic.net/20230214_222/pocket_1676329422245cRVhT_JPEG/kpc74267421998179596129788965743811.jpg?type=m260
9788932039879,어린이/청소년,상어 이빨 ,안나 볼츠,8400,0.0,전체 이용가,https://comicthumb-phinf.pstatic.net/20230211_72/pocket_1676070002533zV2RA_JPEG/kpc55954285016797207079788932041254.jpg?type=m260
9791162182383,어린이/청소년,"궁금했어, 탄소 중립 ",윤상석,11040,0.0,전체 이용가,https://comicthumb-phinf.pstatic.net/20230211_167/pocket_1676073851216L79Tm_JPEG/kyobo8984704794956467641l9791162182383.jpg?type=m260
9791191426373,어린이/청소년,궁금해요! 위생학 (초등학생을 위한 유쾌한 교양 수업) ,미야자키 미사코,9800,0.0,전체 이용가,https://comicthumb-phinf.pstatic.net/20230210_49/pocket_1675990342180LvGhE_JPEG/kyobo9100938339118272161l9791191426373.jpg?type=m260
9791158741815,어린이/청소년,슈퍼리치보다 해피리치를 꿈꿔라 (청소년을 위한 부자 인문학) ,한지우,11760,0.0,전체 이용가,https://comicthumb-phinf.pstatic.net/20230210_110/pocket_16759903803820kCey_JPEG/kyobo7701787855100505240l9791158741815.jpg?type=m260
9788954448697,어린이/청소년,우리는 모두 장거리 비행 중이야! ,조은정,9450,0.0,전체 이용가,https://comicthumb-phinf.pstatic.net/20230210_136/pocket_1675990597779ThGXw_JPEG/kyobo4368690227758969769l9788954448697.jpg?type=m260
9791168125674,어린이/청소년,대장장이 왕 2 (에이어리가 깨달음을 얻어 디하우트의 유산에 접근한다) ,허교범,11760,0.0,전체 이용가,https://comicthumb-phinf.pstatic.net/20230210_183/pocket_1676016662207TvgtW_JPEG/%B4%EB%C0%E5%C0%E5%C0%CC_%BF%D5_2.jpg?type=m260
9791158741822,어린이/청소년,세상에서 가장 쉬운 재미있는 물리 (계산식 하나 없는 발칙한 물리 수업) ,미사와 신야,12460,0.0,전체 이용가,https://comicthumb-phinf.pstatic.net/20230209_95/pocket_1675900812407V9Y96_JPEG/kyobo7604077278777972066l9791158741822.jpg?type=m260
9791191826227,어린이/청소년,벼랑 (중학교 국어교과서 수록도서) ,이금이,9100,0.0,전체 이용가,https://comicthumb-phinf.pstatic.net/20230209_292/pocket_1675901590491q9UfE_JPEG/kyobo8845850680316969616l9791191826227.jpg?type=m260
9791162181515,어린이/청소년,"안녕, 바다 안녕, 별주부 ",장지혜,8260,0.0,전체 이용가,https://comicthumb-phinf.pstatic.net/20230209_158/pocket_1675901668459URwc0_JPEG/kyobo4594151445484212973l9791162181515.jpg?type=m260
9791189653347,어린이/청소년,왜 동물원이 문제일까? (10대에게 들려주는 동물원 이야기) ,전채은,9000,0.0,전체 이용가,https://comicthumb-phinf.pstatic.net/20230209_84/pocket_1675901714959LvFhb_JPEG/kyobo5048741454343083091l9791189653347.jpg?type=m260
9791162182239,어린이/청소년,"열 살, 사기 열전을 만나다 ",장은영,10400,0.0,전체 이용가,https://comicthumb-phinf.pstatic.net/20230209_109/pocket_16759045504719Y8ru_JPEG/kyobo2125124719026792954l9791162182239.jpg?type=m260
9791167960108,어린이/청소년,왜 바이러스가 문제일까? (10대에게 들려주는 바이러스 이야기) ,유윤한,10000,0.0,전체 이용가,https://comicthumb-phinf.pstatic.net/20230209_136/pocket_16759045821853SFaA_JPEG/kyobo2214207774159703063l9791167960108.jpg?type=m260
9791167960641,어린이/청소년,왜 개인주의가 문제일까? (10대에게 들려주는 개인주의 이야기) ,배민,10000,0.0,전체 이용가,https://comicthumb-phinf.pstatic.net/20230209_155/pocket_1675904586553QdAhp_JPEG/kyobo897194047234231599l9791167960641.jpg?type=m260
9791162182154,어린이/청소년,"좋은 정치란 어떤 것일까요? (궁금했어, 정치) ",김준형,10400,0.0,전체 이용가,https://comicthumb-phinf.pstatic.net/20230209_294/pocket_1675904620415OJtu2_JPEG/kyobo1385855825478566871l9791162182154.jpg?type=m260
9791162182284,어린이/청소년,"궁금했어, 첨단 소재 ",권경숙,11040,0.0,전체 이용가,https://comicthumb-phinf.pstatic.net/20230209_164/pocket_16759052551010ySKz_JPEG/kyobo78291227841187619l9791162182284.jpg?type=m260
9791160949216,어린이/청소년,비밀 숙제 ,김다노,9100,10.0,전체 이용가,https://comicthumb-phinf.pstatic.net/20230207_120/pocket_1675724434371bQSOX_JPEG/kpc84826444383433890159791169810067.jpg?type=m260
9788964461990,어린이/청소년,온 세상이 사회 교과서 ,전국사회교사모임,13000,0.0,전체 이용가,https://comicthumb-phinf.pstatic.net/20230207_122/pocket_1675728182777DYXYu_JPEG/kyobo1135100264895573733l9788964461990.jpg?type=m260
9788964460009,어린이/청소년,우리가 폭력이라 부르는 것들 (교과서에서 배웠지만 잘 몰랐던 폭력 이야기) ,전국도덕교사모임,14000,0.0,전체 이용가,https://comicthumb-phinf.pstatic.net/20230207_48/pocket_1675728189718m5naq_JPEG/kyobo7388110935140069029l9788964460009.jpg?type=m260
9788954770569,어린이/청소년,사건분석관K : 미래범죄 수사일지 (미래범죄 수사일지) ,소현수,9800,0.0,전체 이용가,https://comicthumb-phinf.pstatic.net/20230204_291/pocket_16754708269634vTTP_JPEG/kyobo5118086316165496248l9788954770569.jpg?type=m260
9788991742253,어린이/청소년,"강치야, 독도 강치야 ",김일광,6300,0.0,전체 이용가,https://comicthumb-phinf.pstatic.net/20230202_221/pocket_16752961426496P9m3_JPEG/kyobo1548944010151333875l9788991742253.jpg?type=m260
9791188909476,어린이/청소년,놀자의 소원 ,이붕,7700,0.0,전체 이용가,https://comicthumb-phinf.pstatic.net/20230202_115/pocket_16752967797784MV3A_JPEG/kyobo161778583141334348l9791188909476.jpg?type=m260
9791188909810,어린이/청소년,돈은 돌고 돌아 돈이래요 ,이정원,8400,0.0,전체 이용가,https://comicthumb-phinf.pstatic.net/20230202_159/pocket_1675296789278vXkP1_JPEG/kyobo4786157321457335254l9791188909810.jpg?type=m260
9791188909124,어린이/청소년,된장국과 크루아상 ,박향희,6700,0.0,전체 이용가,https://comicthumb-phinf.pstatic.net/20230202_127/pocket_1675296795742G07w3_JPEG/kyobo1275080447684772830l9791188909124.jpg?type=m260
9788991742819,어린이/청소년,똥개가 된 우리 아빠 ,유지은,6700,0.0,전체 이용가,https://comicthumb-phinf.pstatic.net/20230202_192/pocket_1675296802108dijcQ_JPEG/kyobo3911540551551441553l9788991742819.jpg?type=m260
9788991742789,어린이/청소년,사라진 산 ,김일광,7700,0.0,전체 이용가,https://comicthumb-phinf.pstatic.net/20230202_22/pocket_1675296809880TmeTt_JPEG/kyobo282258485391853502l9788991742789.jpg?type=m260
9788991742321,어린이/청소년,서천꽃밭 한락궁이 ,김춘옥,7700,0.0,전체 이용가,https://comicthumb-phinf.pstatic.net/20230202_285/pocket_1675296815996Orn9I_JPEG/kyobo605998574883326753l9788991742321.jpg?type=m260
9791188909346,어린이/청소년,수상한 캠프 ,이라야,7700,0.0,전체 이용가,https://comicthumb-phinf.pstatic.net/20230202_198/pocket_1675296830221wbrXn_JPEG/kyobo1606233736932637570l9791188909346.jpg?type=m260
9791188909513,어린이/청소년,순둥이 ,김일광,6700,0.0,전체 이용가,https://comicthumb-phinf.pstatic.net/20230202_278/pocket_1675296840727CxRF6_JPEG/kyobo588363107133295147l9791188909513.jpg?type=m260
9788991742963,어린이/청소년,올드 보이 선생님 ,이라야,6700,0.0,전체 이용가,https://comicthumb-phinf.pstatic.net/20230202_297/pocket_1675296847847HmnsM_JPEG/kyobo8628054182271238657l9788991742963.jpg?type=m260
9788991742987,어린이/청소년,이름 전쟁 ,박향희,6700,0.0,전체 이용가,https://comicthumb-phinf.pstatic.net/20230202_262/pocket_1675296856678f0s16_JPEG/kyobo6489358856466490447l9788991742987.jpg?type=m260
9791188909100,어린이/청소년,장구는 덩덩 다바칸은 둥둥 ,권정희,7700,0.0,전체 이용가,https://comicthumb-phinf.pstatic.net/20230202_270/pocket_1675296864060da33H_JPEG/kyobo1988344079437066142l9791188909100.jpg?type=m260
9788991742598,어린이/청소년,책 읽기 달인 ,김진완,6700,0.0,전체 이용가,https://comicthumb-phinf.pstatic.net/20230202_213/pocket_1675296871783J2ryO_JPEG/kyobo1294165074208547385l9788991742598.jpg?type=m260
9788991742871,어린이/청소년,홍다미는 싸움닭 ,송재찬,7700,0.0,전체 이용가,https://comicthumb-phinf.pstatic.net/20230202_130/pocket_16752968830161Yfm7_JPEG/kyobo1549394153867172649l9788991742871.jpg?type=m260
9788936452421,어린이/청소년,어른이 되면 고민이 끝날까? ,황효진,9800,0.0,전체 이용가,https://comicthumb-phinf.pstatic.net/20230131_21/pocket_1675119759059OHpv4_JPEG/kpc82026801894471266479788936412371.jpg?type=m260
9788969021960,어린이/청소년,스파이더맨 지퍼 ,김점선,6000,0.0,전체 이용가,https://comicthumb-phinf.pstatic.net/20230201_180/pocket_1675210520600stibP_JPEG/kyobo8773482409666637499l9788969021960.jpg?type=m260
9791197603969,어린이/청소년,생리는 처음이야 ,하선영,9100,0.0,전체 이용가,https://comicthumb-phinf.pstatic.net/20230128_297/pocket_1674864647662AjyIi_JPEG/kyobo603935256584771158l9791197603969.jpg?type=m260
9788965465102,어린이/청소년,내 친구 블루드래곤 ,최명서,9000,0.0,전체 이용가,https://comicthumb-phinf.pstatic.net/20230128_190/pocket_1674864966343ymkCS_JPEG/kyobo7309519303502652656l9788965465102.jpg?type=m260
9791158741679,어린이/청소년,따라하며 완성하는 나다운 탐구보고서 ,고승미,11760,0.0,전체 이용가,https://comicthumb-phinf.pstatic.net/20230127_290/pocket_1674777811305g6sO4_JPEG/kyobo927222602570549166l9791158741679.jpg?type=m260
9791160269635,어린이/청소년,"용서해, 테오 ",질 티보,7700,0.0,전체 이용가,https://comicthumb-phinf.pstatic.net/20230127_120/pocket_1674777882206DHFHW_JPEG/kyobo6741134696033040501l9791160269635.jpg?type=m260
9791167550897,어린이/청소년,실컷 오늘을 살 거야 (열다섯 마음 시집) ,김미희,9100,0.0,전체 이용가,https://comicthumb-phinf.pstatic.net/20230121_267/pocket_1674255728258twc5V_PNG/kpc60728191802804859479791167551450.png?type=m260
9791166834493,어린이/청소년,스토리우스 탐험대 2 (보물섬에 간 해적의 정체를 밝혀라!) ,최수하,9800,0.0,전체 이용가,https://comicthumb-phinf.pstatic.net/20230121_196/pocket_1674255630488VRnW8_JPEG/kpc68640866768851024679791166834868.jpg?type=m260
9791166834486,어린이/청소년,스토리우스 탐험대 1 (세상에서 제일 멋진 신데렐라는 누구일까?) ,최수하,9800,0.0,전체 이용가,https://comicthumb-phinf.pstatic.net/20230121_136/pocket_1674255640743uuYUH_JPEG/kpc33526512385991109659791166834851.jpg?type=m260
9791166834585,어린이/청소년,요괴의 아이를 키우고 있습니다 2 ,히로시마 레이코,9100,0.0,전체 이용가,https://comicthumb-phinf.pstatic.net/20230121_37/pocket_1674255622274hx4si_JPEG/kpc6051837901645261169791166834875.jpg?type=m260
9791163271215,어린이/청소년,걸어 다니는 친환경 스쿨버스 (에코 소셜 액션) ,시그문드 브라우어,9000,0.0,전체 이용가,https://comicthumb-phinf.pstatic.net/20230120_66/pocket_1674173028885UHCEn_JPEG/kyobo1919844943208129351l9791163271215.jpg?type=m260
9791167140562,어린이/청소년,청소년을 위한 글쓰기 에세이 (자기소개서부터 논술까지 생각의 중심을 잡아주는 글쓰기 교실) ,장선화,9480,0.0,전체 이용가,https://comicthumb-phinf.pstatic.net/20230119_166/pocket_16740828910845dXcn_JPEG/kpc59315415003342436449791167145567.jpg?type=m260
9791192247762,어린이/청소년,조선 청소년 이야기 (온 가족이 함께 읽는 이야기) ,김종광,10500,0.0,전체 이용가,https://comicthumb-phinf.pstatic.net/20230119_161/pocket_16740830230491IcRC_JPEG/kpc_etc32895590653509739979791192247946.jpg?type=m260
9791190090803,어린이/청소년,언니는 외계인 ,이재문,8400,0.0,전체 이용가,https://comicthumb-phinf.pstatic.net/20230119_131/pocket_1674086508058P1BVw_JPEG/kyobo5962895123497429907l9791190090803.jpg?type=m260
9791158741792,어린이/청소년,고교학점제를 완성하는 진로 로드맵 : 교대·사범대계열 (교대·사범대계열) ,정유희,12460,0.0,전체 이용가,https://comicthumb-phinf.pstatic.net/20230118_25/pocket_1674000372992NBG6C_JPEG/kyobo2817045647260387983l9791158741792.jpg?type=m260
9788994407999,어린이/청소년,어디에서 살까 (다음 세대를 위한 탈서울 안내서) ,배문규,11200,0.0,전체 이용가,https://comicthumb-phinf.pstatic.net/20230117_53/pocket_1673917798547FrwjM_JPEG/kyobo830989985833923082l9788994407999.jpg?type=m260
9791167030665,어린이/청소년,구미호 카페 (구미호 식당 4) ,박현숙,8700,0.0,전체 이용가,https://comicthumb-phinf.pstatic.net/20230117_76/pocket_1673917819871mhkh9_JPEG/kyobo4027588660350249553l9791167030665.jpg?type=m260
9791158741761,어린이/청소년,고교학점제를 완성하는 진로 로드맵 : 의대·약대·바이오계열 (의대·약대·바이오계열) ,정유희,12460,0.0,전체 이용가,https://comicthumb-phinf.pstatic.net/20230114_40/pocket_1673654449640lschD_JPEG/kyobo5595304115901558689l9791158741761.jpg?type=m260
9788960987029,어린이/청소년,오월의 편지 ,정복현,8000,0.0,전체 이용가,https://comicthumb-phinf.pstatic.net/20230114_191/pocket_1673654787804EYxXO_JPEG/kyobo3986703799917755376l9788960987029.jpg?type=m260
9788960987081,어린이/청소년,도토리 백 배 갚기 프로젝트 ,안수민,8000,0.0,전체 이용가,https://comicthumb-phinf.pstatic.net/20230114_160/pocket_1673654803601uFuf8_JPEG/kyobo4700940308494335086l9788960987081.jpg?type=m260
9788960987784,어린이/청소년,"우리 반 안중근 (도마 안중근, 평화를 향해 방아쇠를 당기다!) ",김하은,9000,0.0,전체 이용가,https://comicthumb-phinf.pstatic.net/20230114_136/pocket_16736550257294Q09f_JPEG/kyobo8677303269378471434l9788960987784.jpg?type=m260
9791163400660,어린이/청소년,친구를 사귀는 아주 간단한 마법 (존중하기) ,조영경,8000,0.0,전체 이용가,https://comicthumb-phinf.pstatic.net/20230114_223/pocket_16736555685013UXvW_JPEG/kyobo2620865143368502081l9791163400660.jpg?type=m260
9788994407852,어린이/청소년,쓴다는 것 (매일매일 더 나아지는 나를 위한 글쓰기) ,박철현,11500,0.0,전체 이용가,https://comicthumb-phinf.pstatic.net/20230113_4/pocket_1673568074148v7Tjz_JPEG/kyobo1216357518552300299l9788994407852.jpg?type=m260
9788994407807,어린이/청소년,보여진다는 것 (보는 나와 보여지는 나 사이에서 살아가는 법) ,김남시,11500,0.0,전체 이용가,https://comicthumb-phinf.pstatic.net/20230113_154/pocket_1673568089294Yy1GO_JPEG/kyobo166346369063887864l9788994407807.jpg?type=m260
9788994407951,어린이/청소년,공감한다는 것 (다름을 상상하고 연결하는 힘) ,이주언,9800,0.0,전체 이용가,https://comicthumb-phinf.pstatic.net/20230113_33/pocket_1673568132895YcCn3_JPEG/kyobo8981572695709728470l9788994407951.jpg?type=m260
9788957366806,어린이/청소년,"재미있는 별자리와 우주 이야기 (교과학습 시사상식 논술대비까지 해결하는 초등학교 통합교과서,신문이 보이고 뉴스가 들리는 11) ",이충환,8400,0.0,전체 이용가,https://comicthumb-phinf.pstatic.net/20230113_141/pocket_1673568410936ge8Of_JPEG/kyobo1475412527970381466l9788957366806.jpg?type=m260
9788957366608,어린이/청소년,재미있는 문화와 예술 이야기 (신문이 보이고 뉴스가 들리는) ,양태석,8400,0.0,전체 이용가,https://comicthumb-phinf.pstatic.net/20230113_184/pocket_1673568419373YOFAC_JPEG/kyobo7737458094574609368l9788957366608.jpg?type=m260
9788965463696,어린이/청소년,"찾았다, 오늘이! ",고순덕,9000,0.0,전체 이용가,https://comicthumb-phinf.pstatic.net/20230113_288/pocket_1673568687510l8VK9_JPEG/kyobo2254553752109117224l9788965463696.jpg?type=m260
9791170265184,어린이/청소년,"십 대를 위한 영화 속 지리 인문학 여행 (영화 속 생생한 장면으로 살펴보는 지리와 세상, 삶의 이야기) ",성정원,10400,0.0,전체 이용가,https://comicthumb-phinf.pstatic.net/20230112_197/pocket_1673478238697yFnyK_JPEG/kpc4325245155739578939791170265283.jpg?type=m260
9788957366752,어린이/청소년,재미있는 사춘기와 성 이야기 (교과학습 시사상식 논술대비까지 해결하는 초등학교 통합교과서) ,이명화,8400,0.0,전체 이용가,https://comicthumb-phinf.pstatic.net/20230112_190/pocket_1673482315565VTzeo_JPEG/kyobo6406584739892154186l9788957366752.jpg?type=m260
9791162182307,어린이/청소년,"함께 사는 다문화 왜 중요할까요? (궁금했어, 다문화) ",홍명진,10400,0.0,전체 이용가,https://comicthumb-phinf.pstatic.net/20230107_86/pocket_1673050038234fJx6u_JPEG/kyobo363559260183787889l9791162182307.jpg?type=m260
9791190631570,어린이/청소년,합리적 사고를 위한 12개 키워드 (대립되는 의견을 가진 상대를 이해하는 익숙하고도 새로운 사고방식) ,신창호,10000,0.0,전체 이용가,https://comicthumb-phinf.pstatic.net/20230106_291/pocket_1672959706063PQOMI_JPEG/kpc5685198735865536349791190631600.jpg?type=m260
9791191309287,어린이/청소년,10대에게 권하는 법학 (우리 사회에 법은 왜 필요한가요?) ,전제철,11060,0.0,전체 이용가,https://comicthumb-phinf.pstatic.net/20230106_148/pocket_1672963315918ihmCv_JPEG/kyobo7210918658578851713l9791191309287.jpg?type=m260
9788998602932,어린이/청소년,내 말 사용 설명서 (십 대를 위한 ‘생각하는 말하기’) ,변택주,9450,0.0,전체 이용가,https://comicthumb-phinf.pstatic.net/20230106_88/pocket_16729639097305NCaU_JPEG/kyobo6290390218456266174l9788998602932.jpg?type=m260
9791189576370,어린이/청소년,"한비자, 이게 법치다! (法治) ",이성주,9100,0.0,전체 이용가,https://comicthumb-phinf.pstatic.net/20230106_41/pocket_16729641241810JW03_JPEG/kyobo6237191165332695424l9791189576370.jpg?type=m260
9791189576226,어린이/청소년,"묵자, 이게 겸애다! ",이성주,9100,0.0,전체 이용가,https://comicthumb-phinf.pstatic.net/20230106_79/pocket_16729641327031XfWV_JPEG/kyobo752038690421934431l9791189576226.jpg?type=m260
9791189576011,어린이/청소년,"공자, 이게 인이다! (논어를 통해 인간의 도리를 말하다) ",이성주,9100,0.0,전체 이용가,https://comicthumb-phinf.pstatic.net/20230106_249/pocket_16729641419538sWdb_JPEG/kyobo5882709143694251917l9791189576011.jpg?type=m260
9791187708797,어린이/청소년,"아리스토텔레스, 이게 행복이다! ",이성주,9100,0.0,전체 이용가,https://comicthumb-phinf.pstatic.net/20230106_180/pocket_1672964151707mIxeC_JPEG/kyobo139485511134843206l9791187708797.jpg?type=m260
9791160782585,어린이/청소년,도로시 공주와 껍질을 깨뜨린 마녀 개정판 ,장은희,6000,0.0,전체 이용가,https://comicthumb-phinf.pstatic.net/20230104_223/pocket_1672787563011LgUBz_JPEG/kpc7093247706641877449791160782622.jpg?type=m260
9788964808726,어린이/청소년,비밀의 숲 테라비시아 (뉴베리상 수상작) ,캐서린 패터슨,9100,0.0,전체 이용가,https://comicthumb-phinf.pstatic.net/20230104_41/pocket_1672796198378Q8qmh_JPEG/kyobo2242467762062614723l9788964808726.jpg?type=m260
9788932018638,어린이/청소년,날마다 뽀끄땡스 ,오채,7000,0.0,전체 이용가,https://comicthumb-phinf.pstatic.net/20230104_290/pocket_1672786908628Gtbch_JPEG/kpc16545470871500959999788932018638.jpg?type=m260
9788932019581,어린이/청소년,"아빠가 나타났다! (제5회 마해송문학상 수상작,문지아이들 99) ",이송현,8400,0.0,전체 이용가,https://comicthumb-phinf.pstatic.net/20230104_144/pocket_1672786928153s2Kgk_JPEG/kpc81996906452154577819788932019581.jpg?type=m260
9788932022994,어린이/청소년,황금 깃털 (제8회 마해송문학상 수상작) ,정설아,9800,0.0,전체 이용가,https://comicthumb-phinf.pstatic.net/20230104_137/pocket_1672786972271H4jra_JPEG/kpc7817197695164666279788932022994.jpg?type=m260
9788932023427,어린이/청소년,내일을 향해 깡통을 차라! ,신지영,7700,0.0,전체 이용가,https://comicthumb-phinf.pstatic.net/20230104_171/pocket_1672787310502RX7TQ_JPEG/kpc84637059718893009309788932023427.jpg?type=m260
9788932022390,어린이/청소년,빨간수염 연대기 ,김영주,8400,0.0,전체 이용가,https://comicthumb-phinf.pstatic.net/20230104_166/pocket_16727873200374e45y_JPEG/kpc73614867372521824139788932022390.jpg?type=m260
9788932019024,어린이/청소년,요란 요란 푸른 아파트 (문지아이들 96) ,김려령,9100,0.0,전체 이용가,https://comicthumb-phinf.pstatic.net/20230104_49/pocket_1672787346635Es6qq_JPEG/kpc35748875565124688989788932019024.jpg?type=m260
9791158741785,어린이/청소년,어른이 되기 전에 꼭 한 번은 논어를 읽어라 1 (청소년을 위한 논어) ,판덩,11060,0.0,전체 이용가,https://comicthumb-phinf.pstatic.net/20230103_30/pocket_16727043634641dSnM_JPEG/kyobo2279463085135590178l9791158741785.jpg?type=m260
9791192085609,어린이/청소년,춘향전 ,홍인숙,9100,0.0,전체 이용가,https://comicthumb-phinf.pstatic.net/20221231_125/pocket_1672447518343T66Mx_JPEG/kyobo4971175922408709244l9791192085609.jpg?type=m260
9791158741501,어린이/청소년,로봇 인공지능 인기학과 진로코칭 (EBS 강사가 추천하는) ,안계정,11760,0.0,전체 이용가,https://comicthumb-phinf.pstatic.net/20221231_136/pocket_1672447535753bP6q0_JPEG/kyobo7923625830534574368l9791158741501.jpg?type=m260
9791192527147,어린이/청소년,털장갑 속 하트뿅 ,고정욱,8700,0.0,전체 이용가,https://comicthumb-phinf.pstatic.net/20221231_299/pocket_1672447722239oITzX_JPEG/kyobo8574802868689636138l9791192527147.jpg?type=m260
9791170441540,어린이/청소년,고양이가 필요해 (소원어린이책 18) ,박상기,10000,0.0,전체 이용가,https://comicthumb-phinf.pstatic.net/20221231_1/pocket_1672447772107CX3z7_JPEG/kyobo5884459420347166780l9791170441540.jpg?type=m260
9791170441328,어린이/청소년,거꾸로 교실 ,김점선,8000,0.0,전체 이용가,https://comicthumb-phinf.pstatic.net/20221231_45/pocket_1672447785789wxz2E_JPEG/kyobo3669802542222502094l9791170441328.jpg?type=m260
9791170441441,어린이/청소년,우주 정거장 구출 대작전 ,박선화,8000,0.0,전체 이용가,https://comicthumb-phinf.pstatic.net/20221231_41/pocket_1672447831618PTzPw_JPEG/kyobo5819154369142130096l9791170441441.jpg?type=m260
9791170441458,어린이/청소년,종말의 아이들 (소원잼잼장르 4) ,전건우,10000,0.0,전체 이용가,https://comicthumb-phinf.pstatic.net/20221231_126/pocket_1672447872868KUfH5_JPEG/kyobo8004069975119574157l9791170441458.jpg?type=m260
9788932023816,어린이/청소년,게임왕 (문지아이들 126) ,선자은,7700,0.0,전체 이용가,https://comicthumb-phinf.pstatic.net/20230101_1/pocket_1672527632597anuNP_JPEG/kpc18287686134244051189788932023816.jpg?type=m260
9788932026329,어린이/청소년,X표 하시오 ,조지영,8400,0.0,전체 이용가,https://comicthumb-phinf.pstatic.net/20230101_220/pocket_1672527706005ikg64_JPEG/kpc49929674954167218029788932026831.jpg?type=m260
9788932026220,어린이/청소년,샤워 (제10회 마해송문학상 수상작) ,정지원,7700,0.0,전체 이용가,https://comicthumb-phinf.pstatic.net/20230101_83/pocket_16725277242025P99L_JPEG/kpc55368421987236938769788932026824.jpg?type=m260
9788932023885,어린이/청소년,동진이는 나보다 용감했다 ,김경희,7700,0.0,전체 이용가,https://comicthumb-phinf.pstatic.net/20230101_27/pocket_1672527833817SAkUR_JPEG/kpc78987709517105448889788932023885.jpg?type=m260
9791140702367,어린이/청소년,초등학생을 위한 컴퓨터 기초+활용 무작정 따라하기 (epub3.0) (혼자서도 척척!) ,상권쌤,14400,0.0,전체 이용가,https://comicthumb-phinf.pstatic.net/20221229_100/pocket_16722687779827ymuu_JPEG/kpc91612827070907357579791140702749.jpg?type=m260
9791191360486,어린이/청소년,사춘기를 위한 문해력 수업 ,권희린,9800,0.0,전체 이용가,https://comicthumb-phinf.pstatic.net/20221229_34/pocket_1672272442979i6Uw8_JPEG/kyobo4857664055537098955l9791191360486.jpg?type=m260
9791186490198,어린이/청소년,그래도 넌 사랑스런 우리 아기 ,가에탕 도레뮈스,9100,0.0,전체 이용가,https://comicthumb-phinf.pstatic.net/20221229_79/pocket_1672272663725qGSiw_JPEG/kyobo3925777583272377658l9791186490198.jpg?type=m260
9791189734701,어린이/청소년,내일은 오늘보다 더 많이 사랑할 거야 (이 세상 오직 하나뿐인 나의 천사에게) ,잭 부쉬,8400,0.0,전체 이용가,https://comicthumb-phinf.pstatic.net/20221229_167/pocket_1672272677800h1zJn_JPEG/kyobo6670796711517582379l9791189734701.jpg?type=m260
9791158741587,어린이/청소년,기발하고 신기한 수학의 재미 하편 (재미로 읽다 보면 저절로 문제가  풀리는 수학이야기) ,천융밍,12460,0.0,전체 이용가,https://comicthumb-phinf.pstatic.net/20221228_292/pocket_16721859410251zmXj_JPEG/kyobo7661894342227279723l9791158741587.jpg?type=m260
9791158741662,어린이/청소년,"수학, 풀지 말고 실험해 봐 2 (12가지 생활 속 수학 감각 키우기) ",라이이웨이,11760,0.0,전체 이용가,https://comicthumb-phinf.pstatic.net/20221228_149/pocket_1672186128909rn4Qm_JPEG/kyobo1835864841360248721l9791158741662.jpg?type=m260
9788961558983,어린이/청소년,작지만 소중해 ,나태주,8400,0.0,전체 이용가,https://comicthumb-phinf.pstatic.net/20230303_202/pocket_1677802341471DCHsD_JPEG/kyobo3371345316501394125l9788961558983.jpg?type=m260
9788936457150,어린이/청소년,반음 ,채기성,10400,0.0,전체 이용가,https://comicthumb-phinf.pstatic.net/20221222_154/pocket_1671663609634WNFaC_JPEG/kpc48526154876099537239788936412326.jpg?type=m260
9788954448628,어린이/청소년,우리 반 애들 모두가 망했으면 좋겠어 (제12회 자음과모음 청소년문학상 수상작) ,이도해,10300,0.0,전체 이용가,https://comicthumb-phinf.pstatic.net/20221221_168/pocket_1671581037899qhmgq_JPEG/kyobo5085485740272744887l9788954448628.jpg?type=m260
9791158741747,어린이/청소년,고교학점제를 완성하는 진로 로드맵 : 공학·미디어계열 (공학·미디어 계열) ,정유희,12460,0.0,전체 이용가,https://comicthumb-phinf.pstatic.net/20221220_115/pocket_1671494603596Cvy8z_JPEG/kyobo690576793442349684l9791158741747.jpg?type=m260
9791165181970,어린이/청소년,동물과 말하는 아이 릴리 6 (아기 판다의 엄마를 찾아 줘!) ,타냐 슈테브너,10500,0.0,전체 이용가,https://comicthumb-phinf.pstatic.net/20221215_54/pocket_1671058839761Ikoyw_JPEG/kpc89260640597280508569791165182199.jpg?type=m260
9791165181987,어린이/청소년,전사들 별들의 징조 2 (희미해지는 메아리) ,에린 헌터,11550,0.0,전체 이용가,https://comicthumb-phinf.pstatic.net/20221215_188/pocket_16710588750666gO6C_JPEG/kpc74000781742899830889791165182182.jpg?type=m260
9791165797348,어린이/청소년,기다리는 집 (황선미 청소년소설) ,황선미,8400,0.0,전체 이용가,https://comicthumb-phinf.pstatic.net/20221202_116/pocket_1669940629895Y6KCm_JPEG/%B1%E2%B4%D9%B8%AE%B4%C2%C1%FD.jpg?type=m260
9788977469501,어린이/청소년,"이솝 우화, 거리 두고 읽기 (한 걸음 물러서면 함정이 보인다) ",이덕주,12000,0.0,전체 이용가,https://comicthumb-phinf.pstatic.net/20221213_150/pocket_1670886024842OoqlU_JPEG/kpc30883379657881447889788977469914.jpg?type=m260
9788934942450,어린이/청소년,배정원 교수의 십 대를 위한 자존감 성교육 ,배정원,9900,0.0,전체 이용가,https://comicthumb-phinf.pstatic.net/20221208_209/pocket_1670454001794wbXn8_JPEG/kpc26450963280670554739788934953364.jpg?type=m260
9791167140548,어린이/청소년,청소년을 위한 광고 에세이 (정상수 교수가 알려주는 광고로 세상을 읽는 지혜) ,정상수,9480,0.0,전체 이용가,https://comicthumb-phinf.pstatic.net/20221208_274/pocket_1670454081227zLJDK_JPEG/kpc31581206948522556809791167145512.jpg?type=m260
9791160949322,어린이/청소년,나는 기억할 거야 ,유은실,6000,0.0,전체 이용가,https://comicthumb-phinf.pstatic.net/20221208_123/pocket_1670454142440KJclc_JPEG/kpc14455168024744262479791160942583.jpg?type=m260
9788936453237,어린이/청소년,과학자가 되는 시간 (자연 관찰과 진로 발견) ,템플 그랜딘,10400,0.0,전체 이용가,https://comicthumb-phinf.pstatic.net/20221208_181/pocket_1670454169851Vena9_JPEG/kpc69956413150900323709788936412319.jpg?type=m260
9791167550811,어린이/청소년,2100년 12월 31일 ,길상효,9800,0.0,전체 이용가,https://comicthumb-phinf.pstatic.net/20221208_167/pocket_1670454231870uR0in_JPEG/kpc64526423450425411279791167551429.jpg?type=m260
9791170289289,어린이/청소년,절대 열어 보지 마! 드라고 ,샤를로테 하버작,10400,0.0,전체 이용가,https://comicthumb-phinf.pstatic.net/20221201_186/pocket_1669849437823pp3uB_JPEG/kpc43987841225752739939791192686264.jpg?type=m260
9791170289449,어린이/청소년,로봇 소녀 앨리스 1 (비겁 바이러스를 물리쳐라) ,노경실,8800,0.0,전체 이용가,https://comicthumb-phinf.pstatic.net/20221201_275/pocket_1669849456635AdClt_JPEG/kpc9604283980635450939791192686226.jpg?type=m260
9791170282860,어린이/청소년,발명가 엘리자 펑 (아빠 구출 대작전) ,에밀리게일,7200,0.0,전체 이용가,https://comicthumb-phinf.pstatic.net/20221201_242/pocket_1669849470325OF0lq_JPEG/kpc50840261908870695039791192686233.jpg?type=m260
9791170286899,어린이/청소년,절대 열어 보지 마! 아이시 ,샤를로테 하버작,10400,0.0,전체 이용가,https://comicthumb-phinf.pstatic.net/20221201_161/pocket_1669849482909KtQE5_JPEG/kpc63231388176102622419791192686257.jpg?type=m260
9791192444185,어린이/청소년,재밌어서 밤새 읽는 한국사 이야기 6 (일제 강점기에서 대한민국의 현재까지) ,재밌는이야기역사모임,9800,0.0,전체 이용가,https://comicthumb-phinf.pstatic.net/20221201_267/pocket_1669849644669Bv64l_JPEG/kpc61112817488260410979791192444345.jpg?type=m260
9791192444178,어린이/청소년,재밌어서 밤새 읽는 한국사 이야기 5 (조선의 근대화와 열강의 침입) ,재밌는이야기역사모임,9800,0.0,전체 이용가,https://comicthumb-phinf.pstatic.net/20221201_26/pocket_1669849624439viBoa_JPEG/kpc9098579318641084729791192444338.jpg?type=m260
9791192444161,어린이/청소년,재밌어서 밤새 읽는 한국사 이야기 4 (조선 시대 후기) ,재밌는이야기역사모임,9800,0.0,전체 이용가,https://comicthumb-phinf.pstatic.net/20221201_115/pocket_1669849602386vGVpL_JPEG/kpc30404339527960957909791192444321.jpg?type=m260
9791192444154,어린이/청소년,재밌어서 밤새 읽는 한국사 이야기 3 (조선 시대 전기) ,재밌는이야기역사모임,9800,0.0,전체 이용가,https://comicthumb-phinf.pstatic.net/20221201_7/pocket_16698495810940vcJk_JPEG/kpc85608918122382014659791192444314.jpg?type=m260
9791192444147,어린이/청소년,재밌어서 밤새 읽는 한국사 이야기 2 (남북국 시대에서 고려 시대까지) ,재밌는이야기역사모임,9800,0.0,전체 이용가,https://comicthumb-phinf.pstatic.net/20221201_247/pocket_1669849555600YfbSD_JPEG/kpc6486175239770655199791192444307.jpg?type=m260
9791192444130,어린이/청소년,재밌어서 밤새 읽는 한국사 이야기 1 (선사 시대에서 삼국 시대까지) ,재밌는이야기역사모임,9800,0.0,전체 이용가,https://comicthumb-phinf.pstatic.net/20221201_61/pocket_1669849534724FxcKf_JPEG/kpc35540656608687629989791192444291.jpg?type=m260
9788963724102,어린이/청소년,"소녀와 고양이와 항해사 (The Girl, The Cat & The Navigator) ",마틸다 우즈,9800,0.0,전체 이용가,https://comicthumb-phinf.pstatic.net/20221201_151/pocket_1669849738666keKJT_JPEG/kpc82662993155865668249788963724119.jpg?type=m260
9788958076636,어린이/청소년,아무것도 하고 싶지 않은 나에게 (무기력한 십대를 위한 마음 처방전) ,문지현,8400,0.0,전체 이용가,https://comicthumb-phinf.pstatic.net/20221130_99/pocket_1669763067654wrXYv_JPEG/kpc60205310242557354689788958079361.jpg?type=m260
9791156752738,어린이/청소년,조선 건국 진짜 주인공은 누구일까? ,이광희,9660,0.0,전체 이용가,https://comicthumb-phinf.pstatic.net/20221129_36/pocket_1669676402540iGyrX_JPEG/kpc_etc8223343648951789929791156753537.jpg?type=m260
9791156752783,어린이/청소년,임진왜란과 병자호란 조선은 왜? ,이광희,9660,0.0,전체 이용가,https://comicthumb-phinf.pstatic.net/20221129_218/pocket_1669676425971nLnW3_JPEG/kpc_etc47911776529080559659791156753544.jpg?type=m260
9791156753254,어린이/청소년,육두품 아이 성무의 꿈 ,김영주,8400,0.0,전체 이용가,https://comicthumb-phinf.pstatic.net/20221129_99/pocket_1669676446984aqTkQ_JPEG/kpc_etc45371021557191184709791156753483.jpg?type=m260
9791156752585,어린이/청소년,신분 제도 조선을 떠받치다 ,이광희,9660,0.0,전체 이용가,https://comicthumb-phinf.pstatic.net/20221129_194/pocket_1669676459276L7mmf_JPEG/kpc_etc26982612025960404979791156753513.jpg?type=m260
9791189208936,어린이/청소년,할 말 있어요 ,일라나 캉탱,7700,0.0,전체 이용가,https://comicthumb-phinf.pstatic.net/20221129_6/pocket_1669676478256pzhaM_JPEG/kpc70604595332041792959791192411125.jpg?type=m260
9791156752677,어린이/청소년,세종과 정조 왕중왕을 다투다 ,이광희,9660,0.0,전체 이용가,https://comicthumb-phinf.pstatic.net/20221129_292/pocket_1669676477863IU7Gd_JPEG/kpc_etc28074620354381372639791156753520.jpg?type=m260
9791156752905,어린이/청소년,한국사를 바꾼 결정적 만남 ,이광희,10360,0.0,전체 이용가,https://comicthumb-phinf.pstatic.net/20221129_262/pocket_1669676533850icOgY_JPEG/kpc_etc10646891519148741889791156753490.jpg?type=m260
9791167550804,어린이/청소년,블랙박스 : 세상에서 너를 지우려면 ,황지영,9800,0.0,전체 이용가,https://comicthumb-phinf.pstatic.net/20221129_235/pocket_1669676723860cYba3_JPEG/kpc32479627364217224939791167551405.jpg?type=m260
9791164064748,어린이/청소년,이상한 과자 가게 전천당 16 (ふしぎ馱菓子屋 錢天堂(16)) ,히로시마 레이코,10400,0.0,전체 이용가,https://comicthumb-phinf.pstatic.net/20221125_194/pocket_1669330962933sxrh6_JPEG/kpc76076788296373280949791164064984.jpg?type=m260
9788963194783,어린이/청소년,세상에 하나뿐인 봄 식물도감 ,한정영,10800,0.0,전체 이용가,https://comicthumb-phinf.pstatic.net/20221124_246/pocket_1669244430516NHgeL_JPEG/kpc33776020536780607419788963194936.jpg?type=m260
9788936446871,어린이/청소년,칠판 볶음밥 ,이장근,7560,0.0,전체 이용가,https://comicthumb-phinf.pstatic.net/20221124_112/pocket_1669244456979BB6m1_JPEG/kpc30315811632694625279788936405885.jpg?type=m260
9788936456153,어린이/청소년,"나는 죽지 않겠다 (공선옥 소설집,창비청소년문학 15) ",공선옥,10400,0.0,전체 이용가,https://comicthumb-phinf.pstatic.net/20221124_20/pocket_16692446254858UOlh_JPEG/kpc68396990312360611139788936400705.jpg?type=m260
9788969023223,어린이/청소년,엄마가 사랑한 콩콩이 ,김숙분,6600,0.0,전체 이용가,https://comicthumb-phinf.pstatic.net/20221124_74/pocket_1669244837474W9mPS_JPEG/kpc65752618571147335039788969025258.jpg?type=m260
9788963194561,어린이/청소년,편의점을 털어라! 역사편 ,이재은,12000,0.0,전체 이용가,https://comicthumb-phinf.pstatic.net/20221124_42/pocket_1669244910912NoATr_JPEG/kpc71609869309586516879788963194943.jpg?type=m260
9791165181871,어린이/청소년,전사들 별들의 징조 1 (네 번째 훈련병) ,에린 헌터,11550,0.0,전체 이용가,https://comicthumb-phinf.pstatic.net/20221122_31/pocket_1669071836090YXham_JPEG/kpc457964731728358349791165181994.jpg?type=m260
9791165181765,어린이/청소년,전사들 슈퍼 에디션 (블루스타의 예언) ,에린 헌터,22050,0.0,전체 이용가,https://comicthumb-phinf.pstatic.net/20221122_25/pocket_1669071755711m2PpS_JPEG/kpc63837805428599564509791165181888.jpg?type=m260
9791165181826,어린이/청소년,뱀파이어 시스터 15 (밤의 규칙) ,시에나 머서,10500,0.0,전체 이용가,https://comicthumb-phinf.pstatic.net/20221122_9/pocket_1669071812939Tt4pY_JPEG/kpc19224370423605462709791165182052.jpg?type=m260
9791187777069,어린이/청소년,암호 클럽 4 (미라의 저주) ,페니 워너,8400,0.0,전체 이용가,https://comicthumb-phinf.pstatic.net/20221215_119/pocket_16710588887689f1m3_JPEG/kpc2070482405973408539791165182045.jpg?type=m260
9791187777014,어린이/청소년,암호 클럽 3 (해적의 보물 지도) ,페니 워너,8400,0.0,전체 이용가,https://comicthumb-phinf.pstatic.net/20221215_189/pocket_1671058904641Bexvg_JPEG/kpc12532158744308175479791165182038.jpg?type=m260
9788955884210,어린이/청소년,달콤한 사물함 ,강인영,9100,0.0,전체 이용가,https://comicthumb-phinf.pstatic.net/20221119_204/pocket_166881242236598o5I_JPEG/kpc41863935696295802769788955884258.jpg?type=m260
9788962471304,어린이/청소년,우리에게 펭귄이란 (파란 이야기 9) ,류재향,8400,0.0,전체 이용가,https://comicthumb-phinf.pstatic.net/20221118_169/pocket_1668757148336jPHU8_JPEG/%C6%C4%B6%F5_%C0%CC%BE%DF%B1%E2_009_%BF%EC%B8%AE%BF%A1%B0%D4_%C6%EB%B1%CF%C0%CC%B6%F5.jpg?type=m260
9791165796150,어린이/청소년,개밥상과 시인 아저씨 ,박상률,9100,0.0,전체 이용가,https://comicthumb-phinf.pstatic.net/20221117_2/pocket_1668663223354zBI0r_JPEG/%B0%B3%B9%E4%BB%F3%B0%FA%BD%C3%C0%CE%BE%C6%C0%FA%BE%BE_%C7%A5%C1%F6.jpg?type=m260
9791186430033,어린이/청소년,갈매조류독감 바이러스와 황제펭귄의 죽음 ,김용진,6000,0.0,전체 이용가,https://comicthumb-phinf.pstatic.net/20221118_101/pocket_16687260212268k0rG_JPEG/kpc87193297874421513069791190631532.jpg?type=m260
9788991958982,어린이/청소년,오랑우탄 손과 행복도서관 살인사건 (소년탐정 최탁도 1) ,김용진,6000,0.0,전체 이용가,https://comicthumb-phinf.pstatic.net/20221117_202/pocket_1668639676251RY7QD_JPEG/kpc55317738096661874619791190631518.jpg?type=m260
9791186430415,어린이/청소년,저팔계와 불타는 쇼핑몰 ,김용진,6000,0.0,전체 이용가,https://comicthumb-phinf.pstatic.net/20221117_168/pocket_1668639704099GvEyU_JPEG/kpc53361075248890514989791190631525.jpg?type=m260
9788955823844,어린이/청소년,사이언스 코믹스 화산 (불과 생명) ,존 채드,7700,0.0,전체 이용가,https://comicthumb-phinf.pstatic.net/20221116_141/pocket_1668553283506OmQPl_JPEG/kpc76132398800780051929788955826876.jpg?type=m260
9788955824322,어린이/청소년,비행기 인류의 날갯짓 ,앨리슨 윌거스,7700,0.0,전체 이용가,https://comicthumb-phinf.pstatic.net/20221116_223/pocket_1668553366617B6oat_JPEG/kpc86221816231239097169788955826869.jpg?type=m260
9788955824537,어린이/청소년,사이언스 코믹스 개 (끝나지 않은 진화) ,앤디 허시,7700,0.0,전체 이용가,https://comicthumb-phinf.pstatic.net/20221116_128/pocket_1668553436571QVco6_JPEG/kpc36502784529356005299788955826852.jpg?type=m260
9788955823776,어린이/청소년,사이언스 코믹스 산호초 (바닷속 도시) ,마리스 윅스,7700,0.0,전체 이용가,https://comicthumb-phinf.pstatic.net/20221116_118/pocket_1668553527306Crz6Y_JPEG/kpc49668171132225459249788955826814.jpg?type=m260
9788955824001,어린이/청소년,사이언스 코믹스 박쥐 (하늘을 나는 포유류) ,팰린 코크,7700,0.0,전체 이용가,https://comicthumb-phinf.pstatic.net/20221116_152/pocket_16685536474717D4rj_JPEG/kpc14542080531613054349788955826821.jpg?type=m260
9791191438864,어린이/청소년,캐스팅 (영화관 소설집) ,조예은 ,9100,0.0,전체 이용가,https://comicthumb-phinf.pstatic.net/20221115_147/pocket_1668466995042Dl1Se_JPEG/kpc4921911165223870599791191438963.jpg?type=m260
9791168124554,어린이/청소년,오늘부터 프린세스 탐정! 2 (금빛 드레스 도난 사건) ,폴라 해리슨,9660,0.0,전체 이용가,https://comicthumb-phinf.pstatic.net/20221111_37/pocket_16681438244601WTnF_JPEG/%C7%C1%B8%B0%BC%BC%BD%BA_%C5%BD%C1%A4_2_%B1%DD%BA%FB_%B5%E5%B7%B9%BD%BA_%B5%B5%B3%AD_%BB%E7%B0%C7.jpg?type=m260
9791156334712,어린이/청소년,"필요했어, 이런 미술 수업 (미술실에서 만나는 과학·수학·문학·역사·경제·사회) ",엄미정,10150,0.0,전체 이용가,https://comicthumb-phinf.pstatic.net/20221111_290/pocket_1668121202117pFc7e_JPEG/kpc54522470553043605059791156335153.jpg?type=m260
9791156334781,어린이/청소년,콘텐츠 시대의 작가가 된다면 (소설부터 웹툰까지 마음을 사로잡는 창작의 세계) ,박용진,10500,0.0,전체 이용가,https://comicthumb-phinf.pstatic.net/20221111_151/pocket_1668121265326qbikx_JPEG/kpc69546406535458250999791156335146.jpg?type=m260
9791156334729,어린이/청소년,"기다렸어, 이런 음악 수업 (음악실에서 만나는 과학,수학,사회,역사,문학) ",조현영,10150,0.0,전체 이용가,https://comicthumb-phinf.pstatic.net/20221111_22/pocket_1668121291784tVUGJ_JPEG/kpc51675709661829990379791156335122.jpg?type=m260
9791156334774,어린이/청소년,10대를 위한 정치를 바꾼 결정적 질문 ,박미영,10500,0.0,전체 이용가,https://comicthumb-phinf.pstatic.net/20221111_226/pocket_1668121348019PRdiP_JPEG/kpc37268886381319158989791156335115.jpg?type=m260
9791167550668,어린이/청소년,"책 읽기는 귀찮지만 독서는 해야 하는 너에게 (집 나간 독서력을 찾아줄 24편의 독서담, 우리학교 책 읽는 시간) ",김경민,10500,0.0,전체 이용가,https://comicthumb-phinf.pstatic.net/20221108_268/pocket_16678620236839uYgx_JPEG/kpc40719896039074243049791167551368.jpg?type=m260
9791190337427,어린이/청소년,햇빛초 대나무 숲에 새 글이 올라왔습니다 ,황지영,8400,0.0,전체 이용가,https://comicthumb-phinf.pstatic.net/20221105_151/pocket_1667602881304grkNm_JPEG/kpc56864933237733815409791167551375.jpg?type=m260
9791170265016,어린이/청소년,우리 반 어떤 애 ,전은지,7700,0.0,전체 이용가,https://comicthumb-phinf.pstatic.net/20221101_96/pocket_1667257220839JU24J_JPEG/kpc82010556819138405919791170265214.jpg?type=m260
9791170265047,어린이/청소년,지은이네 아파트 놀이터는 아무나 못 들어간대요 (어린이들의 생활 속에 스며든 경제적 차별에 대해 일러 주는 생각동화) ,최형미,7700,0.0,전체 이용가,https://comicthumb-phinf.pstatic.net/20221101_223/pocket_1667257240956CtdVp_JPEG/kpc55035788223958836029791170265238.jpg?type=m260
9791168124295,어린이/청소년,마지막 이야기 전달자 (2022년 뉴베리상 100주년 대상 수상작) ,도나 바르바 이게라,12600,0.0,전체 이용가,https://comicthumb-phinf.pstatic.net/20221031_248/pocket_1667195816431RdldT_JPEG/%B8%B6%C1%F6%B8%B7%C0%CC%BE%DF%B1%E2%C0%FC%B4%DE%C0%DA%C6%F2%B8%E9.jpg?type=m260
9791167550774,어린이/청소년,"나는 윤리적 최소주의자, 지구에 삽니다 (제로 웨이스트로 먹고 살기) ",소일,9450,0.0,전체 이용가,https://comicthumb-phinf.pstatic.net/20221029_295/pocket_1666998030485klmh9_JPEG/kpc26311640348322391749791167551399.jpg?type=m260
9791160808902,어린이/청소년,"한입에 쓱싹 편의점 과학 (삼각김밥부터 계산대까지, 세상 모든 물건의 과학, 곰곰문고 18) ",이창욱,11200,0.0,전체 이용가,https://comicthumb-phinf.pstatic.net/20221029_183/pocket_1666998045413beGUm_JPEG/kpc21247010913690188369791160809275.jpg?type=m260
9791166833984,어린이/청소년,가출 모범생 천동기 ,박상기,9100,0.0,전체 이용가,https://comicthumb-phinf.pstatic.net/20221031_34/pocket_1667170879455E1tz3_JPEG/kpc60128747720445489299791166834271.jpg?type=m260
9791167550767,어린이/청소년,별난 사회 선생님의 역사가 지리네요 (10대를 위한 어마어마한 역사×지리 수업) ,권재원,10500,0.0,전체 이용가,https://comicthumb-phinf.pstatic.net/20221025_242/pocket_1666652428224aUUIU_JPEG/kpc79669819639638453719791167551382.jpg?type=m260
9791156334613,어린이/청소년,수소 원자 피오의 우주 대탐험 (빅뱅에서 생명체 탄생까지) ,루카 시오르티노,9800,0.0,전체 이용가,https://comicthumb-phinf.pstatic.net/20221020_156/pocket_1666220453311fj3vT_JPEG/kpc51398772572751965519791156335023.jpg?type=m260
9791156334897,어린이/청소년,클래식으로 전쟁을 멈춘다면 (심리 치료부터 세계 평화까지 세상을 바꾸는 음악) ,최민아,10500,0.0,전체 이용가,https://comicthumb-phinf.pstatic.net/20221020_261/pocket_1666220517347xXWji_JPEG/kpc53070528281720136969791156335047.jpg?type=m260
9791168123755,어린이/청소년,십 년 가게 6 (수습생이 찾아왔습니다) ,히로시마 레이코,9100,0.0,전체 이용가,https://comicthumb-phinf.pstatic.net/20221019_176/pocket_1666164578393F6Ara_JPEG/%BD%CA_%B3%E2_%B0%A1%B0%D4_6.jpg?type=m260
9791170441205,어린이/청소년,걱정을 없애주는 마카롱 ,성주희,8000,0.0,전체 이용가,https://comicthumb-phinf.pstatic.net/20220818_129/pocket_1660784109443heJkx_JPEG/kyobo8022462579682139140l9791170441205.jpg?type=m260
9791162181959,어린이/청소년,나는 천사가 아니야 ,고정욱,9600,0.0,전체 이용가,https://comicthumb-phinf.pstatic.net/20220813_52/pocket_1660350635765L8JRQ_JPEG/kyobo7364426521562359893l9791162181959.jpg?type=m260
9791156334620,어린이/청소년,10대를 위한 과학을 만든 결정적 질문 ,최원석,9800,0.0,전체 이용가,https://comicthumb-phinf.pstatic.net/20220810_148/pocket_1660086157701zVetK_JPEG/kpc61713537303312399259791156334835.jpg?type=m260
9791168123878,어린이/청소년,조선 흡혈귀전 (사라진 장영실과 흡혈귀) ,설흔 글,8750,0.0,전체 이용가,https://comicthumb-phinf.pstatic.net/20220809_167/pocket_16600270208988tEIQ_JPEG/%C1%B6%BC%B1_%C8%ED%C7%F7%B1%CD%C0%FC.jpg?type=m260
9788955826258,어린이/청소년,옥춘당 ,고정순,9100,0.0,전체 이용가,https://comicthumb-phinf.pstatic.net/20220809_177/pocket_1659999960476Mr3HA_JPEG/kpc54756698978799487399788955826678.jpg?type=m260
9791191426090,어린이/청소년,알쏭달쏭 상담소 (애매한 것을 속 시원하게 알려 주는) ,이케가야 유지,9800,0.0,전체 이용가,https://comicthumb-phinf.pstatic.net/20220809_109/pocket_1660007067629Y51cQ_JPEG/kyobo7479697825934751675l9791191426090.jpg?type=m260
9791191426304,어린이/청소년,사랑과 우정 ,제인 오스틴,6650,0.0,전체 이용가,https://comicthumb-phinf.pstatic.net/20220809_185/pocket_1660007573711hRVvI_JPEG/kyobo8790502580508889785l9791191426304.jpg?type=m260
9791191426267,어린이/청소년,맨스필드 파크 ,제인 오스틴,6650,0.0,전체 이용가,https://comicthumb-phinf.pstatic.net/20220809_56/pocket_1660007618132Xt5AV_JPEG/kyobo8553552295819674941l9791191426267.jpg?type=m260
9791191426243,어린이/청소년,이성과 감성 ,제인 오스틴,6650,0.0,전체 이용가,https://comicthumb-phinf.pstatic.net/20220809_218/pocket_1660007738076jaJJe_JPEG/kyobo7914327179973919379l9791191426243.jpg?type=m260
9791191426281,어린이/청소년,설득 ,제인 오스틴,6650,0.0,전체 이용가,https://comicthumb-phinf.pstatic.net/20220809_89/pocket_1660008188986fEVHG_JPEG/kyobo6716914699826463705l9791191426281.jpg?type=m260
9791191426298,어린이/청소년,오만과 편견 ,제인 오스틴,6650,0.0,전체 이용가,https://comicthumb-phinf.pstatic.net/20220809_23/pocket_1660008319322Nxtdy_JPEG/kyobo2195797193030956099l9791191426298.jpg?type=m260
9791191426250,어린이/청소년,엠마 ,제인 오스틴,6650,0.0,전체 이용가,https://comicthumb-phinf.pstatic.net/20220827_71/pocket_1661576208744IctOH_JPEG/kyobo7396606889872924432l9791191426250.jpg?type=m260
9791170433255,어린이/청소년,고등 국어 1등급을 위한 중학 국어 만점공부법 ,서정재,9600,0.0,전체 이용가,https://comicthumb-phinf.pstatic.net/20220806_280/pocket_1659744875033PBmc7_JPEG/kyobo930072052205387209l9791170433255.jpg?type=m260
9791168122697,어린이/청소년,흡혈귀 탐정 클럽 1 (사건 파일 - 거울 세계 실종 사건) ,한주이,9660,0.0,전체 이용가,https://comicthumb-phinf.pstatic.net/20220805_79/pocket_1659679695863pNEO4_JPEG/%C8%ED%C7%F7%B1%CD_%C5%BD%C1%A4_%C5%AC%B7%B4_1.jpg?type=m260
9791197805110,어린이/청소년,밤톨 스타일 ,윤정,8400,0.0,전체 이용가,https://comicthumb-phinf.pstatic.net/20221007_4/pocket_1665101460718F6I2Y_JPEG/kyobo6338115771862085273l9791197805110.jpg?type=m260
9791197805134,어린이/청소년,우리를 구해 줘! ,조경희,8400,0.0,전체 이용가,https://comicthumb-phinf.pstatic.net/20220823_43/pocket_1661217195178yOSv2_JPEG/kyobo1106287321135398032l9791197805134.jpg?type=m260
9791197805103,어린이/청소년,처음 지리학 (세상을 보는 또 다른 창을 만나다) ,공우석,9100,0.0,전체 이용가,https://comicthumb-phinf.pstatic.net/20220805_47/pocket_1659660673217Dn8NX_JPEG/kyobo2229845618010506096l9791197805103.jpg?type=m260
9791197805127,어린이/청소년,잔소리 먹는 전화 ,류미정,8400,0.0,전체 이용가,https://comicthumb-phinf.pstatic.net/20220805_89/pocket_1659661150910xWPEy_JPEG/kyobo2002340794760605508l9791197805127.jpg?type=m260
9791188283712,어린이/청소년,"오로라 탐험대, 펭귄을 구해 줘! ",위문숙,8260,0.0,전체 이용가,https://comicthumb-phinf.pstatic.net/20220804_162/pocket_1659572506862Mc85r_JPEG/kyobo9142972605677755708l9791188283712.jpg?type=m260
9791165813048,어린이/청소년,사이공 하늘 아래 ,신현수,8960,0.0,전체 이용가,https://comicthumb-phinf.pstatic.net/20220804_121/pocket_1659572657071MNWNo_JPEG/kyobo7555379288130581387l9791165813048.jpg?type=m260
9791165810702,어린이/청소년,암태도 아이들 ,윤자명,8400,0.0,전체 이용가,https://comicthumb-phinf.pstatic.net/20220804_33/pocket_1659572935888MP38P_JPEG/kyobo1090268065167168739l9791165810702.jpg?type=m260
9791165810719,어린이/청소년,엄마는 게임 중독 ,안선모,7700,0.0,전체 이용가,https://comicthumb-phinf.pstatic.net/20220804_142/pocket_1659573463168HioBS_JPEG/kyobo4165700807412596271l9791165810719.jpg?type=m260
9791190267922,어린이/청소년,"칭기즈 칸, 제국을 다스린 초원의 소년 ",박신식,8400,0.0,전체 이용가,https://comicthumb-phinf.pstatic.net/20220803_2/pocket_1659486297093jCMIk_JPEG/kyobo2265897308889887325l9791190267922.jpg?type=m260
9791190267915,어린이/청소년,그리스·로마 영웅 (플루타르코스가 들려주는) ,플루타르코스,8400,0.0,전체 이용가,https://comicthumb-phinf.pstatic.net/20220803_78/pocket_1659486358650esfbs_JPEG/kyobo9114870523159238242l9791190267915.jpg?type=m260
9788953549807,어린이/청소년,에너지 도둑 다뿔라 ,전민희,6800,0.0,전체 이용가,https://comicthumb-phinf.pstatic.net/20220919_17/pocket_1663595228813CYT9U_JPEG/KPC1000152026.jpg?type=m260
9788953549838,어린이/청소년,대영 박물관 ,김소연,6800,0.0,전체 이용가,https://comicthumb-phinf.pstatic.net/20220919_255/pocket_1663595148109tRlqo_JPEG/KPC1000152021.jpg?type=m260
9788953573826,어린이/청소년,전설의 악기 오케스트라를 찾아라 ,이금희,6800,0.0,전체 이용가,https://comicthumb-phinf.pstatic.net/20220919_87/pocket_16635954411652s2qz_JPEG/KPC1000152039.jpg?type=m260
9791170287780,어린이/청소년,도대체 뭐라고 말하지? (일기쓸때 자꾸 틀리는 맞춤법) ,이윤진,10400,0.0,전체 이용가,https://comicthumb-phinf.pstatic.net/20220919_147/pocket_1663594907458tXpj7_JPEG/KPC1000152309.jpg?type=m260
9788953540163,어린이/청소년,원더랜드 전쟁과 법의 심판 ,서지원,6800,0.0,전체 이용가,https://comicthumb-phinf.pstatic.net/20220919_271/pocket_1663595489180ONbEy_JPEG/KPC1000151998.jpg?type=m260
9788953573833,어린이/청소년,지구를 지켜라 슈퍼마켓맨 ,강여울,6800,0.0,전체 이용가,https://comicthumb-phinf.pstatic.net/20220919_22/pocket_1663594997179cyyOF_JPEG/KPC1000152040.jpg?type=m260
9788953540170,어린이/청소년,"아찔아찔 화학, 황금 비밀을 찾아라! ",김경희,6800,0.0,전체 이용가,https://comicthumb-phinf.pstatic.net/20220919_139/pocket_1663595474789v66et_JPEG/KPC1000151999.jpg?type=m260
9788953568488,어린이/청소년,국립중앙박물관 (용과 함께 깨어난 오천 년 우리 역사) ,윤희정,6800,0.0,전체 이용가,https://comicthumb-phinf.pstatic.net/20220919_57/pocket_1663595146491T6Li1_JPEG/KPC1000152035.jpg?type=m260
9788953549814,어린이/청소년,세상을 발칵 뒤집은 전쟁 ,서인영,6800,0.0,전체 이용가,https://comicthumb-phinf.pstatic.net/20220919_58/pocket_1663595142550n1fC8_JPEG/KPC1000152020.jpg?type=m260
9788953540217,어린이/청소년,세상 모든 과학의 비밀 과학 문화재에서 찾아라! (과학 문화재) ,박은정,6800,0.0,전체 이용가,https://comicthumb-phinf.pstatic.net/20220919_72/pocket_1663595437350w7aDl_JPEG/KPC1000152004.jpg?type=m260
9788953572843,어린이/청소년,민주주의를 부탁해 (위기에 빠진 발랄라 공화국) ,강여울,6800,0.0,전체 이용가,https://comicthumb-phinf.pstatic.net/20220919_150/pocket_1663595190765Y0XFI_JPEG/KPC1000152036.jpg?type=m260
9788953575134,어린이/청소년,유엔 이야기 (유엔 인권 조사관이 네팔 소년한테 들려준) ,정명숙,6800,0.0,전체 이용가,https://comicthumb-phinf.pstatic.net/20220919_86/pocket_1663594933121Q50fr_JPEG/KPC1000152042.jpg?type=m260
9788953547919,어린이/청소년,아슬아슬 세계역사여행 ,윤혜진,6800,0.0,전체 이용가,https://comicthumb-phinf.pstatic.net/20220919_195/pocket_1663595354768aqSU3_JPEG/KPC1000152016.jpg?type=m260
9788953565012,어린이/청소년,인절미 왕자를 찾아라 (4대 문명 속에 갇힌) ,배경희,6800,0.0,전체 이용가,https://comicthumb-phinf.pstatic.net/20220919_125/pocket_1663595313524AIcmK_JPEG/KPC1000152029.jpg?type=m260
9788953565005,어린이/청소년,월드컵 (세상을 울리고 웃긴 축구 전쟁) ,신승희,6800,0.0,전체 이용가,https://comicthumb-phinf.pstatic.net/20220919_250/pocket_1663595314704x8EHp_JPEG/KPC1000152028.jpg?type=m260
9788953575141,어린이/청소년,여자들의 한국사 (오백 년 미라와 함께 되살아난) ,황근기,6800,0.0,전체 이용가,https://comicthumb-phinf.pstatic.net/20220919_88/pocket_1663594924695q0YDR_JPEG/KPC1000152043.jpg?type=m260
9791170286745,어린이/청소년,"지구사용설명서 (외계인 막쓸레옹, 쓰레기별에서 탈출하다) ",우쿠더스 지구이주대책위원회,6860,0.0,전체 이용가,https://comicthumb-phinf.pstatic.net/20220919_1/pocket_16635951746989Kvdf_JPEG/KPC1000152427.jpg?type=m260
9788953549821,어린이/청소년,퐁피두센터 (현대 미술의 천국) ,윤혜진,6800,0.0,전체 이용가,https://comicthumb-phinf.pstatic.net/20220919_196/pocket_1663595272675fEtg4_JPEG/KPC1000152024.jpg?type=m260
9788953534179,어린이/청소년,엉뚱방통 삼총사의 고사성어 탐험 ,윤희정,6800,0.0,전체 이용가,https://comicthumb-phinf.pstatic.net/20220919_113/pocket_1663595064601YxU0h_JPEG/KPC1000151983.jpg?type=m260
9788953547902,어린이/청소년,국악 마을 대금이 사라졌다! ,김경희,6800,0.0,전체 이용가,https://comicthumb-phinf.pstatic.net/20220919_274/pocket_1663595311202GW5tP_JPEG/KPC1000152015.jpg?type=m260
9788953534193,어린이/청소년,꼴찌들의 징글징글 지리 탈출기 ,박은정,6800,0.0,전체 이용가,https://comicthumb-phinf.pstatic.net/20220919_28/pocket_1663594987032szG90_JPEG/KPC1000151993.jpg?type=m260
9788953573819,어린이/청소년,세시풍속 이야기 (야광귀와 별별촌놈의) ,노지영,6800,0.0,전체 이용가,https://comicthumb-phinf.pstatic.net/20220919_90/pocket_16635954359003MhUG_JPEG/KPC1000152038.jpg?type=m260
9788953534094,어린이/청소년,끈적끈적 꼬물꼬물 우리 몸의 신비 ,정명숙,6800,0.0,전체 이용가,https://comicthumb-phinf.pstatic.net/20220919_4/pocket_1663595569977W4Q8Y_JPEG/KPC1000151974.jpg?type=m260
9788953540156,어린이/청소년,공룡스타 어리바리 사우루스 (공룡과 화석) ,정재은,6800,0.0,전체 이용가,https://comicthumb-phinf.pstatic.net/20220919_90/pocket_1663595063880dP4Ql_JPEG/KPC1000151997.jpg?type=m260
9788953547896,어린이/청소년,얼렁뚱땅 외계인 무지막스의 우주인 도전기 ,노지영,6800,0.0,전체 이용가,https://comicthumb-phinf.pstatic.net/20220919_158/pocket_16635953964137eSSk_JPEG/KPC1000152013.jpg?type=m260
9788953540224,어린이/청소년,꾸미커스 행복한 물리 서커스단 ,정미금,6800,0.0,전체 이용가,https://comicthumb-phinf.pstatic.net/20220919_135/pocket_1663595397967xIPd9_JPEG/KPC1000152007.jpg?type=m260
9788953540132,어린이/청소년,루브르 박물관 ,최윤정,6800,0.0,전체 이용가,https://comicthumb-phinf.pstatic.net/20220919_130/pocket_16635950941169NvsY_JPEG/KPC1000151995.jpg?type=m260
9788953540187,어린이/청소년,타타르 선장의 날씨 탐험 ,전민희,6800,0.0,전체 이용가,https://comicthumb-phinf.pstatic.net/20220919_14/pocket_1663595318265i3xtt_JPEG/KPC1000152000.jpg?type=m260
9788953534124,어린이/청소년,어수룩 호킹과 좌충우돌 우주 탐사대 ,양대승,6800,0.0,전체 이용가,https://comicthumb-phinf.pstatic.net/20220919_143/pocket_1663594983881YxR2Q_JPEG/KPC1000151978.jpg?type=m260
9791170283928,어린이/청소년,청소년 돈 스터디 (금융 문맹 탈출을 위한 경제 이야기) ,서지원,10000,0.0,전체 이용가,https://comicthumb-phinf.pstatic.net/20220919_74/pocket_1663595283343DrCE1_JPEG/KPC1000152434.jpg?type=m260
9788953534100,어린이/청소년,괴짜 도둑들의 생태계 여행 (GOGO 지식 박물관 2) ,김경희,6800,0.0,전체 이용가,https://comicthumb-phinf.pstatic.net/20220919_122/pocket_16635956670530X8fU_JPEG/KPC1000151976.jpg?type=m260
9788953540248,어린이/청소년,훈민정음 구출작전 (세종대왕이 숨겨둔 비밀문자) ,서지원,6800,0.0,전체 이용가,https://comicthumb-phinf.pstatic.net/20220919_235/pocket_1663595438266OlTXG_JPEG/KPC1000152010.jpg?type=m260
9788953544680,어린이/청소년,오르세 미술관 (기차역에서 모인 세계 유명 화가들) ,김소연,6800,0.0,전체 이용가,https://comicthumb-phinf.pstatic.net/20220919_143/pocket_1663595439294xOfzO_JPEG/KPC1000152011.jpg?type=m260
9788953547872,어린이/청소년,로봇 반란을 막아라! ,김수경,6800,0.0,전체 이용가,https://comicthumb-phinf.pstatic.net/20220919_269/pocket_1663595399031gTri3_JPEG/KPC1000152012.jpg?type=m260
9788953534209,어린이/청소년,쉿! 경제 사냥꾼을 조심해 ,김경희,6800,0.0,전체 이용가,https://comicthumb-phinf.pstatic.net/20220919_239/pocket_1663595106863mWN0s_JPEG/KPC1000151994.jpg?type=m260
9788953540200,어린이/청소년,진실한 리더여 푸르나를 구하라! (리더십) ,유혜정,6800,0.0,전체 이용가,https://comicthumb-phinf.pstatic.net/20220919_197/pocket_1663595355468itHsb_JPEG/KPC1000152002.jpg?type=m260
9788953540194,어린이/청소년,천하 으뜸 우리 미술 여행 (고구려에서 조선까지) ,김소연,6800,0.0,전체 이용가,https://comicthumb-phinf.pstatic.net/20220919_10/pocket_1663595310904Jms5f_JPEG/KPC1000152001.jpg?type=m260
9788953573840,어린이/청소년,맞춤법 대결투 (쌍둥이 형제와 문어 선장의) ,김정신,6800,0.0,전체 이용가,https://comicthumb-phinf.pstatic.net/20220919_264/pocket_16635950040146qlvt_JPEG/KPC1000152041.jpg?type=m260
9788953573802,어린이/청소년,우리 할아버지는 괴짜 요리사 (세상 모든 음식에 숨은 이야기) ,김수경,6800,0.0,전체 이용가,https://comicthumb-phinf.pstatic.net/20220919_60/pocket_1663595185729NwlxU_JPEG/KPC1000152037.jpg?type=m260
9788953568471,어린이/청소년,가짜 독립투사의 가면을 벗겨라 ,송윤경,6800,0.0,전체 이용가,https://comicthumb-phinf.pstatic.net/20220919_225/pocket_1663595271523EHJKQ_JPEG/KPC1000152031.jpg?type=m260
9788953534186,어린이/청소년,수학이 진짜 웃긴다고요? ,김수경,6800,0.0,전체 이용가,https://comicthumb-phinf.pstatic.net/20220919_53/pocket_1663595012095GvawS_JPEG/KPC1000151992.jpg?type=m260
9791170289432,어린이/청소년,학교가 사라진 날 ,고정욱,7600,0.0,전체 이용가,https://comicthumb-phinf.pstatic.net/20220919_273/pocket_1663595542311fFFdW_JPEG/KPC1000152458.jpg?type=m260
9788953549784,어린이/청소년,아주 특별한 상상 발전소 영화 ,유혜정,6800,0.0,전체 이용가,https://comicthumb-phinf.pstatic.net/20220919_241/pocket_1663595360616zfsDp_JPEG/KPC1000152017.jpg?type=m260
9788953540231,어린이/청소년,로봇 두기가 들려준 세상 가장 소중한 가치 ,윤희정,6800,0.0,전체 이용가,https://comicthumb-phinf.pstatic.net/20220919_189/pocket_166359514539254AQe_JPEG/KPC1000152009.jpg?type=m260
9788953534117,어린이/청소년,엉뚱한 악당들의 놀라운 지구 체험기 ,정명숙,6800,0.0,전체 이용가,https://comicthumb-phinf.pstatic.net/20220919_149/pocket_1663595637338Admpd_JPEG/KPC1000151977.jpg?type=m260
9788953540149,어린이/청소년,사라진 모나리자와 다빈치의 비밀 ,정명숙,6800,0.0,전체 이용가,https://comicthumb-phinf.pstatic.net/20220919_164/pocket_1663595053349zkyJ5_JPEG/KPC1000151996.jpg?type=m260
9788953534148,어린이/청소년,특명! 우리 문화의 비밀을 찾아라 (GOGO 지식 박물관 6) ,신경애,6800,0.0,전체 이용가,https://comicthumb-phinf.pstatic.net/20220919_1/pocket_1663595106580kp2DM_JPEG/KPC1000151980.jpg?type=m260
9791170283829,어린이/청소년,도대체 뭐라고 말하지? (우리말의 숫자와 시간) ,김성은,10400,0.0,전체 이용가,https://comicthumb-phinf.pstatic.net/20220919_239/pocket_16635949495737q4xM_JPEG/KPC1000152308.jpg?type=m260
9791170286813,어린이/청소년,곱구나! 우리장신구 ,박세경,6650,0.0,전체 이용가,https://comicthumb-phinf.pstatic.net/20220919_184/pocket_1663595531798CdiG2_JPEG/KPC1000152048.jpg?type=m260
9788953565937,어린이/청소년,속담을 말해봐 ,유혜정,6800,0.0,전체 이용가,https://comicthumb-phinf.pstatic.net/20220919_240/pocket_1663595143150St3Ql_JPEG/KPC1000152034.jpg?type=m260
9788953534131,어린이/청소년,출동! 우리말 구조대 (GOGO 지식 박물관 5) ,김민정,6800,0.0,전체 이용가,https://comicthumb-phinf.pstatic.net/20220919_241/pocket_1663595016714tQxHw_JPEG/KPC1000151979.jpg?type=m260
9788953534162,어린이/청소년,꿈씨 신화 속으로 가다 (GOGO 지식 박물관 8) ,신현영,6800,0.0,전체 이용가,https://comicthumb-phinf.pstatic.net/20220919_190/pocket_1663595051847yvBXr_JPEG/KPC1000151982.jpg?type=m260
9788953564992,어린이/청소년,사람이 누려야 할 권리 인권 ,신현영,6800,0.0,전체 이용가,https://comicthumb-phinf.pstatic.net/20220919_99/pocket_1663595230362EjJJ2_JPEG/KPC1000152027.jpg?type=m260
9788953547889,어린이/청소년,미생물 실험실이 수상해! ,정미금,6800,0.0,전체 이용가,https://comicthumb-phinf.pstatic.net/20220919_28/pocket_16635953167249Fmwb_JPEG/KPC1000152014.jpg?type=m260
9788953534155,어린이/청소년,생각을 뒤집는 논리 세상 (GOGO 지식 박물관 7) ,양승완,6800,0.0,전체 이용가,https://comicthumb-phinf.pstatic.net/20220919_178/pocket_1663595095507QLgCI_JPEG/KPC1000151981.jpg?type=m260
9788953549791,어린이/청소년,"고마워 성, 반가워 사춘기 (열흘간 떠나는 행복한 성교육 여행) ",정미금,6800,0.0,전체 이용가,https://comicthumb-phinf.pstatic.net/20220919_19/pocket_16635952692668ypV3_JPEG/KPC1000152019.jpg?type=m260
9788985989701,어린이/청소년,요리로 만나는 과학 교과서 (엄마와 두 딸의 흥미진진 과학 수다) ,착한재벌샘정,12000,0.0,전체 이용가,https://comicthumb-phinf.pstatic.net/20220730_170/pocket_1659135602140DFKXG_JPEG/kpc77147138951770604979788960514980.jpg?type=m260
9788927746591,어린이/청소년,마법의 손 장영실 ,김미혜,9900,0.0,전체 이용가,https://comicthumb-phinf.pstatic.net/20220729_229/pocket_1659053211792cesB0_JPEG/kyobo7564449516327454046l9788927746591.jpg?type=m260
9791197771453,어린이/청소년,비행기에서 쓴 비밀 쪽지 ,임정진,8600,0.0,전체 이용가,https://comicthumb-phinf.pstatic.net/20220729_217/pocket_1659053245398nKCnk_JPEG/kyobo3607559810150018867l9791197771453.jpg?type=m260
