9791140703340,IT,"피피티사냥꾼의 만능 치트키 (epub3.0) (피피티 한사바리 레쓰고바리, 파워포인트 필승 공략집) ",피피티사냥꾼,16000,0.0,전체 이용가,https://comicthumb-phinf.pstatic.net/20230314_237/pocket_1678748460464nrPeg_JPEG/kpc10974283408159341849791140703821.jpg?type=m260
9791140702916,IT,"취업과 이직을 위한 프로그래머스 코딩 테스트 문제 풀이 전략 : 자바 편 (epub3.0) (핵심 개념, 79개 문제 풀이, 코딩전문역량인증시험(PCCP) 대비까지!) ",김현이,32000,0.0,전체 이용가,https://comicthumb-phinf.pstatic.net/20230314_8/pocket_1678748496354rrCVC_JPEG/kpc75863299976040137399791140703746.jpg?type=m260
9791140703210,IT,세상에서 가장 쉬운 코딩책 (6개월 만에 비전공자에서 개발자가 된 위캔코딩의 기초 코딩 수업) ,위캔코딩,23040,0.0,전체 이용가,https://comicthumb-phinf.pstatic.net/20230310_214/pocket_1678402861970xdNHp_JPEG/kpc38762288102977019519791140703777.jpg?type=m260
9791164845316,IT,챗GPT시대 글쓰기 (오픈AI로 아이디어를 실현하라) ,이세훈,12600,0.0,전체 이용가,https://comicthumb-phinf.pstatic.net/20230310_157/pocket_1678406477321kDo3x_JPEG/kyobo6210119262151751086l9791164845316.jpg?type=m260
9791140703029,IT,소프트웨어 코딩 대회를 위한 파이썬 문제 풀이 100 (epub3.0) (100가지 문제를 풀면서 배우는 파이썬 프로그래밍 기초!) ,이형우,16000,0.0,전체 이용가,https://comicthumb-phinf.pstatic.net/20230303_270/pocket_16777983634316kMog_JPEG/kpc28571053407272841979791140703630.jpg?type=m260
9791191521221,IT,"K 배터리 레볼루션 (향후 3년, 새로운 부의 시장에서 승자가 되는 법) ",박순혁,13300,10.0,전체 이용가,https://comicthumb-phinf.pstatic.net/20230223_260/pocket_1677111584285A2woM_JPEG/kyobo7202142205646382139l9791191521221.jpg?type=m260
9791140703302,IT,코딩 자율학습 나도코딩의 파이썬 입문 (초보자 눈높이에 맞춘 친절한 프로그래밍 자습서) ,나도코딩,19200,0.0,전체 이용가,https://comicthumb-phinf.pstatic.net/20230218_91/pocket_1676674943131quMVE_JPEG/kpc56870722205229247409791140703449.jpg?type=m260
9791140702787,IT,쉽게 시작하는 쿠버네티스 (epub3.0) (시작 단계에서 필요한 핵심 개념만 담았다!) ,서지영,24000,0.0,전체 이용가,https://comicthumb-phinf.pstatic.net/20230217_289/pocket_1676588441897jceHP_JPEG/kpc7847189554115177159791140703500.jpg?type=m260
9791140703012,IT,"거니의 문과 감성 실용 파이썬 (체험판) (문과생의, 문과생에 의한, 문과생을 위한 실용 파이썬 클래스 (비전공자를 위한 코딩 입문서)) ",이건희,0,0.0,전체 이용가,https://comicthumb-phinf.pstatic.net/20230216_38/pocket_1676502028066ShKve_JPEG/kpc18708386640926836879791140703470.jpg?type=m260
9791140702794,IT,모두의 구글 애널리틱스4 (epub3.0) (GA4로 하는 디지털 마케팅 데이터 분석) ,김도연,22400,0.0,전체 이용가,https://comicthumb-phinf.pstatic.net/20230215_148/pocket_1676415656202Vtr8l_JPEG/kpc77481642250183449739791140703456.jpg?type=m260
9791140703012,IT,"거니의 문과 감성 실용 파이썬 (epub3.0) (문과생의, 문과생에 의한, 문과생을 위한 실용 파이썬 클래스 (비전공자를 위한 코딩 입문서)) ",이건희,17600,0.0,전체 이용가,https://comicthumb-phinf.pstatic.net/20230209_42/pocket_1675897373685UDUV1_JPEG/kpc74492590764994490519791140703289.jpg?type=m260
9788964621813,IT,반도체 삼국지 (글로벌 반도체 산업 재편과 한국의 활로) ,권석준,14000,0.0,전체 이용가,https://comicthumb-phinf.pstatic.net/20230204_113/pocket_1675465332312OSs5X_JPEG/kpc71162516052765596349788964627303.jpg?type=m260
9791140702961,IT,윈도우 11 무작정 따라하기 에센셜북 (epub3.0) (중요한 기능은 제대로! 새로운 기능은 빠르게!) ,고경희,17600,0.0,전체 이용가,https://comicthumb-phinf.pstatic.net/20230204_97/pocket_1675465492953KQiEv_JPEG/kpc91693381835759815709791140702930.jpg?type=m260
9791140702428,IT,"파이썬 코딩 도장 (epub3.0) (따라하기, 연습하기, 심사하기로 배우는 파이썬) ",남재윤,24000,0.0,전체 이용가,https://comicthumb-phinf.pstatic.net/20230126_51/pocket_16746876505181DJXk_JPEG/kpc71709674213590326379791140702862.jpg?type=m260
9791140702404,IT,초등학생을 위한 메타버스 크리에이터 무작정 따라하기 with 제페토 (epub3.0) (혼자서도 척척!) ,송다영,14400,0.0,전체 이용가,https://comicthumb-phinf.pstatic.net/20230121_121/pocket_1674255679444hUHyc_JPEG/kpc43839326636439325729791140702855.jpg?type=m260
9791197416446,IT,출근했더니 스크럼 마스터가 된 건에 관하여 (애자일 개발이 처음인 내가) ,니시무라 나오토,16000,0.0,전체 이용가,https://comicthumb-phinf.pstatic.net/20230117_280/pocket_1673917579161mjUGq_JPEG/kyobo1588781864280287987l9791197416446.jpg?type=m260
9791155815533,IT,"최소한의 IT 언어 (다음 10년을 위한 디지털 문해력 수업,How to Speak Tech) ",비나이 트리베디,12500,0.0,전체 이용가,https://comicthumb-phinf.pstatic.net/20230113_21/pocket_16735684466488A4qO_JPEG/kyobo1530445416028730483l9791155815533.jpg?type=m260
9791140702473,IT,부모님을 위한 컴퓨터 무작정 따라하기 (epub3.0) (세상 쉬운) ,곽은지,14400,0.0,전체 이용가,https://comicthumb-phinf.pstatic.net/20230112_135/pocket_16734782819148xkVl_JPEG/kpc176357356264960389791140702800.jpg?type=m260
9791128896569,IT,미디어 플랫폼의 이해 (방송에서 메타버스까지) ,정인숙,13600,0.0,전체 이용가,https://comicthumb-phinf.pstatic.net/20221231_115/pocket_1672447991001xbiHf_JPEG/kyobo6211836923838458026l9791128896569.jpg?type=m260
9791140702541,IT,스프링 코딩 공작소 (epub3.0) (스프링 MCV로 나만의 웹 애플리케이션을 만들어 보자!) ,송미영,30400,0.0,전체 이용가,https://comicthumb-phinf.pstatic.net/20230101_156/pocket_1672528004811vdSIb_JPEG/kpc20176417138861303229791140702770.jpg?type=m260
9791140702398,IT,"Node.js 교과서 (epub3.0) (기본기에 충실한 노드제이에스 18 입문서, 개정 3판) ",조현영,33600,0.0,전체 이용가,https://comicthumb-phinf.pstatic.net/20221229_54/pocket_16722688308623iHTF_JPEG/kpc4369475108953186369791140702756.jpg?type=m260
9791140702121,IT,스프링 부트로 개발하는 MSA 컴포넌트 (epub3.0) (마이크로서비스를 올바르게 도입하기 위한 스프링 부트 사용법!) ,김병부,35200,0.0,전체 이용가,https://comicthumb-phinf.pstatic.net/20221207_218/pocket_1670367652520qXa5r_JPEG/kpc11732339445387635659791140702558.jpg?type=m260
9791140702152,IT,"그림으로 이해하는 가상화와 컨테이너 (epub3.0) (가상화와 컨테이너, 쉽고 재미있게 시작하자!) ",이가라시 타카유키.스스키다 타츠야,17600,0.0,전체 이용가,https://comicthumb-phinf.pstatic.net/20221202_99/pocket_1669935965998qEGUO_JPEG/kpc58467350771469457409791140702497.jpg?type=m260
9791158772826,IT,마이데이터 제대로 알기 ,김명희,19000,0.0,전체 이용가,https://comicthumb-phinf.pstatic.net/20221123_225/pocket_166915800174366fiB_JPEG/kpc35804762197328177839791158773250.jpg?type=m260
9791140701643,IT,부모님을 위한 유튜브 무작정 따라하기 (epub3) (세상 쉬운) ,곽은지,14400,0.0,전체 이용가,https://comicthumb-phinf.pstatic.net/20221019_68/pocket_1666134168580Nr6w9_JPEG/kpc45421643084381050459791140701872.jpg?type=m260
9791140701551,IT,코딩 자율학습 나도코딩의 C 언어 입문 (epub3) (C 언어의 완공을 돕는 프로그래밍 자습서) ,나도코딩,20800,0.0,전체 이용가,https://comicthumb-phinf.pstatic.net/20221202_245/pocket_1669935618396LzAfo_JPEG/kpc15418189377310111519791140701865.jpg?type=m260
9791140701452,IT,코딩 개념 잡는 자바 코딩 문제집 (epub3) (문제를 최대한 많이 풀어라!) ,앵겔 레너드 지음,38400,0.0,전체 이용가,https://comicthumb-phinf.pstatic.net/20221006_75/pocket_1665010845938SIjQf_JPEG/kpc86727821005506625789791140701803.jpg?type=m260
9791140701360,IT,첫 파워포인트 무작정 따라하기 (epub3.0) (왕초보를 위한) ,박은진,12000,0.0,전체 이용가,https://comicthumb-phinf.pstatic.net/20220928_58/pocket_1664319684248hPNxv_JPEG/kpc9692642681259577929791140701681.jpg?type=m260
9791140701179,IT,"왕초보를 위한 첫 엑셀 무작정 따라하기(epub3.0) (모든 버전 사용 가능, 온라인 강의 무료 제공) ",박미정,12000,0.0,전체 이용가,https://comicthumb-phinf.pstatic.net/20220917_90/pocket_1663369273323646lK_JPEG/kpc74551764545075370519791140701544.jpg?type=m260
9791140701131,IT,바로 시작하는 태블로 (epub3.0) (데이터 시각화를 위한 가장 확실한 도구) ,조준희,21000,0.0,전체 이용가,https://comicthumb-phinf.pstatic.net/20220907_53/pocket_16625052400564dGWQ_JPEG/kpc36260463635257136409791140701483.jpg?type=m260
9788957072226,IT,메타버스에선 무슨 일이 일어날까? (어몽어스에서 NFT까지 메타버스 개념 수업) ,이동은,9100,0.0,전체 이용가,https://comicthumb-phinf.pstatic.net/20220907_122/pocket_1662510368351PA2sP_JPEG/kyobo1718177963819867831l9788957072226.jpg?type=m260
9791192227832,IT,서비스 기획자로 일하고 있습니다 (현직 서비스 기획자가 들려주는 커리어 관리부터 취업?이직까지!) ,강승훈,11900,0.0,전체 이용가,https://comicthumb-phinf.pstatic.net/20220906_44/pocket_1662424652935cKskL_JPEG/kyobo7492725173451312334l9791192227832.jpg?type=m260
9791192143095,IT,UX 기획의 기술 (페르소나와 시나리오 기반의 디자인 프로젝트 관리법) ,케빈 C. 브라운,30000,0.0,전체 이용가,https://comicthumb-phinf.pstatic.net/20220903_217/pocket_1662165017782iOPdk_JPEG/kyobo9212912849882590250l9791192143095.jpg?type=m260
9791140701001,IT,케라스 창시자에게 배우는 딥러닝 (epub3.0) (창시자의 철학까지 담은 머신 러닝/딥러닝 핵심 원리와 실무 기법) ,프랑소와 숄레,38400,0.0,전체 이용가,https://comicthumb-phinf.pstatic.net/20221118_165/pocket_1668726001845M5vh7_JPEG/kpc43908531681982266969791140701414.jpg?type=m260
9791167960184,IT,모빌리티의 미래 ,서성현,14000,0.0,전체 이용가,https://comicthumb-phinf.pstatic.net/20220902_274/pocket_16620847233919s4Hg_JPEG/kyobo8552013824026781939l9791167960184.jpg?type=m260
9791157411788,IT,SOFTWARE INSIDER (소프트웨어 인사이더) ,한상운,17500,0.0,전체 이용가,https://comicthumb-phinf.pstatic.net/20220831_175/pocket_1661907770490MvX4B_JPEG/kyobo1188238798098483631l9791157411788.jpg?type=m260
9788924099201,IT,플랫폼 세대 ,전순호,10000,0.0,전체 이용가,https://comicthumb-phinf.pstatic.net/20220830_169/pocket_16618431415903Ximf_JPEG/kyobo7242024290844717182l480D220840840.jpg?type=m260
9791140700943,IT,"도커 교과서 (epub3.0) (설치부터 실전 운영 투입까지, 한 권에 담았다!) ",엘튼 스톤맨,28800,0.0,전체 이용가,https://comicthumb-phinf.pstatic.net/20220818_105/pocket_1660777215307EPVV2_JPEG/kpc78261166890114707669791140701230.jpg?type=m260
9788960542976,IT,엔지니어 재료분석 (재료의 분석 이론과 해석 방법을 담다) ,화재연,12000,0.0,전체 이용가,https://comicthumb-phinf.pstatic.net/20220818_25/pocket_16607810032114oXHs_JPEG/kyobo4313165818844288012l9788960542976.jpg?type=m260
9791169210041,IT,"피, 땀, 리셋 : 게임 개발 속 숨은 영웅들의 이야기 (게임 개발 속 숨은 영웅들의 이야기, 아마존 게임 분야 베스트셀러) ",제이슨 슈라이어,19200,0.0,전체 이용가,https://comicthumb-phinf.pstatic.net/20220817_24/pocket_1660695623839hAGQF_JPEG/kyobo3250213478376430046l9791169210041.jpg?type=m260
9791169210065,IT,오늘부터 IT를 시작합니다 (비유와 이야기로 풀어낸 비전공자를 위한 필수 IT 교양서) ,고코더(이진현),14400,0.0,전체 이용가,https://comicthumb-phinf.pstatic.net/20220818_79/pocket_1660783732140o0Lou_JPEG/kyobo850792112939087866l9791169210065.jpg?type=m260
9791140700806,IT,웹 개발자를 위한 자바스크립트의 모든 것 (epub3.0) (ES2015-ES2020과 그 이후의 모든 것) ,T. J. 크라우더,34400,0.0,전체 이용가,https://comicthumb-phinf.pstatic.net/20220812_272/pocket_1660258968675MOlqV_JPEG/kpc2240899547789909139791140701186.jpg?type=m260
9791140700929,IT,클라우드 엔지니어를 위한 97가지 조언 (epub3.0) (클라우드 엔지니어 86명의 통찰과 지식을 담은 현실적인 이야기) ,에밀리 프리먼,20000,0.0,전체 이용가,https://comicthumb-phinf.pstatic.net/20220811_95/pocket_1660172511533Lp7dW_JPEG/kpc67704365555135146149791140701155.jpg?type=m260
9791140700769,IT,메타버스 무작정 따라하기 (epub3.0) (디지털 시대를 준비하는 사람들을 위한 가장 쉬운 메타버스 입문 활용서) ,에이럭스 미래교육연구소,15400,0.0,전체 이용가,https://comicthumb-phinf.pstatic.net/20220919_275/pocket_1663595532707uLGiK_JPEG/KPC1000152706.jpg?type=m260
9791189909390,IT,자동차 인터페이스 디자인 (포르쉐 UX 디자이너가 들려주는) ,박수레,15000,0.0,전체 이용가,https://comicthumb-phinf.pstatic.net/20220803_39/pocket_1659486414542n4Buc_JPEG/kyobo3388219095952293130l9791189909390.jpg?type=m260
9791140700912,IT,"소프트 스킬 (epub3.0) (평범한 개발자의 비범한 인생 전략 74가지, 개정판 2판) ",존 손메즈,21600,0.0,전체 이용가,https://comicthumb-phinf.pstatic.net/20220919_219/pocket_16635953507578RxX5_JPEG/KPC1000152566.jpg?type=m260
9791140700691,IT,모두의 깃&깃허브 (epub3.0) (누구나 쉽게 시작하는 git&github 버전 관리) ,강민철,14000,0.0,전체 이용가,https://comicthumb-phinf.pstatic.net/20221019_240/pocket_16661341162030ycSn_JPEG/kpc21546814239052306139791140701032.jpg?type=m260
9791189877880,IT,노코딩 AI (코딩없이 AI 만들기) ,하세정,12600,0.0,전체 이용가,https://comicthumb-phinf.pstatic.net/20220721_134/pocket_1658368131038koHhR_JPEG/kyobo6959223737703621443l9791189877880.jpg?type=m260
9791186710753,IT,"사용자를 사로잡는 UX/UI 실전 가이드 (시장에서 살아남는 화면 설계와 스마트한 데이터 활용법, 현실적인 브랜딩) ",김성연,15400,0.0,전체 이용가,https://comicthumb-phinf.pstatic.net/20220720_254/pocket_1658276848479ehAfN_JPEG/kyobo250016536211544978l9791186710753.jpg?type=m260
9791140700288,IT,이펙티브 엔지니어 (epub3.0) (개발자의 인생을 바꾸는 효율성의 법칙) ,에드먼드 라우,17600,0.0,전체 이용가,https://comicthumb-phinf.pstatic.net/20220919_261/pocket_1663595216009krUls_JPEG/KPC1000151856.jpg?type=m260
9791140700448,IT,스프링 마이크로서비스 코딩 공작소 (epub3.0) (스프링 부트와 스프링 클라우드를 이용한 마이크로서비스 모범 사례) ,존 카넬,30400,0.0,전체 이용가,https://comicthumb-phinf.pstatic.net/20220919_206/pocket_1663595049240bAlf6_JPEG/KPC1000151799.jpg?type=m260
9791165219673,IT,직장인을 위한 실무 구글 스프레드시트 (epub3) (실전! 비즈니스 구글 스프레드시트 완전 정복) ,진은영,16100,0.0,전체 이용가,https://comicthumb-phinf.pstatic.net/20220919_40/pocket_1663595577931wTd7L_JPEG/KPC1000150868.jpg?type=m260
9791140700073,IT,"AI 상식사전 (epub3) (인공지능, 전공은 아니지만 궁금했어요) ",한규동,13300,0.0,전체 이용가,https://comicthumb-phinf.pstatic.net/20220919_13/pocket_1663595188214QYENG_JPEG/KPC1000151270.jpg?type=m260
9791165219918,IT,SNS 마케팅 디자인 with 파워포인트 (epub3) (1시간 만에 완성하는) ,김기만,13900,0.0,전체 이용가,https://comicthumb-phinf.pstatic.net/20220919_261/pocket_1663595156424HDcpC_JPEG/KPC1000151110.jpg?type=m260
9791128863622,IT,한국어 텍스트 감성 분석 ,남길임,9600,0.0,전체 이용가,https://comicthumb-phinf.pstatic.net/20220609_54/pocket_1654734457432Jjx3O_JPEG/kyobo9024744667906105357l9791128863622.jpg?type=m260
9791192227788,IT,UX 디자이너로 일하고 있습니다 (현직 UXer가 들려주는 UX 디자인 커리어 가이드) ,변민수,11200,0.0,전체 이용가,https://comicthumb-phinf.pstatic.net/20220609_54/pocket_1654735255463Ibihq_JPEG/kyobo2627259951347533971l9791192227788.jpg?type=m260
9791165219895,IT,한 권으로 끝내는 네트워크 기초 (epub3) (클라우드 시대의 네트워크 기초) ,오키타 토시야,15100,0.0,전체 이용가,https://comicthumb-phinf.pstatic.net/20220919_11/pocket_1663595653878sHh9n_JPEG/KPC1000150659.jpg?type=m260
9788934961772,IT,"전길남, 연결의 탄생 ",구본권,11700,10.0,전체 이용가,https://comicthumb-phinf.pstatic.net/20220919_233/pocket_16635955967690Sptk_JPEG/KPC1000150458.jpg?type=m260
9791165219642,IT,프로그래머가 알아야 할 알고리즘 40 (파이썬 예제로 배우는 필수 알고리즘!) ,임란 아마드,19200,0.0,전체 이용가,https://comicthumb-phinf.pstatic.net/20220919_17/pocket_1663595660895IUVJ2_JPEG/KPC1000150301.jpg?type=m260
9791128863455,IT,빅데이터와 복권 (커뮤니케이션이해총서) ,문혜정,9600,0.0,전체 이용가,https://comicthumb-phinf.pstatic.net/20220526_21/pocket_1653525212583ND64H_JPEG/kyobo8776316092174614162l9791128863455.jpg?type=m260
9791128860379,IT,언어지능 (커뮤니케이션 이해 총서) ,김동성,9600,0.0,전체 이용가,https://comicthumb-phinf.pstatic.net/20220526_207/pocket_1653525420125celIc_JPEG/kyobo2964869742980063699l9791128860379.jpg?type=m260
9791128818226,IT,링크드 데이터 (커뮤니케이션 이해 총서) ,조명대,9600,0.0,전체 이용가,https://comicthumb-phinf.pstatic.net/20220526_20/pocket_16535260170935pfHS_JPEG/kyobo314180658064557805l9791128818226.jpg?type=m260
9791165219406,IT,"다시 확률 통계 (epub3) (통계편, 프로그래머, 수학의 뇌를 깨워라!) ",나가노 히로유키,19200,0.0,전체 이용가,https://comicthumb-phinf.pstatic.net/20220919_287/pocket_1663594925374c2beD_JPEG/KPC1000150132.jpg?type=m260
9791165219581,IT,알고리즘 퍼즐 (epub3) (코딩은 괜찮아 생각이 문제지) ,아나니 레비틴,22400,0.0,전체 이용가,https://comicthumb-phinf.pstatic.net/20220919_33/pocket_166359510187136CXR_JPEG/KPC1000150136.jpg?type=m260
9791138808903,IT,포텐의 정보보안 카페 (모든 사람을 위한 쉽고 톡톡 튀는 정보보안 콘서트) ,이수현,11000,0.0,전체 이용가,https://comicthumb-phinf.pstatic.net/20220521_22/pocket_1653093805964YiCMe_JPEG/kyobo704229011626732276l9791138808903.jpg?type=m260
9791165219345,IT,무작정 따라하기 윈도우 10+엑셀&파워포인트&워드+한글 (epub3) (회사실무 완벽대응 모든 버전 사용 가능) ,박은진,15400,0.0,전체 이용가,https://comicthumb-phinf.pstatic.net/20220919_145/pocket_1663595010604fiilp_JPEG/KPC1000149893.jpg?type=m260
9791165219659,IT,"그림으로 이해하는 네트워크 용어 (epub3) (인프라와 네트워크, 쉽고 재미있게 시작하자!) ",기타미 류지,14400,0.0,전체 이용가,https://comicthumb-phinf.pstatic.net/20220919_29/pocket_1663595133590WJnYz_JPEG/KPC1000149819.jpg?type=m260
9791165219444,IT,로블록스 점프 앤 런타워 게임 만들기 (epub3) (초등용) ,서종원,10400,0.0,전체 이용가,https://comicthumb-phinf.pstatic.net/20220919_190/pocket_1663595067996kJccG_JPEG/KPC1000149699.jpg?type=m260
9791165219529,IT,"면접을 위한 CS 전공지식 노트 (epub3) (디자인 패턴, 운영체제, 데이터베이스, 자료 구조, 네트워크, 개발자 면접) ",주홍철,16800,1.0,전체 이용가,https://comicthumb-phinf.pstatic.net/20230104_254/pocket_1672787582749hGhYL_JPEG/kpc74831281786450661289791165217464.jpg?type=m260
9791165219246,IT,모두의 딥러닝 (epub3) (누구나 쉽게 이해하는 딥러닝) ,조태호,16800,0.0,전체 이용가,https://comicthumb-phinf.pstatic.net/20230112_213/pocket_1673478303163GzCkq_JPEG/kpc37423624288340113939791165211875.jpg?type=m260
9791165219222,IT,카카오 이모티콘으로 돈벌기 (epub3) ,하트쿵프렌즈,10500,0.0,전체 이용가,https://comicthumb-phinf.pstatic.net/20220919_190/pocket_1663595555029tqkMr_JPEG/KPC1000149281.jpg?type=m260
9791165219468,IT,코딩 자율학습 HTML + CSS + 자바스크립트 (epub3) (기초부터 반응형 웹까지 초보자를 위한 웹 개발 입문서) ,김기수,18900,0.0,전체 이용가,https://comicthumb-phinf.pstatic.net/20221008_51/pocket_1665183601462NoKh0_JPEG/kpc31827020096001963899791165219710.jpg?type=m260
9791165219239,IT,구글 브레인 팀에게 배우는 딥러닝 with TensorFlow.js (epub3) (자바스크립트만 알고 있다면 시작하기에 충분하다!) ,샨칭 차이,35200,0.0,전체 이용가,https://comicthumb-phinf.pstatic.net/20220919_84/pocket_1663594998324UznnX_JPEG/KPC1000148756.jpg?type=m260
9791196473587,IT,1인 방송 시작하는 법 ,김기한,9600,0.0,전체 이용가,https://comicthumb-phinf.pstatic.net/20220329_272/pocket_1648513466915fGujx_JPEG/kyobo1280039989456995293l9791196473587.jpg?type=m260
9791165218911,IT,"코틀린 완벽 가이드 (epub3) (입문부터 활용까지, 필요한 지식 총망라!) ",알렉세이 세두노프,28800,0.0,전체 이용가,https://comicthumb-phinf.pstatic.net/20220325_148/pocket_1648162876135xbeCA_JPEG/kpc56594695181380942959791165219260.jpg?type=m260
9791165219000,IT,무작정 따라하기 엑셀 파워포인트 워드 (epub3) (기본+회사실무 완벽 대응!) ,박은진,12600,0.0,전체 이용가,https://comicthumb-phinf.pstatic.net/20220919_261/pocket_16635951139074WnVs_JPEG/KPC1000148427.jpg?type=m260
9791165219017,IT,무작정 따라하기 엑셀 파워포인트 (epub3) (기본+회사실무 완벽 대응!) ,박은진,11200,0.0,전체 이용가,https://comicthumb-phinf.pstatic.net/20220919_176/pocket_1663595070648rv5qD_JPEG/KPC1000148430.jpg?type=m260
9791165218980,IT,무작정 따라하기 엑셀 파워포인트 워드+한글 (epub3) (기본+회사실무 완벽 대응!) ,박은진,14000,0.0,전체 이용가,https://comicthumb-phinf.pstatic.net/20220919_157/pocket_1663595564488fxqv5_JPEG/KPC1000148410.jpg?type=m260
9791162245163,IT,메타버스를 디자인하라 (XR이 지향하는 미래 공간 구현하기) ,코넬 힐만,15200,0.0,전체 이용가,https://comicthumb-phinf.pstatic.net/20220323_127/pocket_1647996346704sMxug_JPEG/kyobo6464376848997691908l9791162245163.jpg?type=m260
9791165218867,IT,"SNS로 돈 벌기 (epub3) (팔로우, 좋아요, 댓글은 돈이 된다!) ",김인숙,11200,0.0,전체 이용가,https://comicthumb-phinf.pstatic.net/20220919_14/pocket_1663595632527VB4Mj_JPEG/KPC1000148349.jpg?type=m260
9791165218942,IT,딥러닝 파이토치 교과서 (epub3) (기본기에 충실한 딥러닝 입문서!) ,서지영,25200,0.0,전체 이용가,https://comicthumb-phinf.pstatic.net/20220919_174/pocket_1663595088214z6tYM_JPEG/KPC1000148340.jpg?type=m260
9791165218874,IT,"문제 해결력을 높이는 알고리즘과 자료 구조 (epub3) (코딩 테스트, 프로그래밍 경진대회 전 필독서!) ",오츠키 켄스케,21600,0.0,전체 이용가,https://comicthumb-phinf.pstatic.net/20220919_22/pocket_16635952275179HMLc_JPEG/KPC1000148042.jpg?type=m260
9791165218188,IT,"다시 고등 수학 (epub3) (프로그래머, 수학의 뇌를 깨워라!) ",나가노 히로유키,17600,0.0,전체 이용가,https://comicthumb-phinf.pstatic.net/20221015_286/pocket_1665788401614gYvpl_JPEG/kpc12120074174679144979791165219048.jpg?type=m260
9791165218751,IT,유니티 교과서 (epub3) (그림으로 이해하고 만들면서 익히는) ,기타무라 마나미,22400,0.0,전체 이용가,https://comicthumb-phinf.pstatic.net/20220919_91/pocket_1663595303167VqaUL_JPEG/KPC1000147801.jpg?type=m260
9791162244982,IT,당당한 디자인 결정을 위한 9가지 방법 (가슴으로 낳은 내 UX 디자인 지켜내는 실전 의사소통 전략) ,톰 그리버,17600,0.0,전체 이용가,https://comicthumb-phinf.pstatic.net/20220217_11/pocket_1645060022544kbzfC_JPEG/kyobo2457946788761881233l9791162244982.jpg?type=m260
9791162245064,IT,팀장부터 CEO까지 알아야 할 기업 정보보안 가이드 ,강은성,20000,0.0,전체 이용가,https://comicthumb-phinf.pstatic.net/20220211_65/pocket_1644538396893kjV7B_JPEG/kyobo1272038492296811500l9791162245064.jpg?type=m260
9791165218409,IT,모던 C (epub3) (전문가를 위한 C 작성법!) ,옌스 구스테트,24000,0.0,전체 이용가,https://comicthumb-phinf.pstatic.net/20220919_170/pocket_1663595461248lx2Xe_JPEG/KPC1000147282.jpg?type=m260
9791165218171,IT,"리눅스를 다루는 기술 (epub3) (리눅스, 기초부터 실무까지 한 권으로 끝낸다!) ",신재훈,22400,0.0,전체 이용가,https://comicthumb-phinf.pstatic.net/20220919_149/pocket_1663595303795FFlDx_JPEG/KPC1000147197.jpg?type=m260
9791165218157,IT,모두의 리눅스 (epub3) (누구나 쉽게 시작하는 리눅스 기초) ,미야케 히데아키,20000,0.0,전체 이용가,https://comicthumb-phinf.pstatic.net/20221019_15/pocket_1666134063882DSrx7_JPEG/kpc78838962955842653309791165218713.jpg?type=m260
9791165217952,IT,웹툰 제작 무작정 따라하기 (epub3) (처음 시작하는 웹툰 작가를 위한) ,로웰씨,15400,0.0,전체 이용가,https://comicthumb-phinf.pstatic.net/20220919_291/pocket_1663594958170KXwIg_JPEG/KPC1000146631.jpg?type=m260
9791165218164,IT,가장 빨리 만나는 스벨트 (epub3) ,박승현,22400,0.0,전체 이용가,https://comicthumb-phinf.pstatic.net/20220919_77/pocket_1663595117563IxzNs_JPEG/KPC1000146634.jpg?type=m260
9791190032018,IT,코딩이 미래다 (대학과 취업으로 이끄는 코딩의 A to Z) ,김기영,7700,0.0,전체 이용가,https://comicthumb-phinf.pstatic.net/20220919_215/pocket_1663595351026eKMaF_JPEG/KPC1000146275.jpg?type=m260
9791165217891,IT,파이썬 무작정 따라하기 (epub3) (미래의 프로그래머를 위한) ,송석리,11200,0.0,전체 이용가,https://comicthumb-phinf.pstatic.net/20220919_176/pocket_1663594917339rVd4s_JPEG/KPC1000146208.jpg?type=m260
9791165217884,IT,"파이썬 매일 코딩 (epub3) (매일 10분, 50가지 연습 문제로 키우는 파이썬 코딩 실력!) ",루벤 M. 러너,17600,0.0,전체 이용가,https://comicthumb-phinf.pstatic.net/20220919_67/pocket_1663594947287Djut2_JPEG/KPC1000145927.jpg?type=m260
9791165217877,IT,핵심 C++ 표준 라이브러리 (epub 3) ,라이너,20000,0.0,전체 이용가,https://comicthumb-phinf.pstatic.net/20220919_52/pocket_1663594901994FYQOA_JPEG/KPC1000145891.jpg?type=m260
9791197416408,IT,처음 배우는 그래픽 레코딩 (비주얼 씽킹으로 이야기를 기록하는 방법) ,구보타 아사미 저,12000,10.0,전체 이용가,https://comicthumb-phinf.pstatic.net/20211202_283/pocket_16384052833874B9Mk_JPEG/kyobo1885011271879803067l9791197416408.jpg?type=m260
9791165217815,IT,"누구나 자료 구조와 알고리즘 (epub3) (상식으로 이해하는 자료 구조와 알고리즘!, 개정2판) ",제이 웬그로우,26400,0.0,전체 이용가,https://comicthumb-phinf.pstatic.net/20230210_258/pocket_1675983686885W4Kar_JPEG/kpc33546844115353873059791165218102.jpg?type=m260
9791165217341,IT,리액트 네이티브를 다루는 기술 (epub3) (실무에서 알아야 할 기술은 따로 있다!) ,김민준,30100,0.0,전체 이용가,https://comicthumb-phinf.pstatic.net/20220919_280/pocket_1663595060589R3bfS_JPEG/KPC1000145504.jpg?type=m260
9791161340906,IT,디벨로퍼 애드보킷/테크 에반젤리스트로 산다는 것 ,히예르탄 빌렌가 지음,22000,0.0,전체 이용가,https://comicthumb-phinf.pstatic.net/20211127_39/pocket_1637971650966IrHor_JPEG/kyobo6114885865936676596l9791161340906.jpg?type=m260
9791165217495,IT,"빅데이터 커리어 가이드북 (epub3) (빅데이터는 무엇이고, 빅데이터 전문가는 어떤 일을 할까?) ",조성준,14000,0.0,전체 이용가,https://comicthumb-phinf.pstatic.net/20220919_52/pocket_1663595254517NwyR4_JPEG/KPC1000145439.jpg?type=m260
9791188314676,IT,제품의 언어 (디지털 세상을 위한 디자인의 법칙) ,존 마에다 ,20000,0.0,전체 이용가,https://comicthumb-phinf.pstatic.net/20211126_170/pocket_1637886742496qlNzP_JPEG/kyobo2811302258490667831l9791188314676.jpg?type=m260
9791188348909,IT,오늘부터 개발자 (비전공자를 위한 개발자 취업 입문 개론) ,김병욱,9450,0.0,전체 이용가,https://comicthumb-phinf.pstatic.net/20211113_201/pocket_1636763035596u76AR_JPEG/kyobo4406635899772330397l9791188348909.jpg?type=m260
9791165216900,IT,유튜브 애니메이션 무작정 따라하기 (epub3) (with 포토샵+애프터 이펙트) ,난희,15400,10.0,전체 이용가,https://comicthumb-phinf.pstatic.net/20220919_293/pocket_1663595416753Dr1Dr_JPEG/KPC1000144738.jpg?type=m260
9791165217167,IT,쉽게 따라 만드는 파이썬 주식 자동매매 시스템 (epub3) (파이썬으로 나만의 주식 자동매매 시스템을 만든다!) ,박준성,19600,0.0,전체 이용가,https://comicthumb-phinf.pstatic.net/20220919_57/pocket_16635949800509Rr1A_JPEG/KPC1000144568.jpg?type=m260
9791165216894,IT,움직이는 이모티콘 만들기 (epub3) (with 프로크리에이트) ,김소희,14000,0.0,전체 이용가,https://comicthumb-phinf.pstatic.net/20220919_142/pocket_1663595304675VsnqK_JPEG/KPC1000144461.jpg?type=m260
9791165217211,IT,"Let’s Get IT(렛츠기릿) SQL 프로그래밍 (epub3) (데이터 분석의 시작, SQL로 데이터 다루기) ",홍형경,17500,0.0,전체 이용가,https://comicthumb-phinf.pstatic.net/20220919_42/pocket_1663595519993sgBwA_JPEG/KPC1000144373.jpg?type=m260
9791165216856,IT,틱톡으로 돈 벌기 (epub3) (틱톡 스타 쥬니와 함께하는) ,쥬니,11200,0.0,전체 이용가,https://comicthumb-phinf.pstatic.net/20220919_110/pocket_1663594975543flgsz_JPEG/KPC1000144226.jpg?type=m260
9791165216863,IT,그림으로 이해하는 IT 지식과 트렌드 (epub3) (디지털 시대에 알맞은 필수 IT 교양서!) ,사이토 마사노리,14400,0.0,전체 이용가,https://comicthumb-phinf.pstatic.net/20220919_226/pocket_1663595393872AWuOf_JPEG/KPC1000143863.jpg?type=m260
9791165216726,IT,쉽게 시작하는 캐글 데이터 분석 (epub3) (캐글 대회 참여 방법부터 캐글 그랜드마스터 인터뷰까지!) ,시노다 히로유키,17600,0.0,전체 이용가,https://comicthumb-phinf.pstatic.net/20220919_114/pocket_1663595605360FOrye_JPEG/KPC1000143550.jpg?type=m260
9791165216610,IT,스마트폰 영상 촬영 + 편집 무작정 따라하기 with 키네마스터 (epub3) (10일 만에 마스터하는 나만의 유튜브 영상) ,박철우,11900,0.0,전체 이용가,https://comicthumb-phinf.pstatic.net/20220919_137/pocket_1663595631416qmIaN_JPEG/KPC1000143552.jpg?type=m260
9791165216276,IT,영상 촬영 편집 스킬업 (epub3) (구독자 2천만 채널 PD의 영상 제작 강의) ,김수진,16100,0.0,전체 이용가,https://comicthumb-phinf.pstatic.net/20220919_278/pocket_16635951760794k6Dd_JPEG/KPC1000143270.jpg?type=m260
9791165216450,IT,파이썬으로 배우는 자료 구조 핵심 원리 (epub3) (핵심 개념과 동작 원리로 이해하는 자료 구조) ,양태환,15400,0.0,전체 이용가,https://comicthumb-phinf.pstatic.net/20220919_6/pocket_1663594998090CXvhh_JPEG/KPC1000143165.jpg?type=m260
9791165216252,IT,코드 크래프트 (epub3) (신입 개발자를 위한 코드의 기술) ,피트 구들리프 지음,33600,0.0,전체 이용가,https://comicthumb-phinf.pstatic.net/20220919_187/pocket_1663595339483V4HlC_JPEG/KPC1000143084.jpg?type=m260
9791160506761,IT,알고리즘 (epub3) ,로버트 세지윅,48000,0.0,전체 이용가,https://comicthumb-phinf.pstatic.net/20220919_136/pocket_1663595235985LtiqO_JPEG/KPC1000142988.jpg?type=m260
9791165216269,IT,맥OS 무작정 따라하기 (epub3) (macOS의 맥을 짚어 드립니다) ,고경희,16800,0.0,전체 이용가,https://comicthumb-phinf.pstatic.net/20220919_36/pocket_1663595375030hz9Hp_JPEG/KPC1000142370.jpg?type=m260
9791165216283,IT,"쿠버네티스 완벽 가이드 (epub3) (입문부터 실제 운용까지, 필요한 기술 총망라!) ",마사야 아오야마 지음,35200,0.0,전체 이용가,https://comicthumb-phinf.pstatic.net/20220919_22/pocket_1663595046969R3x0M_JPEG/KPC1000142134.jpg?type=m260
9788931555400,IT,게임 디자이너를 위한 문서 작성 기술 ,주진영,13400,0.0,전체 이용가,https://comicthumb-phinf.pstatic.net/20210806_29/pocket_1628209904397i8gUC_JPEG/kyobo3360241864325702447l9788931555400.jpg?type=m260
9791165216139,IT,구글 워크스페이스 (epub3) (스마트워크를 위한 가장 완벽한 공간) ,김종원,18900,0.0,전체 이용가,https://comicthumb-phinf.pstatic.net/20220919_29/pocket_1663595194484in6mm_JPEG/KPC1000141937.jpg?type=m260
9791165215620,IT,로블록스 게임 제작 무작정 따라하기 (epub3) (미래의 게임 프로그래머를 위한) ,서종원,12600,10.0,전체 이용가,https://comicthumb-phinf.pstatic.net/20221119_222/pocket_1668812401568gB5WA_JPEG/kpc69605063534499271589791165216238.jpg?type=m260
9791160501315,IT,라프 코스터의 재미이론 (epub3) ,라프 코스터,17600,0.0,전체 이용가,https://comicthumb-phinf.pstatic.net/20220919_224/pocket_1663595261045sgDnr_JPEG/KPC1000141298.jpg?type=m260
9791165215682,IT,"그림으로 이해하는 AWS 구조와 기술 (epub3) (AWS, 쉽고 재미있게 시작하자!) ",오가사와라 시게타카 지음,14400,0.0,전체 이용가,https://comicthumb-phinf.pstatic.net/20220919_81/pocket_1663595082943asmSG_JPEG/KPC1000141166.jpg?type=m260
9791165215965,IT,Let's Get IT 파이썬 프로그래밍 (epub3) (데이터 분석 프로젝트로 프로그래밍 사고력 기르기) ,안지혜,15400,0.0,전체 이용가,https://comicthumb-phinf.pstatic.net/20221101_67/pocket_1667257201834jVIo5_JPEG/kpc91398253721657737219791165216122.jpg?type=m260
9788967821418,IT,"한 달 만에 블로그 일 방문자 수 1,000명 만들기 ",권호영,10500,0.0,전체 이용가,https://comicthumb-phinf.pstatic.net/20210706_257/pocket_16255300780821Ygsp_JPEG/kyobo6013289038281211847l9788967821418.jpg?type=m260
9791165215743,IT,컨테이너 인프라 환경 구축을 위한 쿠버네티스/도커 (epub3) (컨테이너 인프라 환경을 이해하고 직접 구축해 보자!) ,조훈,23800,0.0,전체 이용가,https://comicthumb-phinf.pstatic.net/20220919_215/pocket_1663595326842sv9PO_JPEG/KPC1000140996.jpg?type=m260
9791165215873,IT,Let's Get IT 자바스크립트 프로그래밍 (epub3) (12가지 웹 게임으로 프로그래밍 사고력 기르기) ,조현영,17500,0.0,전체 이용가,https://comicthumb-phinf.pstatic.net/20220919_67/pocket_1663595084290dbSIy_JPEG/KPC1000140913.jpg?type=m260
9791165215675,IT,"파이썬 스킬 업 (epub3) (기초를 넘어서, 파이썬을 파이썬답게 사용하자!) ",브라이언 오버랜드,32000,0.0,전체 이용가,https://comicthumb-phinf.pstatic.net/20220919_194/pocket_1663595203819k6j2z_JPEG/KPC1000140793.jpg?type=m260
9791166496233,IT,차세대 빅데이터 플랫폼 Data Lake ,윤선웅,15000,0.0,전체 이용가,https://comicthumb-phinf.pstatic.net/20210612_107/pocket_1623457125896jiU08_JPEG/kyobo5667225631952124527l9791166496233.jpg?type=m260
9791165215521,IT,C#을 다루는 기술 (epub3) (c#을 c#답게 사용하자!) ,존 스킷 지음,28800,0.0,전체 이용가,https://comicthumb-phinf.pstatic.net/20220919_56/pocket_1663595624147zbVDz_JPEG/KPC1000140271.jpg?type=m260
9791165215477,IT,"딥러닝 텐서플로 교과서 (epub3) (기초부터 CNN, RNN, 시계열 분석, 성능 최적화,) ",서지영,19600,0.0,전체 이용가,https://comicthumb-phinf.pstatic.net/20220919_220/pocket_1663595577710zOWIw_JPEG/KPC1000139606.jpg?type=m260
9791165215422,IT,모두의 마이크로비트 (epub3) (누구나 쉽게 배우는 전자 회로 공작과 IoT 프로그래밍) ,아이씨뱅큐,15400,0.0,전체 이용가,https://comicthumb-phinf.pstatic.net/20220919_216/pocket_1663595261733mNtxD_JPEG/KPC1000139451.jpg?type=m260
9791165213985,IT,모두의 인공지능 with 파이썬 (epub3) (누구나 쉽게 시작하는 딥러닝 기초 프로그래밍) ,이영호,15400,0.0,전체 이용가,https://comicthumb-phinf.pstatic.net/20220919_44/pocket_1663595135169vbisS_JPEG/KPC1000135520.jpg?type=m260
9791165215330,IT,구글 클래스룸 무작정따라하기 (epub3) (에듀테크 선도교사가 알려주는 Google Classroom 실전 메뉴얼) ,윤영규,16800,0.0,전체 이용가,https://comicthumb-phinf.pstatic.net/20220919_146/pocket_1663595494028rajXR_JPEG/KPC1000139365.jpg?type=m260
9791165215187,IT,"머신 러닝 교과서 with 파이썬, 사이킷런, 텐서플로 (epub3) (최신 넘파이, 사이킷런, 텐서플로 2로 배우는 머신 러닝, 딥러닝 핵심 알고) ",세바스찬 라시카,35200,0.0,전체 이용가,https://comicthumb-phinf.pstatic.net/20221006_6/pocket_16650108015426aTjT_JPEG/kpc39118999339337959159791165215545.jpg?type=m260
9791165214760,IT,온라인 수업 제작 무작정따라하기 (epub3) ,문택주,12600,0.0,전체 이용가,https://comicthumb-phinf.pstatic.net/20210407_279/pocket_1617750005276FJvqJ_JPEG/kpc82870549914530693749791165215361.jpg?type=m260
9791165215040,IT,기적특강 2주 완성 엔트리 코딩 (epub3) ,김슬기,11200,0.0,전체 이용가,https://comicthumb-phinf.pstatic.net/20230210_209/pocket_1675983701031xvIhO_JPEG/kpc70644671821157512369791165215309.jpg?type=m260
9791165214869,IT,파이썬으로 배우는 포트폴리오 (epub3) ,곽승주,18200,0.0,전체 이용가,https://comicthumb-phinf.pstatic.net/20210325_80/pocket_1616626805860uSO31_JPEG/kpc42011600120804802199791165215262.jpg?type=m260
9791165214616,IT,"엑셀, 이렇게 하지 마라! (epub3) ",진은영,12600,0.0,전체 이용가,https://comicthumb-phinf.pstatic.net/20210320_152/pocket_1616194806015wIAcR_JPEG/kpc75404152457279295629791165215231.jpg?type=m260
9791165214548,IT,AutoCAD 2021 무작정 따라하기 (epub3) ,권현실,19600,0.0,전체 이용가,https://comicthumb-phinf.pstatic.net/20210318_183/pocket_1616022059244XcK4r_JPEG/kpc52786600930756091409791165215194.jpg?type=m260
9791165214852,IT,모두의 아두이노 환경 센서 (epub3) ,로니킴,15400,0.0,전체 이용가,https://comicthumb-phinf.pstatic.net/20210310_266/pocket_1615330865623x46r2_JPEG/kpc63071457486555903399791165215149.jpg?type=m260
9791165213893,IT,진짜 진짜 쉬운 아이패드 드로잉 무작정따라하기 (epub3) ,난희,12600,10.0,전체 이용가,https://comicthumb-phinf.pstatic.net/20210227_228/pocket_1614380547113pVShH_JPEG/kpc11165186133175086479791165215033.jpg?type=m260
9791160509229,IT,Vue.js 코딩 공작소 (epub3) ,에릭 한쳇,19200,0.0,전체 이용가,https://comicthumb-phinf.pstatic.net/20210223_246/pocket_1614034850437cUCEj_JPEG/kpc22113473626035883679791160509663.jpg?type=m260
9791128816307,IT,양자컴퓨터의 이해 ,김석준,9600,0.0,전체 이용가,https://comicthumb-phinf.pstatic.net/20210220_128/pocket_1613781103750w0KdN_JPEG/kyobo9201456199274317905l9791128816307.jpg?type=m260
9791166491528,IT,성공적인 블로그 관리 노하우! ,김중진,10200,0.0,전체 이용가,https://comicthumb-phinf.pstatic.net/20210220_125/pocket_1613781773605bFVsl_JPEG/kyobo9172624005155433863l9791166491528.jpg?type=m260
9791165214043,IT,AutoCAD 도면예제 560 (epub3) ,네모기획,16800,0.0,전체 이용가,https://comicthumb-phinf.pstatic.net/20210217_97/pocket_1613516826073EwEw5_JPEG/kpc43979786871294603609791165214906.jpg?type=m260
9791165214050,IT,크라우드 펀딩으로 돈벌기 (epub3) ,신장훈,11200,0.0,전체 이용가,https://comicthumb-phinf.pstatic.net/20210121_23/pocket_1611183784877VPSME_JPEG/kpc64333059702406149389791165214562.jpg?type=m260
9791165214067,IT,보고서 작성 원리 with 파워포인트 (epub3) ,김연희,10500,10.0,전체 이용가,https://comicthumb-phinf.pstatic.net/20210121_205/pocket_16111836525447XDbX_JPEG/kpc41056633062986462149791165214586.jpg?type=m260
9791160504439,IT,모던 자바스크립트 입문 (epub3) ,이소 히로시,25600,0.0,전체 이용가,https://comicthumb-phinf.pstatic.net/20220927_288/pocket_1664233201638gJD9E_JPEG/kpc16884612214854449369791160504965.jpg?type=m260
9791165213824,IT,인프라 엔지니어의 교과서 (epub3) ,JIEC 기반엔지니어링사업부 인프라설계연구팀,17600,0.0,전체 이용가,https://comicthumb-phinf.pstatic.net/20210107_213/pocket_1609974275860sRaK5_JPEG/kpc16892785093006924319791165214395.jpg?type=m260
9791165524036,IT,컴퓨터 조립·수리·관리 가이드 ,전승원,13000,0.0,전체 이용가,https://comicthumb-phinf.pstatic.net/20201231_256/pocket_1609375477320qulWD_JPEG/kyobo7852779674111746539l9791165524036.jpg?type=m260
9791160508550,IT,모두의 C언어 (epub3) ,이형우,12600,0.0,전체 이용가,https://comicthumb-phinf.pstatic.net/20220919_199/pocket_1663595033488QEcyP_JPEG/KPC1000135151.jpg?type=m260
9791165213817,IT,버려지는 디자인 통과되는 디자인 (epub3) ,박은진,11900,0.0,전체 이용가,https://comicthumb-phinf.pstatic.net/20201224_237/pocket_1608764421406VgNFk_JPEG/kpc58478896258340535509791165214289.jpg?type=m260
9791165213794,IT,코딩 테스트를 위한 자료 구조와 알고리즘 with C++ (epub3) ,존 캐리,25600,0.0,전체 이용가,https://comicthumb-phinf.pstatic.net/20220919_58/pocket_1663595090539OusOS_JPEG/KPC1000134658.jpg?type=m260
9791158740986,IT,나도 AI 로봇 만들 수 있어 ,김선미,12600,0.0,전체 이용가,https://comicthumb-phinf.pstatic.net/20201208_143/pocket_1607386844868jfLnf_JPEG/kyobo1507780017737689905l9791158740986.jpg?type=m260
9791165213312,IT,모두의 앱 인벤터 (epub3) ,김경민,15400,0.0,전체 이용가,https://comicthumb-phinf.pstatic.net/20220919_192/pocket_1663595382326eoGE6_JPEG/KPC1000134023.jpg?type=m260
9791196795504,IT,구글 스프레드시트 바이블 ,다케다 마사토,13200,0.0,전체 이용가,https://comicthumb-phinf.pstatic.net/20220908_166/pocket_1662597334506MB4Nq_JPEG/kyobo5641563829380609332l9791196795504.jpg?type=m260
9791189909208,IT,UX/UI의 10가지 심리학 법칙 ,존 야블론스키,12800,0.0,전체 이용가,https://comicthumb-phinf.pstatic.net/20220401_13/pocket_1648783583423GtR5m_JPEG/kyobo953311052072826944l9791189909208.jpg?type=m260
9791160506822,IT,자바 웹을 다루는 기술 (epub3.0) (실무에서 알아야 할 기술은 따로 있다!) ,이병승,31500,0.0,전체 이용가,https://comicthumb-phinf.pstatic.net/20220919_87/pocket_1663595065872hAkiX_JPEG/KPC1000133848.jpg?type=m260
9791165213213,IT,모두의 자바 (epub3) ,강경미,14000,0.0,전체 이용가,https://comicthumb-phinf.pstatic.net/20201112_135/pocket_160513600590898ujP_JPEG/kpc38816220986763257169791165213565.jpg?type=m260
9791165213206,IT,게임 정보학 : 게임을 개척하는 인공지능 (epub3) ,이토 타케시 외 지음,17600,0.0,전체 이용가,https://comicthumb-phinf.pstatic.net/20201111_227/pocket_1605049425403fQ2Yq_JPEG/kpc16877462767461687269791165213534.jpg?type=m260
9791165213190,IT,Effective Python 2nd 이펙티브 파이썬 : 파이썬 코딩의 기술 (epub3) ,브렛 슬라킨,25600,0.0,전체 이용가,https://comicthumb-phinf.pstatic.net/20220909_143/pocket_1662678001910SyYu6_JPEG/kpc8585988986994362419791165213510.jpg?type=m260
9788966187607,IT,"인프라 엔지니어의 교과서 (epub3) (서버, 운영체제, 네트워크, 클라우드, 가상화, MSP 운영, 대규모 인프라 관리까지 모든 인프라에 대한 첫 길잡이) ",사노 유타카,11100,0.0,전체 이용가,https://comicthumb-phinf.pstatic.net/20201030_64/pocket_1604013243453AkEjl_JPEG/kpc64610776748858367509791165213367.jpg?type=m260
9791165213183,IT,IT 엔지니어를 위한 네트워크 입문 (epub3) ,고재성,25200,0.0,전체 이용가,https://comicthumb-phinf.pstatic.net/20220919_81/pocket_16635952247626trA5_JPEG/KPC1000133341.jpg?type=m260
9791165212957,IT,실전 대비 C 알고리즘 인터뷰 (epub3) ,헤먼 자인,28800,0.0,전체 이용가,https://comicthumb-phinf.pstatic.net/20201022_253/pocket_16033214670989MoPW_JPEG/kpc39854203427485572289791165213268.jpg?type=m260
9791137215788,IT,eMMC 메모리 반도체 개발을 쉽게 이해하기 ,김영민,20000,0.0,전체 이용가,https://comicthumb-phinf.pstatic.net/20201017_21/pocket_1602896408048FVWk8_JPEG/upaper6335249939251763926U1132835.jpg?type=m260
9791165212964,IT,모두의 R 데이터 분석 (epub3) ,김도연,14000,0.0,전체 이용가,https://comicthumb-phinf.pstatic.net/20220928_67/pocket_1664319601689HiysX_JPEG/kpc8135375226879820959791165213145.jpg?type=m260
9791165212216,IT,프리미어 프로 + 포토샵 (epub3) ,이현석,16100,0.0,전체 이용가,https://comicthumb-phinf.pstatic.net/20200930_38/pocket_1601420404168vP5WH_JPEG/kpc58393904963681070939791165213121.jpg?type=m260
9791185846224,IT,프로젝트 능력 (생각을 성과로 바꿔라) ,정영교,11500,0.0,전체 이용가,https://comicthumb-phinf.pstatic.net/20200925_231/pocket_1600993580350azzN7_JPEG/kyobo2544367980785126673l9791185846224.jpg?type=m260
9791165212698,IT,카카오톡 이모티콘 만들기 (epub3) ,김소희(소콘소콘),11200,5.5,전체 이용가,https://comicthumb-phinf.pstatic.net/20200918_211/pocket_1600383846716NWeWa_JPEG/kpc74700969505345947329791165213039.jpg?type=m260
9791165212674,IT,모두의 아두이노 DIY (epub3) ,김홍덕,18900,0.0,전체 이용가,https://comicthumb-phinf.pstatic.net/20200911_129/pocket_1599778882518psCmE_JPEG/kpc24366043247217527959791165212940.jpg?type=m260
9788963221700,IT,"줌을 알려줌 (화상수업, 강연을 위한) ",줌 유격대,11000,0.0,전체 이용가,https://comicthumb-phinf.pstatic.net/20230118_232/pocket_1674000001766tOD4x_JPEG/kyobo4888415762297053921l9788963221700.jpg?type=m260
9791165212353,IT,모두의 인공지능 기초 수학 (epub3) ,서지영,17500,0.0,전체 이용가,https://comicthumb-phinf.pstatic.net/20221028_267/pocket_1666911611322Hf2Ed_JPEG/kpc41327089862162688239791165212902.jpg?type=m260
9791165212537,IT,"머신 러닝을 위한 수학 with 파이썬, R (epub3) ",이원상,16800,0.0,전체 이용가,https://comicthumb-phinf.pstatic.net/20200903_269/pocket_1599087654256TY2Nh_JPEG/kpc37082101593458021899791165212827.jpg?type=m260
9791162243282,IT,유닉스의 탄생 ,브라이언 커니핸,16000,0.0,전체 이용가,https://comicthumb-phinf.pstatic.net/20210201_86/pocket_1612144614572kr3QM_JPEG/kyobo748523395172052713l9791162243282.jpg?type=m260
9791165212490,IT,직장인을 위한 실무 데이터 분석 with 엑셀 (epub3) ,선양미,15400,0.0,전체 이용가,https://comicthumb-phinf.pstatic.net/20201118_99/pocket_1605655001397ltSyY_JPEG/kpc38514233648182853229791165212759.jpg?type=m260
9791161340548,IT,핀란드를 게임 강국으로 만든 게임 기획자들 ,꼰쓰따 끌레메띠,10500,10.0,전체 이용가,https://comicthumb-phinf.pstatic.net/20200815_18/pocket_1597450716143vgUfN_JPEG/kyobo850187328841184866l9791161340548.jpg?type=m260
9791161340371,IT,파이썬 핵심 개발자들과의 인터뷰 ,마이크 드리스콜,13000,0.0,전체 이용가,https://comicthumb-phinf.pstatic.net/20200814_141/pocket_1597365633794XHVmL_JPEG/kyobo7609718913871374700l9791161340371.jpg?type=m260
9791165212315,IT,자바 코딩의 기술 (epub3) (현장에서 뽑은 70가지 예제로 배우는 코드 잘 짜는 법) ,사이먼 하러.요르그 레너드.리누스 디에츠 지음,17600,0.0,전체 이용가,https://comicthumb-phinf.pstatic.net/20200805_167/pocket_15965820165206vjYw_JPEG/kpc15466564482846682129791165212575.jpg?type=m260
