9788994940670,경제/경영,코리아 아젠다 2018 (서울대교수 21인이 제시하는 4차산업혁명시대의 교육비전) ,강태진,16800,0.0,전체 이용가,https://comicthumb-phinf.pstatic.net/20190105_108/pocket_1546647094733Br6Pq_JPEG/kyobo3738061536303637854l9788994940670.jpg?type=m260
9791187604990,경제/경영,이기는 투자습관 (주식시장의 숨은 고수 ‘쓰상’이 꿰뚫어보는 돈 되는 가치투자철학) ,최성환,10800,0.0,전체 이용가,https://comicthumb-phinf.pstatic.net/20190105_195/pocket_15466474335492rLQs_JPEG/kyobo7467103747073442899l9791187604990.jpg?type=m260
9788925565163,경제/경영,생각이 돈이 되는 순간 (전 세계가 열광한 빅히트 아이디어의 비밀) ,앨런 가넷,11200,10.0,전체 이용가,https://comicthumb-phinf.pstatic.net/20190105_86/pocket_1546646775051t2RT1_JPEG/kyobo4629297910119537228l9788925565163.jpg?type=m260
9788959895625,경제/경영,어떻게 최고를 이끌어낼 것인가 (사람을 움직이는 특별하고 비범한 영향력) ,팀 어윈,9800,0.0,전체 이용가,https://comicthumb-phinf.pstatic.net/20190103_167/pocket_15464701788796EBEA_JPEG/kpc44491796927324357519788959895656.jpg?type=m260
9788952795106,경제/경영,중국은 어떻게 세계를 흔들고 있는가 (한국인이 절대 알 수 없는 중국 기업의 허와 실) ,에드워드 체,9600,0.0,전체 이용가,https://comicthumb-phinf.pstatic.net/20190102_234/pocket_1546403367398Pj4iV_JPEG/_____.jpg?type=m260
9791158150358,경제/경영,유혹하는 고객서비스 (고객과 만나는 모든 순간을 촘촘하게 설계하라) ,박원영,10500,0.0,전체 이용가,https://comicthumb-phinf.pstatic.net/20220908_50/pocket_1662604770653TYjUQ_JPEG/kyobo5668989066100843089l9791158150358.jpg?type=m260
9791188977185,경제/경영,하마터면 환율도 모르고 해외여행 갈 뻔 했다! (금융 초보자도 환율과 금리를 알면 돈의 흐름이 보이는) ,박연수,12000,0.0,전체 이용가,https://comicthumb-phinf.pstatic.net/20190104_291/pocket_15465606105318DahI_JPEG/kyobo2568053832052546510l9791188977185.jpg?type=m260
9788966376292,경제/경영,부동산 추월차선 (오백만 원으로 백 억 부자 되는) ,김은자,10000,0.0,전체 이용가,https://comicthumb-phinf.pstatic.net/20190101_148/pocket_1546303046127DE6IY_JPEG/kyobo939432075308449273l9788966376292.jpg?type=m260
9791189344344,경제/경영,밑바닥부터 시작하는 주식투자 (기본적 기술적 분석으로 주식투자 맥점 잡기) ,이재준,9600,0.0,전체 이용가,https://comicthumb-phinf.pstatic.net/20181229_271/pocket_1546042108154mcK2s_JPEG/kyobo6283398390268304329l9791189344344.jpg?type=m260
9788986939217,경제/경영,마르크스의 경제학비판과 대안세계화 운동 (과천연구실 세미나 20) ,윤소영,5000,0.0,전체 이용가,https://comicthumb-phinf.pstatic.net/20181229_276/pocket_1546042176318Jc365_JPEG/kyobo8972458873369418984l9788986939217.jpg?type=m260
9788991120853,경제/경영,돈이 따르게 하는 습관 (돈도 알아주고 인정해주는 사람에게로 간다) ,김진호,8400,0.0,전체 이용가,https://comicthumb-phinf.pstatic.net/20181227_118/pocket_1545869939704CX7Mm_JPEG/kyobo3051241102586634965l9788991120853.jpg?type=m260
9791188227099,경제/경영,쓰레기통에서 꺼낸 콘티 ,장원석,8500,0.0,전체 이용가,https://comicthumb-phinf.pstatic.net/20181225_34/pocket_1545698020962P0v9L_JPEG/kyobo4503430633154353786l9791188227099.jpg?type=m260
9788991120969,경제/경영,부자혁명 (적게 일하고 기하급수적으로 버는 부자들의 추월차선 법칙 7) ,이석풍,7800,0.0,전체 이용가,https://comicthumb-phinf.pstatic.net/20181227_24/pocket_1545869405168BdCPu_JPEG/kyobo8482779534093546590l9788991120969.jpg?type=m260
9788991120990,경제/경영,"1인 회사 (청년 편,‘자기다움, 톡톡 튀는 아이디어, 소자본’을 키워드로 하는) ",수희향,7800,0.0,전체 이용가,https://comicthumb-phinf.pstatic.net/20181227_194/pocket_1545869632818R7mw1_JPEG/kyobo6349889455463930141l9788991120990.jpg?type=m260
9791155429372,경제/경영,"한국경제, 반전의 조건 ",김동원,11000,0.0,전체 이용가,https://comicthumb-phinf.pstatic.net/20181225_230/pocket_1545696852030WSpOS_JPEG/kyobo5337719049108531472l9791155429372.jpg?type=m260
9791162338940,경제/경영,조선 리더십 경영 ,윤형돈,10500,0.0,전체 이용가,https://comicthumb-phinf.pstatic.net/20190502_15/pocket_1556765094265wG2zv_JPEG/kyobo2724848705889168526l9791162338940.jpg?type=m260
9791186151167,경제/경영,네이버 카페 플랫폼 비즈니스로 6개월 안에 연봉벌기 ,박영식,13000,0.0,전체 이용가,https://comicthumb-phinf.pstatic.net/20230113_100/pocket_1673568241683QNsS2_JPEG/kyobo7830115341361307899l9791186151167.jpg?type=m260
9791162227145,경제/경영,미래를 알면 돈이 보인다 ,한승우,7200,0.0,전체 이용가,https://comicthumb-phinf.pstatic.net/20181222_90/pocket_1545437719981VlFtG_JPEG/kyobo6961234689839404774l9791162227145.jpg?type=m260
9791195785742,경제/경영,21세기 자본을 위한 이단의 경제학 (되짚어 보는 지구촌 경제의 새로운 패러다임) ,박양수,10000,0.0,전체 이용가,https://comicthumb-phinf.pstatic.net/20181221_8/pocket_154535102459293I2e_JPEG/kyobo8547240157851910454l9791195785742.jpg?type=m260
9791161340135,경제/경영,줄서는 일본의 작은 빵집 ,내 가게 시작하기 편집부,9800,0.0,전체 이용가,https://comicthumb-phinf.pstatic.net/20230111_240/pocket_1673395201720NYqJo_JPEG/kyobo121486021145113116l9791161340135.jpg?type=m260
9791195785797,경제/경영,보이스 퍼스트 패러다임 (슈퍼플랫폼을 선점하라) ,호모 디지쿠스,8900,0.0,전체 이용가,https://comicthumb-phinf.pstatic.net/20230202_164/pocket_1675296454390VoHfp_JPEG/kyobo3715600308388331933l9791195785797.jpg?type=m260
9791186615362,경제/경영,2시간에 끝나는 부가가치세 셀프 신고 ,최용규,9800,10.0,전체 이용가,https://comicthumb-phinf.pstatic.net/20181220_218/pocket_1545267049410KMUHo_JPEG/kyobo2049044861301005105l9791186615362.jpg?type=m260
9788947543729,경제/경영,리치 파머 (한국의 젊은 부자 농부들) ,김철수,12800,0.0,전체 이용가,https://comicthumb-phinf.pstatic.net/20181220_166/pocket_1545266428966JVA91_JPEG/kyobo6954863807313221026l9788947543729.jpg?type=m260
9791160073249,경제/경영,서른 살 이전에 무조건 1억을 모아라 (재무주치의 닥터 이재무의 완벽 재테크 처방) ,이상원,9500,0.0,전체 이용가,https://comicthumb-phinf.pstatic.net/20181220_287/pocket_1545260739343iK9p6_JPEG/kpc48395333759136896219791160073386.jpg?type=m260
9791196285388,경제/경영,"전문경영인이 되는 길, 전문경영인으로 사는 길 (전문경영인 선배가 전하는 냉철하고 따뜻한 조언서) ",김준희,11000,0.0,전체 이용가,https://comicthumb-phinf.pstatic.net/20181220_106/pocket_1545264479691OKteT_JPEG/kyobo725851743697373810l9791196285388.jpg?type=m260
9791188610938,경제/경영,대한민국 경매 투자 ,김도사,9000,0.0,전체 이용가,https://comicthumb-phinf.pstatic.net/20181220_65/pocket_1545260433048ktkJh_JPEG/kpc4410962637391484389791188610952.jpg?type=m260
9788960516823,경제/경영,넥스트 레볼루션 ,리처드 다베니,12600,0.0,전체 이용가,https://comicthumb-phinf.pstatic.net/20181219_169/pocket_1545174233698x4KMp_JPEG/kpc32198108600612994369788960516861.jpg?type=m260
9791186256947,경제/경영,극진영업 세계 시장을 깨다 ,류태헌,11060,0.0,전체 이용가,https://comicthumb-phinf.pstatic.net/20181219_10/pocket_1545180370311LRCcK_JPEG/kyobo3015934651383864363l9791186256947.jpg?type=m260
9791160506563,경제/경영,일본 초격차 기업의 3가지 원칙 ,최원석,11600,0.0,전체 이용가,https://comicthumb-phinf.pstatic.net/20181219_29/pocket_1545174450415IsLGO_JPEG/kpc81560818771964992569791160506730.jpg?type=m260
9791189344252,경제/경영,"부동산 경매 (밑바닥부터 시작하는,항상 마음만 먹고 시작도 안하는 초짜들을 위한 경매책) ",전용은,9000,0.0,전체 이용가,https://comicthumb-phinf.pstatic.net/20181215_178/pocket_1544834180247xTqxs_JPEG/kyobo7911568621775503607l9791189344252.jpg?type=m260
9788997589081,경제/경영,펜션에서 게스트하우스까지 ,김성택,10500,0.0,전체 이용가,https://comicthumb-phinf.pstatic.net/20181215_168/pocket_1544833284790LR9YP_JPEG/kyobo5639426209050925951l480D181212600.jpg?type=m260
9788950977559,경제/경영,BTS 마케팅 (초연결시대 플랫폼 마케팅을 위한 완전한 해답) ,박형준,12000,0.0,전체 이용가,https://comicthumb-phinf.pstatic.net/20181218_24/pocket_1545110438673qFqxa_JPEG/BTS_%28280-415%29.jpg?type=m260
9791186137710,경제/경영,"1인기업 세무과외 (알아두면 돈 되는,13년차 공인회계사의 스토리텔링 세무과외!) ",박순웅,11900,0.0,전체 이용가,https://comicthumb-phinf.pstatic.net/20220721_215/pocket_1658364368051w3f3g_JPEG/kyobo2443035462186874450l9791186137710.jpg?type=m260
9791162209738,경제/경영,지금부터 부동산 투자해도 부자가 될 수 있다 (읽기만 하면 돈 버는 부동산 투자의 기본) ,민경남,10500,0.0,전체 이용가,https://comicthumb-phinf.pstatic.net/20181214_182/pocket_1544773813813mbu4C_JPEG/coverpage.jpg?type=m260
9791155429266,경제/경영,월급이 적어도 돈은 모으고 싶어 (사회초년생을 위한 일대일 재테크 특강) ,성동규,10400,0.0,전체 이용가,https://comicthumb-phinf.pstatic.net/20181213_31/pocket_1544660491109zH8GQ_JPEG/kyobo8719855203134778020l9791155429266.jpg?type=m260
9791155429235,경제/경영,무엇이 중국을 1등으로 만드는가 (세계경제 뒤흔드는 智혁명이 온다) ,MBN 중국보고서팀,11000,0.0,전체 이용가,https://comicthumb-phinf.pstatic.net/20181213_132/pocket_1544660545107tNBSN_JPEG/kyobo419244958194149823l9791155429235.jpg?type=m260
9791185860428,경제/경영,트루 셀프 코칭 (깨어나는 여성의 리더십과 영어 커뮤니케이션) ,노윤경,11760,0.0,전체 이용가,https://comicthumb-phinf.pstatic.net/20181214_126/pocket_1544745934933Blm8z_JPEG/kyobo7948063463341562698l9791185860428.jpg?type=m260
9791155429198,경제/경영,"입사 3년차, 월급만으로는 살 수 없다는 걸 알았다 ",이성헌,9800,0.0,전체 이용가,https://comicthumb-phinf.pstatic.net/20181213_248/pocket_1544660011809iFoSx_JPEG/kyobo8847328039732557406l9791155429198.jpg?type=m260
9791170221654,경제/경영,챌린지컬처 ,나이젤 트래비스,10000,0.0,전체 이용가,https://comicthumb-phinf.pstatic.net/20181213_291/pocket_15446598671341xz1u_JPEG/kyobo3273631896811227993l9791170221654.jpg?type=m260
9791128831942,경제/경영,경제적 모순들의 체계 혹은 곤궁의 철학 1 ,피에르 조지프 프루동,26240,0.0,전체 이용가,https://comicthumb-phinf.pstatic.net/20181213_214/pocket_1544659570821WkMRw_JPEG/kyobo4587120960591176782l9791128831942.jpg?type=m260
9791130619996,경제/경영,최고의 브랜드는 어떻게 성장하는가 (1등 기업에 숨겨진 끌리는 스토리의 법칙) ,이와이 타쿠마,10500,0.0,전체 이용가,https://comicthumb-phinf.pstatic.net/20181213_123/pocket_1544679793487w4WOu_JPEG/9791130620121.jpg?type=m260
9791195998333,경제/경영,무배격 (쇼핑의 미래) ,김영호,11000,0.0,전체 이용가,https://comicthumb-phinf.pstatic.net/20181211_299/pocket_1544487748546Tt4lW_JPEG/kyobo1604231873815539626l9791195998333.jpg?type=m260
9791189328061,경제/경영,당신의 무기는 무엇인가 ,브라이언 트레이시,11200,0.0,전체 이용가,https://comicthumb-phinf.pstatic.net/20181211_210/pocket_1544487887841Dy61Y_JPEG/kyobo2157504875807033248l9791189328061.jpg?type=m260
9791196376444,경제/경영,한 권으로 먼저 보는 2019년 경제 전망 (세계 그리고 한국 경제를 관통하는 중대한 흐름과 최신 트렌드 19가지) ,김광석,10850,0.0,전체 이용가,https://comicthumb-phinf.pstatic.net/20181208_8/pocket_1544228321508ekSdh_JPEG/kyobo7075726961915992955l9791196376444.jpg?type=m260
9791196376413,경제/경영,단숨에 읽는 부동산 시장 독법 ,최진기,11760,0.0,전체 이용가,https://comicthumb-phinf.pstatic.net/20181208_169/pocket_1544229340203rUrUn_JPEG/kyobo4459310322557310965l9791196376413.jpg?type=m260
9791187604976,경제/경영,보이지 않는 가격의 경제학 (바코드 속에 숨겨진 소비자와 판매자의 치열한 심리싸움) ,노정동,9000,0.0,전체 이용가,https://comicthumb-phinf.pstatic.net/20181208_36/pocket_1544229704029z8qRH_JPEG/kyobo892788752867979428l9791187604976.jpg?type=m260
9791162209868,경제/경영,월급 사수 재테크 (오늘도 출근하는 엄마를 위한) ,김혜실,10360,0.0,전체 이용가,https://comicthumb-phinf.pstatic.net/20181207_216/pocket_1544165721434LMxK9_JPEG/coverpage.jpg?type=m260
9791196339050,경제/경영,와이즈 트렌드 ,트렌즈지 특별취재팀,14000,10.0,전체 이용가,https://comicthumb-phinf.pstatic.net/20190102_150/pocket_15463879937711LW0f_JPEG/kyobo8034619585545873979l9791196339050.jpg?type=m260
9788950977863,경제/경영,2019 한국경제 대전망 ,이근,14400,0.0,전체 이용가,https://comicthumb-phinf.pstatic.net/20181207_76/pocket_1544141716838dVW6i_JPEG/2019__%28280-415%29.jpg?type=m260
9791196493905,경제/경영,요즘 브랜드 (당신이라는 브랜드에게) ,박찬용,9800,0.0,전체 이용가,https://comicthumb-phinf.pstatic.net/20181206_194/pocket_1544051071778rKjVv_JPEG/kpc20185790989833951159791196493929.jpg?type=m260
9788950978495,경제/경영,리더라는 브랜드 (리더를 최고 브랜드로 만들 비밀 전략) ,허은아,12800,0.0,전체 이용가,https://comicthumb-phinf.pstatic.net/20181206_259/pocket_1544073121296HLKTz_JPEG/_%28280-415%29.jpg?type=m260
9788959895595,경제/경영,트렌드 인사이트 2030 (60개의 키워드로 미래를 읽다) ,로렌스 새뮤얼,11900,0.0,전체 이용가,https://comicthumb-phinf.pstatic.net/20181205_28/pocket_1543964497269C5sPQ_JPEG/kpc79330732950747377419788959895618.jpg?type=m260
9791162241233,경제/경영,IT 트렌드 스페셜 리포트 2019 (한 발 더 다가온 4차 산업혁명 시대의 비즈니스 기회를 잡아라) ,김석기,14200,10.0,전체 이용가,https://comicthumb-phinf.pstatic.net/20181204_181/pocket_15438825881234RHc8_JPEG/kyobo3911677160500898925l9791162241233.jpg?type=m260
9791157782567,경제/경영,NAVER오픈마켓 스마트스토어 ,양주환,16000,1.0,전체 이용가,https://comicthumb-phinf.pstatic.net/20181201_274/pocket_1543631036181bQPMk_JPEG/kyobo7986962929827124925l9791157782567.jpg?type=m260
9791130619873,경제/경영,왜 나는 사업부터 배웠는가 (14억 빚에서 500억 CEO가 될 수 있었던 비결) ,송성근,10500,0.0,전체 이용가,https://comicthumb-phinf.pstatic.net/20181204_75/pocket_15439013935630nXIW_JPEG/9791130619965.jpg?type=m260
9791157781508,경제/경영,My 브랜드파워 SNS 마케팅 (고객과 소통하고 농업 소상공인 자영업자 꿈을 디자인하는) ,양주환,20000,0.0,전체 이용가,https://comicthumb-phinf.pstatic.net/20181201_284/pocket_1543625036869UHlJi_JPEG/kyobo136047239626573536l9791157781508.jpg?type=m260
9791185889870,경제/경영,북한투자 가이드 (2019) ,김한신,25000,0.0,전체 이용가,https://comicthumb-phinf.pstatic.net/20181201_201/pocket_15436254793460r6U0_JPEG/kyobo272716620298252456l9791185889870.jpg?type=m260
9791162226704,경제/경영,세상에서 가장 쉬운 세테크 상식 이야기 ,성우경,9000,0.0,전체 이용가,https://comicthumb-phinf.pstatic.net/20181201_97/pocket_1543624647563Jv0Vf_JPEG/kyobo737934233203105262l9791162226704.jpg?type=m260
9791196410667,경제/경영,"우리 손주 큰일 났네 (원로경영인이 걱정하는 인구절벽, 그리고 대안) ",고양명,10500,0.0,전체 이용가,https://comicthumb-phinf.pstatic.net/20181204_141/pocket_1543882629969WFBwl_JPEG/kyobo1146041957001789129l9791196410667.jpg?type=m260
9788960516700,경제/경영,미래의 단서 (글로벌 메가트렌트 최종 결정판) ,존 나이스비트,12000,10.0,전체 이용가,https://comicthumb-phinf.pstatic.net/20181130_225/pocket_1543532724379R0EOB_JPEG/kpc75569511457915655439788960516717.jpg?type=m260
9788960516663,경제/경영,라이프 트렌드 2019 (젠더 뉴트럴(Gender Neutral)) ,김용섭,12500,10.0,전체 이용가,https://comicthumb-phinf.pstatic.net/20181130_272/pocket_1543532773650CiwEm_JPEG/kpc13456768365661437859788960516670.jpg?type=m260
9788984059481,경제/경영,버튼 터치 하트 ,이경전,10500,0.0,전체 이용가,https://comicthumb-phinf.pstatic.net/20181130_161/pocket_1543532675508jtRfx_JPEG/kpc31287039203408487899788984059498.jpg?type=m260
9788979199918,경제/경영,"벌거벗은 재벌님 (위기의 한국 경제와 재벌개혁, 올바른 해법을 찾아서) ",박상인,9500,0.0,전체 이용가,https://comicthumb-phinf.pstatic.net/20181129_260/pocket_15434534640932YTNT_JPEG/kyobo3791108049995264289l9788979199918.jpg?type=m260
9791196453152,경제/경영,끌리는 것들의 비밀 ,윤정원,11000,0.0,전체 이용가,https://comicthumb-phinf.pstatic.net/20190102_172/pocket_1546388117541bI8Kw_JPEG/kyobo1475916231687572958l9791196453152.jpg?type=m260
9791162226735,경제/경영,"돈 되는 기업탐방, 돈 버는 주식투자 (실체는 기업이고 주가는 그림자이다) ",김대욱,10800,0.0,전체 이용가,https://comicthumb-phinf.pstatic.net/20181120_73/pocket_1542674007687YiAqM_JPEG/kyobo2760340384520815135l9791162226735.jpg?type=m260
9791155429105,경제/경영,김 부장은 왜 꼬마빌딩을 사지 않고 지었을까? ,김종흔,11000,0.0,전체 이용가,https://comicthumb-phinf.pstatic.net/20181120_4/pocket_1542672710922EvKlt_JPEG/kyobo2694733013516936864l9791155429105.jpg?type=m260
9791155429112,경제/경영,"꼬마빌딩 재테크 (임동권의 한 권으로 끝내는,평생 월급 보장받는 수익형 부동산의 모든 것) ",임동권,11000,10.0,전체 이용가,https://comicthumb-phinf.pstatic.net/20181120_81/pocket_1542673530694cYccf_JPEG/kyobo1647627858326529318l9791155429112.jpg?type=m260
9791162993316,경제/경영,좌충우돌 스타트업 창업 멘토링 (제4차 산업 시대의 경영 컨설팅 2019) ,이철우,9100,0.0,전체 이용가,https://comicthumb-phinf.pstatic.net/20181120_126/pocket_1542673630579c3HUb_JPEG/kyobo1887502515272319639l9791162993316.jpg?type=m260
9791189089467,경제/경영,"생초보, SNS 마케팅 하루 만에 끝장내기 ",서영주,8500,0.0,전체 이용가,https://comicthumb-phinf.pstatic.net/20181120_234/pocket_1542675226709lRAQj_JPEG/kyobo7533927180126152728l9791189089467.jpg?type=m260
9791188348282,경제/경영,크리에이터의 시대 2019 SNS 트렌드를 읽다 ,정진수,8400,10.0,전체 이용가,https://comicthumb-phinf.pstatic.net/20181120_177/pocket_1542675103642g1pgh_JPEG/kyobo404520677235982185l9791188348282.jpg?type=m260
9791162993293,경제/경영,중소기업을 위한 워라밸 인사노무관리 (근로시간 단축과 최저임금 고공인상 시대의 인사경영 솔루션) ,정학용,11100,0.0,전체 이용가,https://comicthumb-phinf.pstatic.net/20181120_183/pocket_1542672509672MVG2s_JPEG/kyobo2583685163397538485l9791162993293.jpg?type=m260
9791189089443,경제/경영,스마트스토어 마케팅 (개편된 검색엔진에 맞춘 네이버쇼핑 상위 노출 로직의 비밀) ,고아라,10500,0.0,전체 이용가,https://comicthumb-phinf.pstatic.net/20181120_36/pocket_1542675050635lgSbq_JPEG/kyobo8905766108803123006l9791189089443.jpg?type=m260
9788965112075,경제/경영,명성 커뮤니케이션 ,정성호,17000,0.0,전체 이용가,https://comicthumb-phinf.pstatic.net/20181115_110/pocket_15422436270371HI48_JPEG/upaper5047862367381781409U1116831.jpg?type=m260
9791196251703,경제/경영,레드팀 (성공하기를 원한다면 적의 입장에서 생각하라) ,마이카 젠코,11900,0.0,전체 이용가,https://comicthumb-phinf.pstatic.net/20230228_88/pocket_1677543111220YksOd_JPEG/kyobo2204282826494126626l9791196251703.jpg?type=m260
9788959895526,경제/경영,트렌드 코리아 2019 (서울대 소비트렌드 분석센터의 2019 전망) ,김난도 외,11900,6.3,전체 이용가,https://comicthumb-phinf.pstatic.net/20190212_219/pocket_1549926027289Rwvwl_JPEG/kpc56098520013729870079788959895571.jpg?type=m260
9791196359201,경제/경영,북한 비즈니스 진출 전략 ,삼정KPMG 대북비즈니스지원센터,14000,0.0,전체 이용가,https://comicthumb-phinf.pstatic.net/20181116_287/pocket_1542323017003FYayy_JPEG/kpc23581003345445018639791196359225.jpg?type=m260
9791187685272,경제/경영,미세유행(2019) (트렌드를 아는 것이 트렌드가 아닌 시대) ,안성민,10200,10.0,전체 이용가,https://comicthumb-phinf.pstatic.net/20230217_117/pocket_1676592673319ntr8a_JPEG/kyobo3075308431883515076l9791187685272.jpg?type=m260
9791160573947,경제/경영,코끼리를 날게 하라 (기업의 운명을 바꾸는 실리콘밸리식 혁신 비법) ,스티븐 호프먼,12600,0.0,전체 이용가,https://comicthumb-phinf.pstatic.net/20181113_81/pocket_1542068514102H3qwS_JPEG/kyobo3846592409583934705l9791160573947.jpg?type=m260
9788947544191,경제/경영,"2019 대한민국 트렌드 (마크로밀 엠브레인 트렌드모니터, 2019년, 소비자들은 무엇을 원할까?) ",최인수,12800,10.0,전체 이용가,https://comicthumb-phinf.pstatic.net/20230120_85/pocket_1674173175452xtL5R_JPEG/kyobo338070323185491891l9788947544191.jpg?type=m260
9791189430054,경제/경영,기업의 미래를 여는 사회가치경영 (K-매니지먼트 4.0) ,김재구,10500,0.0,전체 이용가,https://comicthumb-phinf.pstatic.net/20230104_209/pocket_1672796297169YdIUl_JPEG/kyobo6206468024038619397l9791189430054.jpg?type=m260
9791189430061,경제/경영,어서와~ HR은 처음이지? ,홍석환,11200,0.0,전체 이용가,https://comicthumb-phinf.pstatic.net/20181110_46/pocket_1541808506271yzCKO_JPEG/kyobo5850794039079108056l9791189430061.jpg?type=m260
9791196082727,경제/경영,퇴사준비생의 런던 ,이동진,10500,0.0,전체 이용가,https://comicthumb-phinf.pstatic.net/20181210_48/pocket_1544400074403DKzmw_JPEG/kyobo245390353272985697l9791196082727.jpg?type=m260
9791162752340,경제/경영,퍼펙트 부동산경매 (실전 경매투자를 위한 완벽 가이드) ,조용덕,15000,0.0,전체 이용가,https://comicthumb-phinf.pstatic.net/20181109_220/pocket_1541723280907OucNL_JPEG/kyobo4819382399831593450l9791162752340.jpg?type=m260
9791187289456,경제/경영,2019 트렌드 노트 ,김정구,11000,10.0,전체 이용가,https://comicthumb-phinf.pstatic.net/20181110_211/pocket_1541809167512QzuQN_JPEG/kyobo3839237036856559000l9791187289456.jpg?type=m260
9791162752814,경제/경영,박대리는 왜 다단계에 빠졌을까? (네트워크마케팅 Q&A) ,박병건,6500,0.0,전체 이용가,https://comicthumb-phinf.pstatic.net/20181109_151/pocket_1541723046577Edty9_JPEG/kyobo8260891874735220371l9791162752814.jpg?type=m260
9791162752760,경제/경영,마케팅 경영 1 ,최정규,7400,0.0,전체 이용가,https://comicthumb-phinf.pstatic.net/20181109_90/pocket_15417217133658VnHz_JPEG/kyobo6788856778233973716l9791162752760.jpg?type=m260
9791187604952,경제/경영,"디지털 트렌드 2019 (인공지능 플랫폼 전쟁의 시작, 혁신만이 유일한 생존 전략이다!) ",연대성,9000,10.0,전체 이용가,https://comicthumb-phinf.pstatic.net/20181108_6/pocket_1541635255993QPhbg_JPEG/kyobo7749299129534455369l9791187604952.jpg?type=m260
9791189089191,경제/경영,떴다! 분양의 여왕 ,한유정,8500,0.0,전체 이용가,https://comicthumb-phinf.pstatic.net/20181108_175/pocket_1541635352648jFRNf_JPEG/kyobo1418104149342905913l9791189089191.jpg?type=m260
9791160073225,경제/경영,2019 ICT 트렌드 (새로운 비즈니스와 투자의 흐름이 보이는) ,크로스테크랩,11600,0.0,전체 이용가,https://comicthumb-phinf.pstatic.net/20181108_237/pocket_1541631606540FpXmr_JPEG/kpc39673578271386916929791160073270.jpg?type=m260
9791160505016,경제/경영,하루 만에 수익 내는 실전 주식투자 (실전투자대회 6관왕의 투자법 대공개) ,강창권,14000,0.0,전체 이용가,https://comicthumb-phinf.pstatic.net/20181108_298/pocket_1541631724588PYVhV_JPEG/kpc11644156145691010099791160506198.jpg?type=m260
9791160505740,경제/경영,시골 카페에서 경영을 찾다 ,다카이 나오유키,12000,10.0,전체 이용가,https://comicthumb-phinf.pstatic.net/20181107_75/pocket_1541545206686YfLTn_JPEG/kpc47267045817750704629791160506204.jpg?type=m260
9791196206833,경제/경영,BTS Insight 잘함과 진심 (BTS에게 배우는 Z세대 경영전략) ,김남국,9800,0.0,전체 이용가,https://comicthumb-phinf.pstatic.net/20181106_118/pocket_1541463666054ARKAc_JPEG/kyobo5859832118109849379l9791196206833.jpg?type=m260
9788998294472,경제/경영,계약을 부르는 보험금 세일즈 (지급 사례를 활용한 세일즈 스킬업) ,장은서,8400,0.0,전체 이용가,https://comicthumb-phinf.pstatic.net/20181106_53/pocket_1541464777339tCxbC_JPEG/kyobo2799481174820697886l9788998294472.jpg?type=m260
9791186358481,경제/경영,중국 스타트업처럼 비즈니스하라 (중국 비즈니스 생태계 공략법) ,김희종,12000,10.0,전체 이용가,https://comicthumb-phinf.pstatic.net/20181106_186/pocket_15414626514060NhkR_JPEG/kyobo4981311495284367153l9791186358481.jpg?type=m260
9791189344207,경제/경영,오윤섭의 부동산 가치투자 (상승장에서도 하락장에서도 실패하지 않는) ,오윤섭,11100,0.0,전체 이용가,https://comicthumb-phinf.pstatic.net/20181103_18/pocket_1541206873604nNVkx_JPEG/kyobo2909226997393326680l9791189344207.jpg?type=m260
9788994142869,경제/경영,"빚의 만리장성 (그림자 금융, 유령 도시, 대규모 부채 그리고 중국 경제 기적의 종말) ",디니 맥마흔,11760,0.0,전체 이용가,https://comicthumb-phinf.pstatic.net/20181103_14/pocket_1541204687803KHq8j_JPEG/kyobo489381598024557807l9788994142869.jpg?type=m260
9791157783311,경제/경영,성공할 수밖에 없는 매매 습관 들이기 (주식 국내선물 해외선물 실전거래) ,박용삼,20000,0.0,전체 이용가,https://comicthumb-phinf.pstatic.net/20181103_243/pocket_1541205209616D3yQR_JPEG/kyobo6367624162600804443l9791157783311.jpg?type=m260
9791162993521,경제/경영,위기를 기회로 만드는 직장인 재테크 (이제 곧 주식·부동산 시장에서 곡소리 난다!) ,이호룡,10400,0.0,전체 이용가,https://comicthumb-phinf.pstatic.net/20181102_137/pocket_1541118115261M03iX_JPEG/kyobo5600859851485494674l9791162993521.jpg?type=m260
9791187444329,경제/경영,4차 산업혁명 6개의 미래지도 ,보스턴컨설팅그룹,7800,0.0,전체 이용가,https://comicthumb-phinf.pstatic.net/20181101_121/pocket_1541036323522cLfED_JPEG/kyobo8810770436611230727l9791187444329.jpg?type=m260
9791162993132,경제/경영,스타트업이 대한민국의 미래다 ,김선무,9100,0.0,전체 이용가,https://comicthumb-phinf.pstatic.net/20181101_93/pocket_1541032107174Dq9eF_JPEG/kyobo4305561345713468410l9791162993132.jpg?type=m260
9791187150473,경제/경영,하마터면 회계를 모르고 일할 뻔했다! (재무제표와 돈의 흐름이 보이는) ,김수헌,10350,0.0,전체 이용가,https://comicthumb-phinf.pstatic.net/20181030_213/pocket_154085929582382WRF_JPEG/kyobo2904736290399420455l9791187150473.jpg?type=m260
9791185428406,경제/경영,"초인재 (인재혁명 시대, 돌파형 인재가 온다) ",김도현,9100,0.0,전체 이용가,https://comicthumb-phinf.pstatic.net/20181027_294/pocket_1540599680253CLIqU_JPEG/kyobo4540860852063751653l9791185428406.jpg?type=m260
9791196205669,경제/경영,드위트리 스토리 (깨지면서 발로 얻은 시골 펜션의 마케팅 성공기) ,하대석,11000,10.0,전체 이용가,https://comicthumb-phinf.pstatic.net/20181030_34/pocket_1540858738190CGULj_JPEG/kyobo8418019558691446515l9791196205669.jpg?type=m260
9791189344153,경제/경영,부동산 기사 그래서 어떻게 봐야 할까요? (돈 되는 부동산 정보는 경제기사에 있다) ,제네시스 박,9000,0.0,전체 이용가,https://comicthumb-phinf.pstatic.net/20181030_84/pocket_1540859487261Xcc78_JPEG/kyobo6695671266930378665l9791189344153.jpg?type=m260
9791188941094,경제/경영,이웃집 CEO (보통 사람을 세계 일류 리더로 성장시키는 4가지 행동) ,엘레나 보텔로,14400,0.0,전체 이용가,https://comicthumb-phinf.pstatic.net/20181027_49/pocket_1540599488191IaCet_JPEG/kyobo9124474006531536855l9791188941094.jpg?type=m260
9791188166251,경제/경영,"연말정산 환급교과서 (2019, 직장인들이 가장 궁금해하는) ",최진용,9500,0.0,전체 이용가,https://comicthumb-phinf.pstatic.net/20230103_124/pocket_1672705066820ITe95_JPEG/kyobo9181880179929741634l9791188166251.jpg?type=m260
9791162992791,경제/경영,나만 잘사는 자본주의에서 함께 잘 사는 사회적 경제로 (일하는 사람이 분배에서 소외되지 않는 세상을 만들기 위한 실천적 모색) ,이정식,9100,0.0,전체 이용가,https://comicthumb-phinf.pstatic.net/20181026_76/pocket_15405136069589TLvn_JPEG/kyobo8501518135612052407l9791162992791.jpg?type=m260
9791162992876,경제/경영,혁명 3.0 ,최재형,10400,0.0,전체 이용가,https://comicthumb-phinf.pstatic.net/20181026_162/pocket_1540513327921GDmMa_JPEG/kyobo1453023303961964756l9791162992876.jpg?type=m260
9791162992531,경제/경영,대한민국 경제프리즘 (58가지 담론에 드라마를 담다) ,권의종,9700,0.0,전체 이용가,https://comicthumb-phinf.pstatic.net/20181026_258/pocket_1540512356730qqhzo_JPEG/kyobo6529841121626131540l9791162992531.jpg?type=m260
9791196376406,경제/경영,한 권으로 정리하는 4차 산업혁명 ,최진기,10800,0.0,전체 이용가,https://comicthumb-phinf.pstatic.net/20181025_207/pocket_1540426431664oeuUP_JPEG/kyobo4336685901612502016l9791196376406.jpg?type=m260
9791162227022,경제/경영,부자되는 법 ,이지영,10000,0.0,전체 이용가,https://comicthumb-phinf.pstatic.net/20181023_15/pocket_154025745075761AA1_JPEG/kyobo3527325080053503532l9791162227022.jpg?type=m260
9788974256500,경제/경영,나는 스포츠로 창업을 꿈꾼다 (누구도 가르쳐준 적 없는 스포츠 스타트업의 모든 것!) ,윤거일,11000,0.0,전체 이용가,https://comicthumb-phinf.pstatic.net/20181023_38/pocket_1540255044182XgGyC_JPEG/kyobo5970041717096673331l9788974256500.jpg?type=m260
9788991868519,경제/경영,"강 박사의 큰부자 (적은 돈으로 큰 경매,1번 읽고 수익률 2배 경매) ",강희만,13800,0.0,전체 이용가,https://comicthumb-phinf.pstatic.net/20181020_237/pocket_1539997208997XGEKq_JPEG/upaper8722247818221742298U1116201.jpg?type=m260
9791187289449,경제/경영,저도 장사가 어려운데요 (평범한 사장들의 특별한 장사공부) ,배민아카데미,11000,10.0,전체 이용가,https://comicthumb-phinf.pstatic.net/20181019_224/pocket_1539911075947rqDN8_JPEG/kyobo1281297121816456902l9791187289449.jpg?type=m260
9791160504873,경제/경영,경매 승부사들 ,정충진,10500,0.0,전체 이용가,https://comicthumb-phinf.pstatic.net/20181121_175/pocket_1542754930026Ha6ht_JPEG/kpc37026641394169359099791160506082.jpg?type=m260
9788952794185,경제/경영,2019 한국이 열광할 세계 트렌트 (노블푸드부터 패스트 힐링까지) ,KOTRA,16100,0.0,전체 이용가,https://comicthumb-phinf.pstatic.net/20181019_90/pocket_1539909034375ter0H_JPEG/1678758.jpg?type=m260
9788994142326,경제/경영,"벤 버냉키, 연방준비제도와 금융위기를 말하다 ",벤S. 버냉키,11200,0.0,전체 이용가,https://comicthumb-phinf.pstatic.net/20220806_244/pocket_1659745792736qpJKe_JPEG/kyobo2954542849858942092l9788994142326.jpg?type=m260
9791189089337,경제/경영,"난생 처음 토지 투자 (1,000만 원으로 시작해 100억 부자 만드는 실패 없는 토지 투자) ",이라희,10500,0.0,전체 이용가,https://comicthumb-phinf.pstatic.net/20181018_287/pocket_1539823563893F1bl9_JPEG/kyobo5814202204835025541l9791189089337.jpg?type=m260
9791187509387,경제/경영,블록체인 사용설명서 101가지 이야기 (알면 부자되는 블록체인 기술) ,전중훤,10500,0.0,전체 이용가,https://comicthumb-phinf.pstatic.net/20181018_205/pocket_1539822360897eboSj_JPEG/kyobo1474277591978708773l9791187509387.jpg?type=m260
9791187444299,경제/경영,성공하는 사회적 기업가는 어떻게 혁신하는가 ,김동헌,8800,0.0,전체 이용가,https://comicthumb-phinf.pstatic.net/20181018_48/pocket_1539822765558YuFPY_JPEG/kyobo7067751826435186467l9791187444299.jpg?type=m260
9791155429037,경제/경영,블록체인 에스토니아처럼 ,박용범,10000,0.0,전체 이용가,https://comicthumb-phinf.pstatic.net/20181017_12/pocket_15397418533591pTdr_JPEG/kyobo3335860740397560827l9791155429037.jpg?type=m260
9788957821251,경제/경영,집 없어도 땅은 사라 (대박땅꾼 전은규의) ,전은규,13000,0.0,전체 이용가,https://comicthumb-phinf.pstatic.net/20181017_198/pocket_15397391784874DJ9A_JPEG/kyobo6588170059521896193l9788957821251.jpg?type=m260
9791187980629,경제/경영,아마존 미래전략 2022 ,다나카 미치아키,11000,10.0,전체 이용가,https://comicthumb-phinf.pstatic.net/20181016_86/pocket_1539669802188WD9w6_JPEG/kyobo6942500709660832833l9791187980629.jpg?type=m260
9788901226750,경제/경영,원인과 결과의 경제학 (넘치는 데이터 속에서 진짜 의미를 찾아내는 법) ,나카무로 마키코,9800,0.0,전체 이용가,https://comicthumb-phinf.pstatic.net/20181010_271/pocket_1539136728874XBmqn_JPEG/__.jpg?type=m260
9791187993520,경제/경영,제2차 코인 전쟁 (본 게임은 이미 시작됐다. 더 거대한 파도가 덮쳐온다) ,황태섭,11000,0.0,전체 이용가,https://comicthumb-phinf.pstatic.net/20181012_182/pocket_1539306867004d3MNx_JPEG/kyobo8540197290767014805l9791187993520.jpg?type=m260
9791189279165,경제/경영,"여자 사장, 성공할 수밖에! ",허지영,11500,0.0,전체 이용가,https://comicthumb-phinf.pstatic.net/20181011_34/pocket_1539216655914DqFcg_JPEG/kyobo1365291267934737305l9791189279165.jpg?type=m260
9791188949090,경제/경영,밥벌이의 미래 (4차 산업혁명이 바꿀 삶과 산업의 풍경) ,이진오,10500,0.0,전체 이용가,https://comicthumb-phinf.pstatic.net/20181009_299/pocket_1539043859470GWxFO_JPEG/kyobo9061514324070249906l9791188949090.jpg?type=m260
9791162226308,경제/경영,소득상한제 ,고김주희,6000,0.0,전체 이용가,https://comicthumb-phinf.pstatic.net/20181006_111/pocket_1538786116664VyUFx_JPEG/kyobo3360631949012246885l9791162226308.jpg?type=m260
9788965706359,경제/경영,멘트가 죄다 (킬Kill할 수 없다면 아무 말도 하지 마라) ,안규호,10500,0.0,전체 이용가,https://comicthumb-phinf.pstatic.net/20181005_5/pocket_15387044910425C55q_JPEG/kyobo7199540674587041330l9788965706359.jpg?type=m260
9791186560792,경제/경영,데이터 분석의 힘 (그 많은 숫자들은 어떻게 전략이 되는가) ,이토 고이치로,11000,0.0,전체 이용가,https://comicthumb-phinf.pstatic.net/20181002_12/pocket_1538436204165oFhnE_JPEG/kpc10018189876037951219791186560822.jpg?type=m260
9788934968153,경제/경영,무엇이 행동하게 하는가 (마음을 움직이는 경제학) ,유리 그니지,9450,0.0,전체 이용가,https://comicthumb-phinf.pstatic.net/20181002_299/pocket_1538436229114ScSbx_JPEG/kpc42629717531291864879788934968153.jpg?type=m260
9788960516601,경제/경영,경제학의 모험 (플라톤에서 피케티까지 상상력을 불어넣는 경제학자들의 도전) ,니알 키시타이니,14000,0.0,전체 이용가,https://comicthumb-phinf.pstatic.net/20181003_113/pocket_1538521311204nH58b_JPEG/kpc80381359164031779109788960516625.jpg?type=m260
9788934929277,경제/경영,"지식경제학 미스터리 (경제성장의 숨겨진 힘, 지식의 기원과 부의 비밀) ",데이비드 워시,19710,0.0,전체 이용가,https://comicthumb-phinf.pstatic.net/20181002_3/pocket_1538436276321yh1n1_JPEG/kpc39260332957458609349788934929277.jpg?type=m260
9788934973782,경제/경영,성과를 내고 싶으면 실행하라 (실행에 성공한 사람들의 4가지 행동 원칙) ,크리스 맥체스니,9900,0.0,전체 이용가,https://comicthumb-phinf.pstatic.net/20181002_100/pocket_1538435788306r6PFC_JPEG/kpc204111984310953734497889349737821.jpg?type=m260
9788934969006,경제/경영,"구글은 어떻게 일하는가 (에릭 슈미트가 직접 공개하는 구글 방식의 모든 것, How Google Works) ",에릭 슈미트,8910,0.0,전체 이용가,https://comicthumb-phinf.pstatic.net/20181002_157/pocket_153843554325100z0J_JPEG/kpc48478631964028128019788934969006.jpg?type=m260
9791160073102,경제/경영,팬 베이스 ,사토 나오유키,10500,0.0,전체 이용가,https://comicthumb-phinf.pstatic.net/20181002_250/pocket_15384357468574zfex_JPEG/kpc12145001713308381619791160073188.jpg?type=m260
9788934966760,경제/경영,메트릭 스튜디오 (문병로 교수의) ,문병로,10710,7.0,전체 이용가,https://comicthumb-phinf.pstatic.net/20181002_137/pocket_1538435316774sWn1n_JPEG/kpc41142146751147608799788934966760.jpg?type=m260
9788934975601,경제/경영,2030 미래의 대이동 ,최윤식,9950,0.0,전체 이용가,https://comicthumb-phinf.pstatic.net/20181002_174/pocket_1538435335605od5Ow_JPEG/kpc10836984252312105359788934975601.jpg?type=m260
9788934974642,경제/경영,로버트 라이시의 자본 주의를 구하라 (상위 1%의 독주를 멈추게 하는 법) ,로버트 라이시,8910,0.0,전체 이용가,https://comicthumb-phinf.pstatic.net/20181002_85/pocket_1538435366247DG4rT_JPEG/kpc78591391794119511569788934974642.jpg?type=m260
9788934976301,경제/경영,코액티브 코칭 (고객과 코치가 함께 성공하는 코칭의 기술) ,헨리 킴지하우스,9000,0.0,전체 이용가,https://comicthumb-phinf.pstatic.net/20181002_151/pocket_15384349393837eb0f_JPEG/kpc67291928421340242979788934976301.jpg?type=m260
9788934941392,경제/경영,스마트 스웜 (가장 단순한 방법으로 세상을 뒤바꾼 가장 영리한 집단) ,피터 밀러,9450,0.0,전체 이용가,https://comicthumb-phinf.pstatic.net/20181002_154/pocket_1538435254481owGam_JPEG/kpc54372405928144012369788934941392.jpg?type=m260
9788998192693,경제/경영,알아두면 쓸 데 있는 3분 생활 경제 상식 ,안종군,7900,0.0,전체 이용가,https://comicthumb-phinf.pstatic.net/20180929_152/pocket_1538184141114fBQn8_JPEG/kyobo3032646285149033636l9788998192693.jpg?type=m260
9788934966524,경제/경영,미래학자의 통찰법 (보이지 않는 미래를 꿰뚫어보는 생각의 기술) ,최윤식,8190,0.0,전체 이용가,https://comicthumb-phinf.pstatic.net/20181002_31/pocket_15384349899569UED0_JPEG/kpc19503982955615835049788934968443.jpg?type=m260
9788934971016,경제/경영,"일론 머스크, 미래의 설계자 (지구상에서 가장 먼저 미래에 도착한 남자, 일론 머스크가 제시하는 미래의 프레임) ",애슐리 반스,11250,0.0,전체 이용가,https://comicthumb-phinf.pstatic.net/20181002_271/pocket_15384348914668mmW9_JPEG/kpc74346464703139669799788934971016.jpg?type=m260
9788934968764,경제/경영,2030 기회의 대이동 (미래는 누구의 것인가) ,최윤식,8820,0.0,전체 이용가,https://comicthumb-phinf.pstatic.net/20181002_214/pocket_1538434841923a3uKw_JPEG/kpc70130154163580748499788934968764.jpg?type=m260
9791170221609,경제/경영,+F 전략 (불확실성의 시대에 꼭 필요한 최고의 리스크 관리 전략) ,김수욱,10000,0.0,전체 이용가,https://comicthumb-phinf.pstatic.net/20180929_117/pocket_1538181936040Rsuxo_JPEG/kyobo3780183224764516676l9791170221609.jpg?type=m260
9788960516540,경제/경영,무조건 심플 (비즈니스 100년사가 증명한 단 하나의 성공 전략) ,리처드 코치,12000,0.0,전체 이용가,https://comicthumb-phinf.pstatic.net/20180929_107/pocket_1538175718454xHQXj_JPEG/kpc50994089628385483819788960516557.jpg?type=m260
9791187142584,경제/경영,유한계급론 ,소스타인 베블런,8800,0.0,전체 이용가,https://comicthumb-phinf.pstatic.net/20180929_51/pocket_1538175759827FhmBQ_JPEG/kpc76799764977533963919791187142584.jpg?type=m260
9791188977147,경제/경영,부자 마인드셋 (가장 빨리 부자 되는 단 한가지 방법) ,월레스 딜로이스 와틀스,10000,0.0,전체 이용가,https://comicthumb-phinf.pstatic.net/20180928_248/pocket_15380987811906JeA6_JPEG/kyobo6919718384629675879l9791188977147.jpg?type=m260
9791196285319,경제/경영,"하룻밤에 읽는 블록체인 (암호화폐 & 블록체인 필수지식, 70문 70답) ",정민아,9600,0.0,전체 이용가,https://comicthumb-phinf.pstatic.net/20180928_96/pocket_1538099518530se3LS_JPEG/kyobo1543770223557086198l9791196285319.jpg?type=m260
9791189089313,경제/경영,"3살, 부자가 되는 경제 교육을 시작하라 (내 아이의 평생을 든든하게 만드는 현명한 경제관념) ",최서영,8500,0.0,전체 이용가,https://comicthumb-phinf.pstatic.net/20180922_244/pocket_1537583965837jUold_JPEG/kyobo1680908613502817775l9791189089313.jpg?type=m260
9791196285302,경제/경영,호암의 마지막 꿈 (반도체에서 한국의 미래를 발견한 호암의 혜안과 결단) ,유귀훈,9100,0.0,전체 이용가,https://comicthumb-phinf.pstatic.net/20180928_127/pocket_1538103382386jxw2o_JPEG/kyobo4853768839052036600l9791196285302.jpg?type=m260
9791162207185,경제/경영,엄마의 첫 재테크 공부 (우리 집 자산이 2배속으로 늘어나는 시스템 만들기) ,김태형,11200,0.0,전체 이용가,https://comicthumb-phinf.pstatic.net/20180921_202/pocket_15374948709534JXLl_JPEG/coverpage.jpg?type=m260
9791195976539,경제/경영,부동산 처방전 (집이 있어도 집이 없어도 고민인 당신을 위한) ,정은숙,11500,0.0,전체 이용가,https://comicthumb-phinf.pstatic.net/20180920_73/pocket_1537407748390waKDg_JPEG/kyobo1632956625805089018l9791195976539.jpg?type=m260
9788957821244,경제/경영,60분만에 아는 비트코인 (알아 두면 돈이 되는 신비한 비트코인의 모든 것!) ,다카하시 료테쓰,10000,0.0,전체 이용가,https://comicthumb-phinf.pstatic.net/20180919_203/pocket_15373206613268rgE8_JPEG/kyobo4037293256201377324l9788957821244.jpg?type=m260
9791187993506,경제/경영,프리랜서 시대가 온다 (월 1천만원 고수입 프리랜서들이 말하는 프로들의 생존법칙) ,전민우,9900,0.0,전체 이용가,https://comicthumb-phinf.pstatic.net/20180918_267/pocket_1537232447597nT2td_JPEG/kyobo7105217709223515196l9791187993506.jpg?type=m260
9791162992555,경제/경영,"문화코드 브랜드디자인 방법론 (브랜드를 만드는 힘, 문화 브랜드가 되는 방법, CCBD) ",최인영,10500,0.0,전체 이용가,https://comicthumb-phinf.pstatic.net/20180918_81/pocket_1537233023827i3hhk_JPEG/kyobo8523865067570864991l9791162992555.jpg?type=m260
9791157765966,경제/경영,보험경영과 윤리 (보험회사의 윤리경영이 나아가야 할 방향을 제시) ,이순재,8400,0.0,전체 이용가,https://comicthumb-phinf.pstatic.net/20180918_286/pocket_1537230233860TTO5z_JPEG/kyobo5485501398567658242l9791157765966.jpg?type=m260
9788991868496,경제/경영,"강 박사의 건물주 (적은 돈으로 큰부자,1번 읽고 10년 써먹는 경매) ",강희만,13800,0.0,전체 이용가,https://comicthumb-phinf.pstatic.net/20180915_196/pocket_1536973454395IpXp2_JPEG/upaper8930804131138034941U1115740.jpg?type=m260
9791189344061,경제/경영,나는 아파트형공장 투자로 100억대 자산가가 되었다 (꼬박꼬박 월급 받는 아파트형공장에 투자하라) ,도정국,8400,0.0,전체 이용가,https://comicthumb-phinf.pstatic.net/20180913_100/pocket_1536798589959qSRGQ_JPEG/kyobo3755953042912984736l9791189344061.jpg?type=m260
9791130619231,경제/경영,미국에서 컵밥 파는 남자 (날라리 문제아가 길 위에서 일으킨 기적) ,송정훈,10500,0.0,전체 이용가,https://comicthumb-phinf.pstatic.net/20180914_292/pocket_1536892055026rQy84_JPEG/9791130619248.jpg?type=m260
9788982222238,경제/경영,근대적 육체와 일상의 발견 ,원용진,9000,0.0,전체 이용가,https://comicthumb-phinf.pstatic.net/20180913_288/pocket_1536801805167qKfpG_JPEG/kyobo1975361426326392457l9788982222238.jpg?type=m260
9788982225741,경제/경영,한국 외식기업 경영분석 (2017) ,최규완,70000,0.0,전체 이용가,https://comicthumb-phinf.pstatic.net/20180913_168/pocket_15368010313492L4Oy_JPEG/kyobo2765203909922033364l9788982225741.jpg?type=m260
9791185541815,경제/경영,최진기의 경제상식 오늘부터 1일 (온국민 교양경제상식 500개) ,최진기,11500,0.0,전체 이용가,https://comicthumb-phinf.pstatic.net/20180912_192/pocket_1536713291406Hfp2W_JPEG/kyobo7162489922295892061l9791185541815.jpg?type=m260
9788959895434,경제/경영,서울 평양 스마트시티 (도시 네트워크로 연결되는 한반도 경제통합의 길) ,민경태,10500,0.0,전체 이용가,https://comicthumb-phinf.pstatic.net/20180908_34/pocket_1536361299965EF0Nc_JPEG/kpc89318293413349138619788959895496.jpg?type=m260
9791196339012,경제/경영,자동 부자 습관(체험판) (15년간 50만명의 인생을 바꾼 자동화의 힘) ,데이비드 바크,0,10.0,전체 이용가,https://comicthumb-phinf.pstatic.net/20180908_194/pocket_1536365333344DyExG_JPEG/kyobo3859132709379902421l480D180904900.jpg?type=m260
9791196339012,경제/경영,자동 부자 습관 (15년간 50만명의 인생을 바꾼 자동화의 힘) ,데이비드 바크,10000,0.0,전체 이용가,https://comicthumb-phinf.pstatic.net/20230218_89/pocket_1676678768807rVb2O_JPEG/kyobo8136122543516464196l9791196339012.jpg?type=m260
9791130619033,경제/경영,결혼은 모르겠고 돈은 모으고 싶어 (혼자 벌어도 든든한 1인 가구 돈 관리의 모든 것!) ,김경필,9800,10.0,전체 이용가,https://comicthumb-phinf.pstatic.net/20180910_228/pocket_15365551627796IHKJ_JPEG/9791130619217.jpg?type=m260
9791162751831,경제/경영,해외주재원 가이드북 ,김명희,9000,0.0,전체 이용가,https://comicthumb-phinf.pstatic.net/20180906_182/pocket_1536194886523RI54d_JPEG/kyobo2914981742594057196l9791162751831.jpg?type=m260
9791156026068,경제/경영,"사장이 직접 알려주는 영업마케팅 (의료기기 사장의 멘토링, 직장인의 성공 습관) ",이남헌,9750,0.0,전체 이용가,https://comicthumb-phinf.pstatic.net/20180906_77/pocket_1536193058681P5ptG_JPEG/kyobo6693821074024806347l9791156026068.jpg?type=m260
9791127242763,경제/경영,따박따박 월세 챙기는 수익형 부동산 투자법 ,안천수,7900,0.0,전체 이용가,https://comicthumb-phinf.pstatic.net/20180904_86/pocket_1536022937054IzTwA_PNG/upaper6612916159394455863U1114951.png?type=m260
9791195513048,경제/경영,지구를 살리는 쿨한 비즈니스 ,김성우,9800,0.0,전체 이용가,https://comicthumb-phinf.pstatic.net/20180905_294/pocket_1536102179709McnCU_JPEG/kpc48148566471586863279791195513086.jpg?type=m260
9788994361819,경제/경영,"예측, 일단 의심하라 (가짜 예측에 속지 않는 법) ",폴 굿윈,15000,0.0,전체 이용가,https://comicthumb-phinf.pstatic.net/20180905_225/pocket_1536102267178nMq03_JPEG/kpc25795175242125913959788994361963.jpg?type=m260
9791196164423,경제/경영,짠테크의 품격 (아끼면서 남부럽지 않게 사는) ,짠돌이 부자 되기 네이버 카페,8400,0.0,전체 이용가,https://comicthumb-phinf.pstatic.net/20180904_202/pocket_1536020209084pPtRD_JPEG/kyobo1842814295584053271l9791196164423.jpg?type=m260
9788965962762,경제/경영,최고의 팀은 왜 기본에 충실한가 (조직을 성장시키는 팀 플레이어의 3가지 비밀) ,패트릭 렌시오니,12000,10.0,전체 이용가,https://comicthumb-phinf.pstatic.net/20180901_128/pocket_1535766881101ONbEO_JPEG/kyobo2892963600436286937l9788965962762.jpg?type=m260
9791196453107,경제/경영,루키들이 온다 (아이디어x기술로 새롭게 판을 짜다) ,김현정,11100,10.0,전체 이용가,https://comicthumb-phinf.pstatic.net/20230112_102/pocket_1673482206223Gx57e_JPEG/kyobo993293768159345329l9791196453107.jpg?type=m260
9791188348268,경제/경영,사람들은 왜 한 가지만 잘하는 식당을 찾을까? (온리원 식당으로 행복을 찾은 사람들) ,이경태,9000,0.0,전체 이용가,https://comicthumb-phinf.pstatic.net/20180831_30/pocket_1535675996918shI5S_JPEG/kyobo2472043522042746123l9791188348268.jpg?type=m260
9788934982302,경제/경영,"차이나 핸드북 (늘 곁에 두는 단 한 권의 중국, 국가대표 중국전문가들이 마음먹고 만든 족집게 중국 입문 교과서) ",성균중국연구소,13860,0.0,전체 이용가,https://comicthumb-phinf.pstatic.net/20180901_102/pocket_1535756647802d2VrT_JPEG/kpc25778415545183356739788934982302.jpg?type=m260
9791196144494,경제/경영,"심플, 강력한 승리의 전략 (가장 중요한 일에 집중하는 힘) ",리사 보델,11000,10.0,전체 이용가,https://comicthumb-phinf.pstatic.net/20180831_44/pocket_1535676655395KCqEj_JPEG/kyobo5103849146687379678l9791196144494.jpg?type=m260
9788960516526,경제/경영,금융의 모험 (세상에서 가장 지적이고 우아한 하버드 경제 수업) ,미히르 데사이,13000,0.0,전체 이용가,https://comicthumb-phinf.pstatic.net/20180831_199/pocket_1535670297234lHXbQ_JPEG/kpc91263212804104735429788960516571.jpg?type=m260
9791160073034,경제/경영,위험한 미래 (10년 만에 다시 오는 전 세계적인 경제 대위기) ,김영익,11600,10.0,전체 이용가,https://comicthumb-phinf.pstatic.net/20190122_194/pocket_1548111605982z3iOT_JPEG/kpc15963913812452937109791160073089.jpg?type=m260
9788998079215,경제/경영,"해운대 바다상점 : 마을기업 에코에코협동조합, 바다에 빠지다 ",화덕헌,7000,0.0,전체 이용가,https://comicthumb-phinf.pstatic.net/20180831_162/pocket_1535670429770Tcq3l_JPEG/kpc75911599264193379129788965458487.jpg?type=m260
9788997142712,경제/경영,자전거 타는 CEO (자전거 매출 세계 1위 자이언트 이야기) ,킹 리우,10800,0.0,전체 이용가,https://comicthumb-phinf.pstatic.net/20180830_81/pocket_1535583851928bhSRp_JPEG/kpc27882802643210154559788997142752.jpg?type=m260
9788950975999,경제/경영,"그들은 무엇에 집중하는가 (성장 기업의 세 가지 조건, HR 전문 컨설턴트 신경수 대표의 지속성장론) ",신경수,13600,0.0,전체 이용가,https://comicthumb-phinf.pstatic.net/20180829_142/pocket_1535524551224PPK99_JPEG/__%28280-415%29.jpg?type=m260
9791185370118,경제/경영,소상공인 생존수업 (소상공인을 위한 영업 비법은 따로 있다!) ,조현우,11200,0.0,전체 이용가,https://comicthumb-phinf.pstatic.net/20180829_170/pocket_1535501881458IRX1F_JPEG/kyobo5496085504404993863l9791185370118.jpg?type=m260
9791130618784,경제/경영,소심한 김 대리는 어떻게 부동산으로 돈을 벌었을까? (퇴근 후 1시간 부동산 공부로 빠르게 부자 되는 법) ,카스파파,11200,0.0,전체 이용가,https://comicthumb-phinf.pstatic.net/20180829_199/pocket_1535519756038ytjm9_JPEG/9791130619019.jpg?type=m260
9791156026136,경제/경영,힘들어도 괜찮아 (영혼을 담아 최선을 다할 때 명작이 된다) ,김원길,9750,0.0,전체 이용가,https://comicthumb-phinf.pstatic.net/20180828_166/pocket_15354159193016gveb_JPEG/kyobo79618262091182950l9791156026136.jpg?type=m260
9791157830787,경제/경영,VR 콘텐츠의 최전선 (캠페인 사례로 살펴보는 VR 콘텐츠 제작·운영 노하우) ,오우카 이치몬,13000,0.0,전체 이용가,https://comicthumb-phinf.pstatic.net/20180828_213/pocket_1535416516498FmoyQ_JPEG/kyobo7789532495227460587l9791157830787.jpg?type=m260
9791188977123,경제/경영,"앞으로 3년, 오를 지역만 짚어주는 부자들의 부동산 투자 (지금보다 3배 더 벌고 싶다고?) ",박연수,12000,0.0,전체 이용가,https://comicthumb-phinf.pstatic.net/20180828_48/pocket_1535417176638mxhMV_JPEG/kyobo8537284444431202128l9791188977123.jpg?type=m260
9791130617381,경제/경영,넥스트 머니 (부의 미래를 바꾸는 화폐 권력의 대이동) ,고란,15400,10.0,전체 이용가,https://comicthumb-phinf.pstatic.net/20180828_177/pocket_1535420259803vex3e_JPEG/9791130617619.jpg?type=m260
9791130617565,경제/경영,왜 유독 그 가게만 잘될까 (줄 서는 가게에 숨겨진 서비스와 공간의 비밀) ,현성운,10500,0.0,전체 이용가,https://comicthumb-phinf.pstatic.net/20180828_224/pocket_1535420139252VIOBF_JPEG/9791130617633.jpg?type=m260
9788958534372,경제/경영,욜로 재테크 (2018년 욜로족 재테크 필독서!) ,엄진성,8200,0.0,전체 이용가,https://comicthumb-phinf.pstatic.net/20180827_175/pocket_15353539263254xf0c_JPEG/1.jpg?type=m260
9791196397616,경제/경영,마케팅의 정석 (4차 산업혁명 시대를 위한 마케팅 지침서) ,은종성,12600,0.0,전체 이용가,https://comicthumb-phinf.pstatic.net/20180825_175/pocket_15351588377125C5oK_JPEG/upaper3340207660793831133U1115273.jpg?type=m260
9788927809500,경제/경영,당신은 햄버거 하나에 팔렸습니다 ,김지헌,11200,0.0,전체 이용가,https://comicthumb-phinf.pstatic.net/20180825_131/pocket_1535156043279f50wC_JPEG/kyobo7955259019396541697l9788927809500.jpg?type=m260
9791187601760,경제/경영,돈버는 집짓기 ,서동원,11900,0.0,전체 이용가,https://comicthumb-phinf.pstatic.net/20230113_44/pocket_16735682505558d9f3_JPEG/kyobo8566746540104664112l9791187601760.jpg?type=m260
9791162240786,경제/경영,인공지능 콘텐츠 혁명 (인공지능 시대에 콘텐츠 제작자로 살아남기) ,고찬수,14400,10.0,전체 이용가,https://comicthumb-phinf.pstatic.net/20180824_248/pocket_1535065695896PMcyS_JPEG/kpc10033277803312203849791162249543.jpg?type=m260
9788936475703,경제/경영,관점을 세우는 화폐금융론 (금융의 발생부터 블록체인과 위기관리까지) ,정대영,12600,0.0,전체 이용가,https://comicthumb-phinf.pstatic.net/20180823_105/pocket_1534979074814jDwrv_JPEG/kpc18679440475636295169788936407292.jpg?type=m260
9791186510629,경제/경영,스토리 경제학 (고사성어로 보는) ,노상채,12000,0.0,전체 이용가,https://comicthumb-phinf.pstatic.net/20180821_205/pocket_1534815820967BD0GX_JPEG/kyobo4289898149298534420l9791186510629.jpg?type=m260
9791196144432,경제/경영,"2020 부동산 메가트렌드 (하버드, MIT, 서울대 출신 부동산 전문가들이 진단하는 미래 부동산 리포트) ",HMS부동산랩,13860,0.0,전체 이용가,https://comicthumb-phinf.pstatic.net/20180821_113/pocket_1534810989817F0fm7_JPEG/kyobo3711078953175747254l9791196144432.jpg?type=m260
9791195623617,경제/경영,하트마크 ,홍성용,12000,0.0,전체 이용가,https://comicthumb-phinf.pstatic.net/20180823_197/pocket_1534984106551VuzSO_JPEG/kyobo2027003978272400374l9791195623617.jpg?type=m260
9788901221809,경제/경영,최고의 선택 (성공과 실패의 갈림길에서 당신을 구해줄 어느 철학자의 질문수업) ,김형철,10500,0.0,전체 이용가,https://comicthumb-phinf.pstatic.net/20180820_277/pocket_1534733066973ly6HK_JPEG/image.JPEG?type=m260
9791162992258,경제/경영,가계소득주도 성장론 (더 나은 대한민국 경제를 위한 26가지 생각) ,이동욱,11100,0.0,전체 이용가,https://comicthumb-phinf.pstatic.net/20180818_91/pocket_1534551989209cgN9i_JPEG/kyobo379055672561754237l9791162992258.jpg?type=m260
9791187604709,경제/경영,세상에서 가장 쉬운 4차 산업혁명 100문 100답 ,연대성,9500,0.0,전체 이용가,https://comicthumb-phinf.pstatic.net/20180815_177/pocket_1534292545238zRDNP_JPEG/kyobo2972222891780038151l9791187604709.jpg?type=m260
9791186269336,경제/경영,"인재경영, 데이터사이언스를 만나다 ",김성준,10500,0.0,전체 이용가,https://comicthumb-phinf.pstatic.net/20180814_245/pocket_1534207124254WtSKl_JPEG/kyobo702699502705868105l9791186269336.jpg?type=m260
9788965112204,경제/경영,농식품 브랜드 홍보마케팅 ,정성호,12600,0.0,전체 이용가,https://comicthumb-phinf.pstatic.net/20180811_183/pocket_15339492312539QU8z_JPEG/upaper6825790824659146318U1114882.jpg?type=m260
9791160505177,경제/경영,유튜브 레볼루션 ,로버트 킨슬,14400,10.0,전체 이용가,https://comicthumb-phinf.pstatic.net/20180811_226/pocket_1533942036654lEipg_JPEG/kpc89976370775705030649791160505320.jpg?type=m260
9788959895304,경제/경영,"엔터테인먼트 코리아 (대장금에서 방탄소년단까지, 한류를 만든 사람들의 이야기) ",김정은,11200,10.0,전체 이용가,https://comicthumb-phinf.pstatic.net/20180811_145/pocket_1533942069054CNAvN_JPEG/kpc60452592650557657149788959895465.jpg?type=m260
9791188783472,경제/경영,중국발전비용론 ,호광우,26950,0.0,전체 이용가,https://comicthumb-phinf.pstatic.net/20220820_118/pocket_1660954303015spfmf_JPEG/kyobo7978004794710244943l9791188783298.jpg?type=m260
9788967993634,경제/경영,탐나는 부동산 어디 없나요? (5년을 내다보는 부동산 전략 50) ,장인석,10000,0.0,전체 이용가,https://comicthumb-phinf.pstatic.net/20180811_54/pocket_1533949935642aLw8w_JPEG/kyobo6847178338643935427l9788967993634.jpg?type=m260
9788967993610,경제/경영,가상화폐 가치투자의 정석 (ICO부터 장기투자까지) ,조한준,10000,0.0,전체 이용가,https://comicthumb-phinf.pstatic.net/20180811_14/pocket_1533950115146Pztdz_JPEG/kyobo4523133440688563054l9788967993610.jpg?type=m260
9788967993559,경제/경영,암호화폐 실전투자 바이블 (개념부터 차트분석까지) ,박대호,12000,0.0,전체 이용가,https://comicthumb-phinf.pstatic.net/20180811_34/pocket_15339501752659UTTp_JPEG/kyobo966318336453425800l9788967993559.jpg?type=m260
9788967993573,경제/경영,"100년 음식명가 창업특강 (자식에게 물려주고 싶은,성공을 열망하는 당신을 위한 창업 지침서) ",김태수,7000,0.0,전체 이용가,https://comicthumb-phinf.pstatic.net/20180811_186/pocket_1533950467018YgQX3_JPEG/kyobo8339258058668286915l9788967993573.jpg?type=m260
9788967993658,경제/경영,주가차트 완전정복 (초보자를 실전고수로 만드는) ,곽호열,12000,0.0,전체 이용가,https://comicthumb-phinf.pstatic.net/20180811_27/pocket_1533951307291oVdVj_JPEG/kyobo4315408652408558043l9788967993658.jpg?type=m260
9788967993627,경제/경영,초연결성 시대의 가치와 혁신 (초융합적 혁신은 우리 삶을 어떻게 바꾸고 있는가?) ,변부환,10000,0.0,전체 이용가,https://comicthumb-phinf.pstatic.net/20180811_141/pocket_1533951484136qjJlA_JPEG/kyobo8033067377962136030l9788967993627.jpg?type=m260
9791155580318,경제/경영,손정의가 선택한 4차 산업혁명의 미래 ,김용태,9000,0.0,전체 이용가,https://comicthumb-phinf.pstatic.net/20180810_226/pocket_1533855626794YKK5H_JPEG/kpc1209965682055627349791155580325.jpg?type=m260
9791155580363,경제/경영,블록체인으로 무엇을 할 수 있는가 (코드 속에 감춰진 빅피처) ,김용태,9000,0.0,전체 이용가,https://comicthumb-phinf.pstatic.net/20180810_186/pocket_1533855678870XJhL8_JPEG/kpc17728751450365776199791155580370.jpg?type=m260
9791160505122,경제/경영,승리의 기술 (최고의 승부사 트럼프의 이기는 전략) ,스콧 애덤스,14400,10.0,전체 이용가,https://comicthumb-phinf.pstatic.net/20180810_112/pocket_15338557802144Fii1_JPEG/kpc70717092860750643359791160505245.jpg?type=m260
9791188348244,경제/경영,월급쟁이 건축주 되기 프로젝트 ,김진원,7560,10.0,전체 이용가,https://comicthumb-phinf.pstatic.net/20200314_46/pocket_1584159794539fxU79_JPEG/kyobo6898234029400751821l9791188348244.jpg?type=m260
9788970139012,경제/경영,"피터 드러커, 재즈처럼 혁신하라 ",허연,12000,0.0,전체 이용가,https://comicthumb-phinf.pstatic.net/20180815_283/pocket_1534288210330b83Wd_JPEG/kpc32770776241313854929788970139012.jpg?type=m260
9788965112167,경제/경영,광고홍보캠페인 연구 ,이제영,9000,0.0,전체 이용가,https://comicthumb-phinf.pstatic.net/20180808_262/pocket_1533690018017VfUXq_JPEG/upaper6454999779986346602U1114840.jpg?type=m260
9791160505290,경제/경영,일본전산의 독한 경영 수업 (죽은 회사도 1등으로 만드는) ,가와가쓰 노리아키,12640,0.0,전체 이용가,https://comicthumb-phinf.pstatic.net/20180808_237/pocket_1533682897299na6RA_JPEG/kpc67630412569516485499791160505481.jpg?type=m260
9788934945611,경제/경영,주식 멘토 강동진의 캔 스마일 주식투자법 ,강동진,15750,0.0,전체 이용가,https://comicthumb-phinf.pstatic.net/20180808_268/pocket_1533682914258cPF52_JPEG/kpc28966839517354621929788934945611.jpg?type=m260
9791160021271,경제/경영,"사야 할 아파트, 팔아야 할 아파트 ",양지영,9600,0.0,전체 이용가,https://comicthumb-phinf.pstatic.net/20180808_174/pocket_1533689658488OM5RD_JPEG/kyobo9017081677797848388l9791160021271.jpg?type=m260
9791160021325,경제/경영,곽수종 박사의 대한민국 경제 대전망 (한 권으로 끝내는 대한민국 경제특강) ,곽수종,10200,0.0,전체 이용가,https://comicthumb-phinf.pstatic.net/20180808_101/pocket_1533691093198onxF4_JPEG/kyobo7360832255812587147l9791160021325.jpg?type=m260
9791160021455,경제/경영,"경제흐름을 꿰뚫어보는 금리의 미래 (금리상승기, 곧 다가올 위기를 대비하라) ",박상현,9600,0.0,전체 이용가,https://comicthumb-phinf.pstatic.net/20180808_48/pocket_1533692065178pCToP_JPEG/kyobo7609296648581331223l9791160021455.jpg?type=m260
9791196383084,경제/경영,나는 직장 대신 아버지와 부동산으로 월급 받는다 (부자의 부자 되는 파란만장 부동산 투자 분투기) ,이권복,10500,0.0,전체 이용가,https://comicthumb-phinf.pstatic.net/20180803_183/pocket_1533257035880EKlfb_JPEG/kyobo4960136103310392832l9791196383084.jpg?type=m260
9791186615331,경제/경영,부의 타이밍 (부자가 된 사람들만 아는 부가 만들어지는 특정한 시점) ,윤석천,9800,10.0,전체 이용가,https://comicthumb-phinf.pstatic.net/20180801_295/pocket_1533088438565nb1oe_JPEG/kyobo6116135923086437800l9791186615331.jpg?type=m260
9791189249021,경제/경영,부동산 공화국에서 투자자로 살아남기 (부동산 전문가는 절대로 알려주지 않는 18가지 이야기) ,이창우,9800,0.0,전체 이용가,https://comicthumb-phinf.pstatic.net/20180801_137/pocket_1533087145202EyJJS_JPEG/kyobo1756373166327590559l9791189249021.jpg?type=m260
9788934982326,경제/경영,생각에 관한 생각 프로젝트 (세상이 생각하는 방식을 바꾼 두 천재 심리학자의 행동경제학 탄생기) ,마이클 루이스,11610,0.0,전체 이용가,https://comicthumb-phinf.pstatic.net/20180801_186/pocket_1533078405760d4srG_JPEG/kpc47443697391934363219788934982326.jpg?type=m260
9791188166220,경제/경영,"상도록 (사업은 사람을 얻는 것이다,수성편) ",하영균,20000,0.0,전체 이용가,https://comicthumb-phinf.pstatic.net/20180728_58/pocket_1532740455102yyWtl_JPEG/kyobo3552811882930723873l9791188166220.jpg?type=m260
9791162991657,경제/경영,나는 오늘도 1cm 성장한다 (지금의 나에 만족하지 않고 보다 나은 나로 성장하는 법) ,김지현,9800,0.0,전체 이용가,https://comicthumb-phinf.pstatic.net/20180728_157/pocket_1532740660788hrR12_JPEG/kyobo1867868589813404203l9791162991657.jpg?type=m260
9791160100242,경제/경영,디스럽티브 테크놀로지 (4차 산업혁명의 혁신 기술 활용법) ,폴 암스트롱,10200,0.0,전체 이용가,https://comicthumb-phinf.pstatic.net/20180728_258/pocket_1532742696523g47Pa_JPEG/kyobo651256258616987551l9791160100242.jpg?type=m260
9791187400332,경제/경영,외계어 없이 이해하는 암호화폐 ,송범근,11000,0.0,전체 이용가,https://comicthumb-phinf.pstatic.net/20190116_290/pocket_1547600082365z6S9B_JPEG/kyobo5611561337516684813l9791187400332.jpg?type=m260
9791162224182,경제/경영,종신 EQ 100 연금 IQ 100 ,최승호,10200,0.0,전체 이용가,https://comicthumb-phinf.pstatic.net/20180731_28/pocket_1532996899812BWKcn_JPEG/kyobo7003281270510111294l9791162224182.jpg?type=m260
9788993662795,경제/경영,삼성 출신 CEO는 왜 강한가 (삼성의 26년차 인사담당 임원이 밝히는 삼성 인재 육성의 비밀) ,조영환,7500,0.0,전체 이용가,https://comicthumb-phinf.pstatic.net/20180731_27/pocket_1532997713997DUnEB_JPEG/kyobo113104418159154027l9788993662795.jpg?type=m260
9791187632481,경제/경영,"세 가지 장애물 (식별하고, 극복하고, 이용하는 방법) ",제임스 이그니지오 지음,8000,0.0,전체 이용가,https://comicthumb-phinf.pstatic.net/20180731_214/pocket_1532997837854GASBF_JPEG/kyobo4084765401731978930l480D180750900.jpg?type=m260
9791187400349,경제/경영,"어서 와, 리더는 처음이지 ",장영학,11000,0.0,전체 이용가,https://comicthumb-phinf.pstatic.net/20190116_226/pocket_1547601719709rI7am_JPEG/kyobo5238247427530290613l9791187400349.jpg?type=m260
9791196273125,경제/경영,성격 급한 부자들 ,다구치 도모타카,10000,0.0,전체 이용가,https://comicthumb-phinf.pstatic.net/20180727_288/pocket_1532650968352rGb8M_JPEG/kyobo3412581626403977295l9791196273125.jpg?type=m260
9791160072761,경제/경영,리츠로 은퇴월급 만들기 (작은 돈으로 큰 부동산에 투자하는 법) ,고병기,13000,1.0,전체 이용가,https://comicthumb-phinf.pstatic.net/20180726_230/pocket_1532559658378zKkbX_JPEG/kpc6801860256614238749791160073041.jpg?type=m260
9791160504934,경제/경영,마이크로 트렌드X ,마크 펜,17600,0.0,전체 이용가,https://comicthumb-phinf.pstatic.net/20180726_91/pocket_1532559605179tGeuu_JPEG/kpc43111174058307940609791160505115.jpg?type=m260
9791185541754,경제/경영,주식투자 오늘부터 1일 (가성비 국내 최고 주식입문서) ,강준혁,11760,0.0,전체 이용가,https://comicthumb-phinf.pstatic.net/20220722_140/pocket_1658455729103gqj5g_JPEG/kyobo7603736689987508575l9791185541754.jpg?type=m260
9791155428719,경제/경영,머니쇼 2018 ,매일경제 2018 서울머니쇼 취재팀,11000,0.0,전체 이용가,https://comicthumb-phinf.pstatic.net/20180726_28/pocket_1532564036590HVUD4_JPEG/kyobo1641049818429564437l9791155428719.jpg?type=m260
9791188754069,경제/경영,통섭과 투자 (찰리 멍거처럼 사고하고 투자하라) ,마이클 모부신,14000,0.0,전체 이용가,https://comicthumb-phinf.pstatic.net/20180726_44/pocket_1532564590333YFgyA_JPEG/kyobo5652289911311434373l9791188754069.jpg?type=m260
9791186269930,경제/경영,이것이 헬스케어 빅데이터이다 ,한현욱,11900,0.0,전체 이용가,https://comicthumb-phinf.pstatic.net/20230111_35/pocket_1673395282162UEtq2_JPEG/kyobo1805917238735732738l9791186269930.jpg?type=m260
9788934982197,경제/경영,"김두관, 미래와의 대화 (유러피언 드림을 넘어, 새로운 길은 어디에서 열리는가) ",김두관,8820,0.0,전체 이용가,https://comicthumb-phinf.pstatic.net/20180725_138/pocket_1532473205731PWwBi_JPEG/kpc42266734127924696189788934982197.jpg?type=m260
9788960516403,경제/경영,"한번은 경제 공부 (경제의 흐름과 쟁점이 보인다, Economics) ",로버트 하일브로너,11000,0.0,전체 이용가,https://comicthumb-phinf.pstatic.net/20180725_236/pocket_1532473420282mnJu3_JPEG/kpc64549441758573087209788960516403.jpg?type=m260
9791162751534,경제/경영,벤치마킹으로 설계하는 우리지역 1등 축제 ,황화석,9000,0.0,전체 이용가,https://comicthumb-phinf.pstatic.net/20180721_18/pocket_15321315503521eBy9_JPEG/kyobo1441395820767613171l9791162751534.jpg?type=m260
9788960516410,경제/경영,비커밍 페이스북 (후발주자로 시작하여 플랫폼 제국의 미래가 되기까지) ,마이크 회플링거,14000,0.0,전체 이용가,https://comicthumb-phinf.pstatic.net/20180724_212/pocket_1532386902717DQ8VN_JPEG/kpc4772331178818176449788960516441.jpg?type=m260
9788960516465,경제/경영,나쁜 사마리아인들 (신자유주의는 왜 실패할 수밖에 없었는가?) ,장하준,10500,0.0,전체 이용가,https://comicthumb-phinf.pstatic.net/20180721_70/pocket_1532127740138uRGdJ_JPEG/kpc78521036616572305579788960516465.jpg?type=m260
9791162751343,경제/경영,"부동산 투자, 싫어도 반드시 해야만 한다! ",조용덕,6000,0.0,전체 이용가,https://comicthumb-phinf.pstatic.net/20180721_300/pocket_1532132262714Thvix_JPEG/kyobo6847208927141239410l9791162751343.jpg?type=m260
9791162751107,경제/경영,투자 철학 (3백 년 주식 투자의 지혜) ,김정래,7500,0.0,전체 이용가,https://comicthumb-phinf.pstatic.net/20180721_246/pocket_1532132404768g6IdV_JPEG/kyobo4594245031703079771l9791162751107.jpg?type=m260
9791196372101,경제/경영,변하는 것과 변하지 않는 것 ,강민호,10350,10.0,전체 이용가,https://comicthumb-phinf.pstatic.net/20190510_177/pocket_1557448343202q6VmX_JPEG/kyobo2847978521198902146l9791196372101.jpg?type=m260
9788988958773,경제/경영,베트남 건설 부동산시장 (떠오르는 황금어장) ,유성용,12600,0.0,전체 이용가,https://comicthumb-phinf.pstatic.net/20180721_158/pocket_1532132731247Vpmhf_JPEG/kyobo9205174766056494440l480D180739510.jpg?type=m260
9788964951170,경제/경영,‘기회의 땅’ 베트남에서 창업하라! (간절히 부자가 되고 싶은가?) ,차길제,10000,0.0,전체 이용가,https://comicthumb-phinf.pstatic.net/20180724_267/pocket_15323915548002b4PB_JPEG/kyobo1031492629252314412l9788964951170.jpg?type=m260
9788934935483,경제/경영,"죽은 CEO의 살아있는 아이디어 (경영의 역사를 다시 쓴 위대한 리더들의 마지막 강의,New Ideas from Dead Ceos) ",토드 부크홀츠,13860,0.0,전체 이용가,https://comicthumb-phinf.pstatic.net/20180719_237/pocket_1531954806597d3Sbn_JPEG/kpc20977640193871183119788934935483.jpg?type=m260
9791195893645,경제/경영,인도 출장 가이드 ,김응기,14000,0.0,전체 이용가,https://comicthumb-phinf.pstatic.net/20180717_194/pocket_1531789543646mrDHh_JPEG/kyobo7968932043232671701l9791195893645.jpg?type=m260
9788994543741,경제/경영,"2016 2018 대한민국 부동산 대전망 (대세상승인가 폭락인가, 16년인가 18년인가?) ",이제문,14400,0.0,전체 이용가,https://comicthumb-phinf.pstatic.net/20180719_277/pocket_1531961593993gvq4N_JPEG/kyobo1305524372884933266l9788994543741.jpg?type=m260
9791159096334,경제/경영,공유 경제 (4차 산업혁명 시대의) ,아룬 순다라라잔,12000,0.0,전체 이용가,https://comicthumb-phinf.pstatic.net/20230214_162/pocket_1676333011352vyLu2_JPEG/kyobo8069288961269262404l9791159096334.jpg?type=m260
9791186358375,경제/경영,디자인씽킹으로 일 잘하는 방법 (창의적 인재들은 왜 디자인씽킹으로 일하는가) ,김형숙,11000,0.0,전체 이용가,https://comicthumb-phinf.pstatic.net/20180717_202/pocket_1531787979093BajCJ_JPEG/kyobo757802727574925620l9791186358375.jpg?type=m260
9791186269992,경제/경영,의료 인공지능 ,최윤섭,14000,0.0,전체 이용가,https://comicthumb-phinf.pstatic.net/20180717_236/pocket_1531786857021d1JTo_JPEG/kyobo1189637257426943442l9791186269992.jpg?type=m260
9791158883591,경제/경영,부자 아빠 가난한 아빠 (20주년 특별 기념판) ,로버트 기요사키,11900,7.0,전체 이용가,https://comicthumb-phinf.pstatic.net/20180718_246/pocket_15318804099720T1x8_JPEG/cover_2000px.jpg?type=m260
9791186560754,경제/경영,실력보다 안목이다 (대한민국 최고의 트렌드 분석가가 말하는 성과를 내는 사람들의 비밀) ,김용섭,10400,0.0,전체 이용가,https://comicthumb-phinf.pstatic.net/20180718_207/pocket_1531874443128WE2zl_JPEG/kyobo894820001078798678l9791186560754.jpg?type=m260
9788935212187,경제/경영,하이 아웃풋 매니지먼트 (어떻게 성과를 높일 것인가) ,앤디 그로브,12600,0.0,전체 이용가,https://comicthumb-phinf.pstatic.net/20180718_36/pocket_1531875350400MkuwQ_JPEG/kyobo6034601473358681692l9788935212187.jpg?type=m260
9788901225562,경제/경영,"4차 산업혁명 시대, 어떻게 일할 것인가 (기하급수 기업을 만드는 비즈니스 혁신 전략) ",전성철,11900,0.0,전체 이용가,https://comicthumb-phinf.pstatic.net/20180716_189/pocket_1531705173874m38rq_JPEG/4__%2C____.jpg?type=m260
9788901225043,경제/경영,순간의 힘 (평범한 순간을 결정적 기회로 바꾸는 경험 설계의 기술) ,칩 히스,11200,10.0,전체 이용가,https://comicthumb-phinf.pstatic.net/20180716_177/pocket_1531708398875HAnzf_JPEG/__.jpg?type=m260
9788950975197,경제/경영,데이터 자본주의 (폭발하는 데이터는 자본주의를 어떻게 재발명하는가) ,빅토어 마이어 쇤베르거,16000,0.0,전체 이용가,https://comicthumb-phinf.pstatic.net/20180716_281/pocket_1531721317824jKFT4_JPEG/_%28280-415%29.jpg?type=m260
9791186692165,경제/경영,가정경제 재구성 ,박상훈의 지속가능한가정경제연구소,8000,0.0,전체 이용가,https://comicthumb-phinf.pstatic.net/20180713_211/pocket_1531446746297XAMXj_JPEG/kyobo3647812005742798345l9791186692165.jpg?type=m260
9791186692158,경제/경영,월급쟁이 쳇바퀴 탈출 재테크 (황금알을 낳는 메추리 프로젝트) ,홍현일,8000,0.0,전체 이용가,https://comicthumb-phinf.pstatic.net/20220702_220/pocket_1656722884655Xl62y_JPEG/kyobo1365848796211458460l9791186692158.jpg?type=m260
9791157842636,경제/경영,원칙 ,레이 달리오,24500,0.0,전체 이용가,https://comicthumb-phinf.pstatic.net/20220316_191/pocket_1647392816038Dz4UH_JPEG/kyobo3799644242665011423l9791157842636.jpg?type=m260
9791187604655,경제/경영,애플은 왜 제품이 아니라 브랜드텔링에 집중했을까? (소비자를 사로잡는 글로벌 기업의 브랜드텔링 전략) ,염승선,7800,0.0,전체 이용가,https://comicthumb-phinf.pstatic.net/20180710_39/pocket_15311821805334IYB3_JPEG/kyobo873308062131076007l9791187604655.jpg?type=m260
9788959895205,경제/경영,네이버는 어떻게 일하는가 (네이버 그린팩토리는 24시간 멈추지 않는다) ,신무경,10500,0.0,전체 이용가,https://comicthumb-phinf.pstatic.net/20180710_209/pocket_15311794018231LIVp_JPEG/kpc82918473313709188899788959895281.jpg?type=m260
9788950975470,경제/경영,킬링 마케팅 (그들은 어떻게 비용을 수익으로 바꾸었나?) ,조 풀리지,12800,10.0,전체 이용가,https://comicthumb-phinf.pstatic.net/20180710_236/pocket_15311984445373pfIp_JPEG/_%28280-415%29.jpg?type=m260
9791162990681,경제/경영,가상화폐가 아닙니다 암호화폐입니다 ,박조은,10400,0.0,전체 이용가,https://comicthumb-phinf.pstatic.net/20180710_172/pocket_1531186298479A4YuK_JPEG/kyobo5057670462068385111l9791162990681.jpg?type=m260
9791162990926,경제/경영,비영리법인 회계시스템 구축 실무 (범용 ERP를 이용한 시스템 구축과 운영을 중심으로) ,박태수,9800,0.0,전체 이용가,https://comicthumb-phinf.pstatic.net/20180705_249/pocket_15307557856424hHcm_JPEG/kyobo2604278995311837783l9791162990926.jpg?type=m260
9791162990827,경제/경영,서비스를 파는 남자 (고객의 마음을 확실히 사로잡는 세일즈 비법) ,정태유,9800,0.0,전체 이용가,https://comicthumb-phinf.pstatic.net/20180705_128/pocket_1530756081218KSIlI_JPEG/kyobo397971706247327304l9791162990827.jpg?type=m260
9788955619348,경제/경영,경제철학의 전환 ,변양균,12000,0.0,전체 이용가,https://comicthumb-phinf.pstatic.net/20180706_140/pocket_1530837371747QQTQ5_JPEG/kyobo576737338201278051l9788955619348.jpg?type=m260
9791155322611,경제/경영,난생 처음 주식 투자 ,이재웅,10500,0.0,전체 이용가,https://comicthumb-phinf.pstatic.net/20180630_76/pocket_1530317876980LfnOc_JPEG/kyobo1674280944249366729l9791155322611.jpg?type=m260
9791189089214,경제/경영,상위 1% 공인중개사의 영업 비밀 ,정미애,8500,0.0,전체 이용가,https://comicthumb-phinf.pstatic.net/20180630_82/pocket_1530319075203LcteD_JPEG/kyobo2840579845858097169l9791189089214.jpg?type=m260
9791187993476,경제/경영,대한민국 장사 천재들 (대한민국 No1 창업 사업 영업 커뮤니티 창사영의 노하우를 모두 담았다!) ,차돈호,9900,0.0,전체 이용가,https://comicthumb-phinf.pstatic.net/20180630_97/pocket_15303196533950W5lr_JPEG/kyobo8921287796533409358l9791187993476.jpg?type=m260
9791189089207,경제/경영,1등 온라인 쇼핑몰의 비밀 ,오완구,8500,0.0,전체 이용가,https://comicthumb-phinf.pstatic.net/20180630_210/pocket_1530324651714dKoSq_JPEG/kyobo8466559963660522919l9791189089207.jpg?type=m260
9788950974411,경제/경영,"MONEY 2.0 (테크놀로지가 만드는 새로운 부의 공식,머니 2.0) ",사토 가쓰아키,13600,10.0,전체 이용가,https://comicthumb-phinf.pstatic.net/20180703_210/pocket_1530577494572k5ejH_JPEG/MONEY_2.0%28280-415%29.jpg?type=m260
9788982734755,경제/경영,부자 아빠의 비즈니스 스쿨 (부자 아빠 가난한 아빠 8) ,로버트 기요사키,6300,0.0,전체 이용가,https://comicthumb-phinf.pstatic.net/20161202_210/pocket_1480669199269osgKm_JPEG/9791158880200__v0.jpg?type=m260
9788979195682,경제/경영,폴 크루그먼의 지리경제학 (폴 크루그먼의 노벨 경제학상 수상 이론을 일반 독자들에게 소개한 책) ,폴 크루그먼,11200,0.0,전체 이용가,https://comicthumb-phinf.pstatic.net/20180628_282/pocket_15301504414937eitE_JPEG/kyobo7315471327786148812l9788979195682.jpg?type=m260
9791189254025,경제/경영,50 COINS (미래가치 암호화폐의 가능성을 배운다) ,코인마켓캡,17500,0.0,전체 이용가,https://comicthumb-phinf.pstatic.net/20180629_55/pocket_1530233104340zRxFi_JPEG/kyobo3539364325701600993l9791189254025.jpg?type=m260
9788961844659,경제/경영,AI 비즈니스 전쟁 (미래 비즈니스에서 살아남는 AI 활용법) ,히구치 신야,9000,0.0,전체 이용가,https://comicthumb-phinf.pstatic.net/20180629_275/pocket_1530236426430yf6QL_JPEG/kyobo5499672821411440963l9788961844659.jpg?type=m260
9791196383077,경제/경영,원칙을 지키는 주식 고수들의 투자법 (주식시장에서 흔들리는 개미들을 위한 투자격언 60) ,박용선,8400,0.0,전체 이용가,https://comicthumb-phinf.pstatic.net/20180629_79/pocket_1530237544883YkUEw_JPEG/kyobo1503245418363329035l9791196383077.jpg?type=m260
9791162751060,경제/경영,꼼짝 마! 금융 ,김상수,8500,0.0,전체 이용가,https://comicthumb-phinf.pstatic.net/20180629_164/pocket_1530238476320TXiYh_JPEG/kyobo1945283363680201529l9791162751060.jpg?type=m260
9791186518212,경제/경영,거절에 대처하는 영업자의 대화법 (1등 영업고수의 영업비법) ,권태호,9000,0.0,전체 이용가,https://comicthumb-phinf.pstatic.net/20180629_295/pocket_1530238561056KxfOe_JPEG/kyobo152779397278078053l9791186518212.jpg?type=m260
9791187809210,경제/경영,"사람중심 기업가정신 (위기의 한국경제, 사람에게서 희망을 찾다) ",배종태,11060,0.0,전체 이용가,https://comicthumb-phinf.pstatic.net/20180628_81/pocket_1530147045816XCi00_JPEG/kyobo1223178441706737053l9791187809210.jpg?type=m260
9791196182861,경제/경영,인생은 생각보다 길고 연금은 생각보다 쓸모 있다 (40년 연금전문가 최재식이 쉽게 풀어낸 연금 이야기) ,최재식,8400,0.0,전체 이용가,https://comicthumb-phinf.pstatic.net/20180626_50/pocket_1529978073081liw1e_JPEG/kyobo3129826403604071804l9791196182861.jpg?type=m260
9788997751273,경제/경영,사막여우 중국 MBA 가다 ,김지영,10000,0.0,전체 이용가,https://comicthumb-phinf.pstatic.net/20180627_299/pocket_15300585192843Rc5F_JPEG/kyobo2773515592017173181l9788997751273.jpg?type=m260
9791195567836,경제/경영,거대한 전환에서 거대한 금융화로 (폴라니의 눈으로 본 현재의 위기) ,캐리 폴라니 레빗,17500,0.0,전체 이용가,https://comicthumb-phinf.pstatic.net/20180627_215/pocket_1530060844069XSecH_JPEG/kyobo7409886884807660373l9791195567836.jpg?type=m260
9791196345501,경제/경영,콘셉트 경영 (소비자의 마음을 움직여 실적을 반전시키는 원펀치 경영 전략) ,김용찬,9000,0.0,전체 이용가,https://comicthumb-phinf.pstatic.net/20180623_249/pocket_1529712167331iOwl1_JPEG/kyobo7311694786940011675l9791196345501.jpg?type=m260
9791188292363,경제/경영,대한민국 제로창업 ,윤석일,11200,0.0,전체 이용가,https://comicthumb-phinf.pstatic.net/20180622_262/pocket_1529629205680SdNaU_JPEG/upaper4594511615423836199U1113801.jpg?type=m260
9791188292387,경제/경영,엄마의 공부방 (평생 경력단절 없는) ,임보라,10300,10.0,전체 이용가,https://comicthumb-phinf.pstatic.net/20180622_250/pocket_1529629229300hyKQ9_JPEG/upaper7547753319121431817U1113804.jpg?type=m260
9791186361511,경제/경영,"재미없는 영화, 끝까지 보는 게 좋을까? ",박정호,9100,0.0,전체 이용가,https://comicthumb-phinf.pstatic.net/20180622_48/pocket_1529626301815qqimr_JPEG/kyobo3894698430721122824l9791186361511.jpg?type=m260
9791196299804,경제/경영,이미 와 있는 미래 ,크레이그 맥클레인,9800,0.0,전체 이용가,https://comicthumb-phinf.pstatic.net/20180622_148/pocket_1529626323068Jgn5D_JPEG/kyobo5869665394655365533l9791196299804.jpg?type=m260
9791156025481,경제/경영,"예측시장을 주목하라 (집단지성을 통한 미래예측, 혁신 조직의 DNA가 되다) ",도널드 N. 톰슨,16500,0.0,전체 이용가,https://comicthumb-phinf.pstatic.net/20180622_247/pocket_1529626925770WGMYo_JPEG/kyobo9104615096683395111l9791156025481.jpg?type=m260
9788934981817,경제/경영,"중국의 미래, 싱가포르 모델 (중국은 싱가포르에서 무엇을 배우고 어떻게 미래를 만드는가) ",임계순,17640,0.0,전체 이용가,https://comicthumb-phinf.pstatic.net/20180621_158/pocket_1529535747544jIqhg_JPEG/kpc30420957245282164069788934981817.jpg?type=m260
9788934981855,경제/경영,돈이 보이는 빅데이터 ,이종석,8820,0.0,전체 이용가,https://comicthumb-phinf.pstatic.net/20180621_10/pocket_1529535781904PS4hy_JPEG/kpc30644341517218464529788934981855.jpg?type=m260
9791155428429,경제/경영,2018 세계를 품다 ,글로벌 리더 선정자 25인,22400,0.0,전체 이용가,https://comicthumb-phinf.pstatic.net/20180621_117/pocket_15295399695017k6Bh_JPEG/kyobo1490831548435427639l9791155428429.jpg?type=m260
9791185785363,경제/경영,넥스트 위너 (부의 미래를 선점하라) ,스티브 사마티노,11200,0.0,전체 이용가,https://comicthumb-phinf.pstatic.net/20180621_96/pocket_1529541521731I6SFp_JPEG/kyobo1780932475471065023l9791185785363.jpg?type=m260
9791157953707,경제/경영,엄마의 재테크 미쳐도 좋아 (돈에 대한 워프이론은 단시간에 부자가 되는 기적의 비밀병기) ,쿠라하라 타다오,9900,0.0,전체 이용가,https://comicthumb-phinf.pstatic.net/20180620_294/pocket_1529455435277WK6ti_JPEG/kyobo148972117653135664l9791157953707.jpg?type=m260
9791130617350,경제/경영,4개의 통장 (평범한 사람이 목돈을 만드는 가장 빠른 시스템) ,고경호,10500,0.0,전체 이용가,https://comicthumb-phinf.pstatic.net/20180619_168/pocket_1529399802067FJvN9_JPEG/9791130617398.jpg?type=m260
9791158150150,경제/경영,파는 건 똑같은데 왜 그 가게만 잘될까? ,이철민,9800,0.0,전체 이용가,https://comicthumb-phinf.pstatic.net/20180619_295/pocket_1529368193797adOKW_JPEG/kyobo309713520392982762l9791158150150.jpg?type=m260
9791186269329,경제/경영,예정된 미래 2025 블록체인 세상 여행하기 ,김현우,12600,0.0,전체 이용가,https://comicthumb-phinf.pstatic.net/20221223_119/pocket_1671753891573EizDm_JPEG/kyobo497288468548520741l9791186269329.jpg?type=m260
9791162205983,경제/경영,오를지역만 짚어주는 부동산 투자 전략 ,채상욱,11200,10.0,전체 이용가,https://comicthumb-phinf.pstatic.net/20180615_61/pocket_1529041493566fX24I_JPEG/coverpage.jpg?type=m260
9788998171278,경제/경영,중국의 반격 (더 이상 중국 보너스는 없다) ,중앙일보 중국팀,9000,0.0,전체 이용가,https://comicthumb-phinf.pstatic.net/20180612_256/pocket_1528763211623RktIg_JPEG/kyobo5235974342747025703l9788998171278.jpg?type=m260
9788998171315,경제/경영,피터 드러커의 마지막 인터뷰 (한 권으로 읽는 피터 드러커 일생의 통찰) ,제프리 크레임스,9000,0.0,전체 이용가,https://comicthumb-phinf.pstatic.net/20180612_110/pocket_1528763492086SPbcs_JPEG/kyobo7035454504359321858l9788998171315.jpg?type=m260
9788998171391,경제/경영,신 중국책략 (세계 최고를 향한 중국의 야심과 한국의 전략) ,황순택,8500,0.0,전체 이용가,https://comicthumb-phinf.pstatic.net/20180612_211/pocket_1528764030831GN0HB_JPEG/kyobo6157250824415930949l9788998171391.jpg?type=m260
9788998171292,경제/경영,혁신 차이나 (완전한 개혁으로 제2의 도약에 나선 중국 경제를 대해부한다) ,우징롄,9000,0.0,전체 이용가,https://comicthumb-phinf.pstatic.net/20180612_122/pocket_1528765613430U7Si4_JPEG/kyobo4363119512296490074l9788998171292.jpg?type=m260
9788998171346,경제/경영,팀이 천재를 이긴다 (1+1을 10으로 만드는 팀의 힘) ,리치 칼가아드,9000,0.0,전체 이용가,https://comicthumb-phinf.pstatic.net/20180612_194/pocket_1528765970411SzKXM_JPEG/kyobo2822000321472508388l9788998171346.jpg?type=m260
9788998171230,경제/경영,리더 정신 (조직을 구하고 사람을 살리는) ,존 앨리슨,10000,0.0,전체 이용가,https://comicthumb-phinf.pstatic.net/20180612_126/pocket_1528766090830dss2i_JPEG/kyobo2464113526049074738l9788998171230.jpg?type=m260
9791187165040,경제/경영,내가 미래를 앞서가는 이유 (스타트업 1위 천재사업가의 미래 통찰) ,사토 가츠아키,11000,0.0,전체 이용가,https://comicthumb-phinf.pstatic.net/20160807_272/pocket_1470528065605c8Uep_JPEG/kyobo6879040753293959804l9791187165040.jpg?type=m260
9788957369623,경제/경영,누가 북한을 움직이는가 ,KBS 누가 북한을 움직이는가 제작팀,11060,0.0,전체 이용가,https://comicthumb-phinf.pstatic.net/20230106_218/pocket_1672963579644HbyFv_JPEG/kyobo3973398802055762456l9788957369623.jpg?type=m260
9791155428405,경제/경영,플랫폼하라 (비즈니스 빅뱅과 뉴미디어의 모든 것) ,홍기영,12600,10.0,전체 이용가,https://comicthumb-phinf.pstatic.net/20180605_240/pocket_15281581819498XyXV_JPEG/kyobo1288272166364387815l9791155428405.jpg?type=m260
9791160504774,경제/경영,나는 하루 1시간 주식투자로 연봉 번다 (epub3) (반드시 수익 내는 주식투자 3단계 원칙) ,최금식,11600,8.0,전체 이용가,https://comicthumb-phinf.pstatic.net/20180605_298/pocket_1528153205107UnkeL_JPEG/kpc39001145554810944769791160504927.jpg?type=m260
9791187289067,경제/경영,정해진 미래 (인구학이 말하는 10년 후 한국 그리고 생존전략) ,조영태,10500,0.0,전체 이용가,https://comicthumb-phinf.pstatic.net/20180602_207/pocket_1527898081048dUkxs_JPEG/kyobo5939378000764814498l9791187289067.jpg?type=m260
9791187289340,경제/경영,정해진 미래 시장의 기회 (인구변동에서 기회를 발굴하는 미래예측법) ,조영태,11200,9.3,전체 이용가,https://comicthumb-phinf.pstatic.net/20180602_199/pocket_1527898723956lLiSV_JPEG/kyobo16663958263250858l9791187289340.jpg?type=m260
9791159879876,경제/경영,가계부처럼 쉽게 읽는 5분 재무제표 (기업의 부실징후를 순식간에 간파하는 사례중심 재무제표 독법) ,박시대,14000,0.0,전체 이용가,https://comicthumb-phinf.pstatic.net/20180531_138/pocket_1527725732451vI0bd_JPEG/kyobo2520557310552924536l9791159879876.jpg?type=m260
9791128809774,경제/경영,소셜 피플 4 ,장경아,6800,0.0,전체 이용가,https://comicthumb-phinf.pstatic.net/20180529_249/pocket_1527552183636mmyHH_JPEG/kyobo3665372070247394012l9791128809774.jpg?type=m260
9791162223451,경제/경영,"저절로 팔리는 마법의 8단계 공식, 캣콘매직 (인터넷 쇼핑몰, 마케팅 글쓰기, 광고, 영업, 판매 원샷 올킬(One shot All kill) 공식) ",허경수,8100,0.0,전체 이용가,https://comicthumb-phinf.pstatic.net/20180530_247/pocket_1527640217500pJyeM_JPEG/kyobo5532229401956150089l9791162223451.jpg?type=m260
9791128809743,경제/경영,"소셜 피플 3  (기업 SNS 실용활극,큰글씨책) ",장경아,6800,0.0,전체 이용가,https://comicthumb-phinf.pstatic.net/20180529_254/pocket_1527552194181IxPgV_JPEG/kyobo3209107753115136139l9791128809736.jpg?type=m260
9791187150411,경제/경영,중국경제권력지도 ,김재현,12600,10.0,전체 이용가,https://comicthumb-phinf.pstatic.net/20180529_68/pocket_15275531589134iJUo_JPEG/kyobo1680823660254793731l9791187150411.jpg?type=m260
9788901223766,경제/경영,나는 1만 원으로 부동산 한다 (요즘 뜨는 부동산 P2P 투자 완전 정복) ,칸데오,10500,10.0,전체 이용가,https://comicthumb-phinf.pstatic.net/20180525_227/pocket_1527226406948VoePB_JPEG/_1___.jpg?type=m260
9791128800542,경제/경영,신화와 브랜드 모티프 ,성열홍,9600,0.0,전체 이용가,https://comicthumb-phinf.pstatic.net/20210306_82/pocket_16149911952960mUIn_JPEG/kyobo176900394350862106l9791128800542.jpg?type=m260
9791130617060,경제/경영,"머니 (MONEY,새로운 부의 법칙) ",롭 무어,11900,9.3,전체 이용가,https://comicthumb-phinf.pstatic.net/20180528_16/pocket_15274958877578dm99_JPEG/9791130617275.jpg?type=m260
9791155322383,경제/경영,인스타그램 마케팅 ,임헌수,10500,0.0,전체 이용가,https://comicthumb-phinf.pstatic.net/20180525_80/pocket_1527207191688uqPfX_JPEG/kyobo7941307919423418572l9791155322383.jpg?type=m260
9791162750353,경제/경영,집사려다 소송까지 ,주우성,6000,0.0,전체 이용가,https://comicthumb-phinf.pstatic.net/20180522_97/pocket_1526948986560EVBc8_JPEG/kyobo4684501629507437895l9791162750353.jpg?type=m260
9791162750483,경제/경영,대한민국 금융빅뱅 시나리오 ,서정의,9000,0.0,전체 이용가,https://comicthumb-phinf.pstatic.net/20180519_14/pocket_1526689992148InKxJ_JPEG/kyobo3821059066771022652l9791162750483.jpg?type=m260
9791188704262,경제/경영,4차 산업시대의 스마트카 전쟁 ,박기혁,10500,0.0,전체 이용가,https://comicthumb-phinf.pstatic.net/20180519_127/pocket_1526688905086KMNL4_JPEG/kyobo5222886231017320582l9791188704262.jpg?type=m260
9791162750728,경제/경영,일본인의 눈물 ,손대식,24000,1.0,전체 이용가,https://comicthumb-phinf.pstatic.net/20180522_277/pocket_1526949499692SlBjG_JPEG/kyobo7754489676195382919l9791162750728.jpg?type=m260
9791159878794,경제/경영,"경제 기사로 푸는 직장인 재테크 가이드 북 (2018,자산관리 전문가가 추천하는 금리 인상 시기의 성공 투자전략) ",이호룡,10000,0.0,전체 이용가,https://comicthumb-phinf.pstatic.net/20180522_254/pocket_1526950965349lLEcT_JPEG/kyobo5828827686975237798l9791159878794.jpg?type=m260
9791162750599,경제/경영,프로젝트 성공의 비밀 (THE SECRET TO PROJECT SUCCESS) ,원리,9000,0.0,전체 이용가,https://comicthumb-phinf.pstatic.net/20180522_298/pocket_15269515040697UiKw_JPEG/kyobo3790265252996051452l9791162750599.jpg?type=m260
9788934971900,경제/경영,하루 만에 끝내는 MBA ,벤 티글러,9450,0.0,전체 이용가,https://comicthumb-phinf.pstatic.net/20180518_182/pocket_1526598114615bPyaD_JPEG/kpc43477494650055985419788934971900.jpg?type=m260
9791160504620,경제/경영,미래조직4.0 (epub3) ,김성남,11200,0.0,전체 이용가,https://comicthumb-phinf.pstatic.net/20180518_23/pocket_1526598081236d8utE_JPEG/kpc7762913090974548049791160504781.jpg?type=m260
9791187150398,경제/경영,가상화폐전쟁 ,비즈니스워치 편집국,11500,0.0,전체 이용가,https://comicthumb-phinf.pstatic.net/20180518_286/pocket_1526602549764CvbIw_JPEG/kyobo1151425129076464673l9791187150398.jpg?type=m260
9791128800443,경제/경영,가상 환경의 팀워크 ,박준기,9600,10.0,전체 이용가,https://comicthumb-phinf.pstatic.net/20210306_15/pocket_1614990579081UOz85_JPEG/kyobo5386583614842380757l9791128800443.jpg?type=m260
9791128800498,경제/경영,공유경제 ,김대호,9600,0.0,전체 이용가,https://comicthumb-phinf.pstatic.net/20210306_217/pocket_1614990562715zP6q8_JPEG/kyobo3696912338719853423l9791128800498.jpg?type=m260
9791128809309,경제/경영,방송 광고의 미학 원리 ,윤태일,25600,0.0,전체 이용가,https://comicthumb-phinf.pstatic.net/20180516_107/pocket_15264310280767THvD_JPEG/kyobo4841555919106779073l9791128809309.jpg?type=m260
9791186518045,경제/경영,"레인메이커 (진정성있는 브랜딩, 구라없는 마케팅 이야기) ",황부영,9000,0.0,전체 이용가,https://comicthumb-phinf.pstatic.net/20180517_263/pocket_1526516342736aCeNc_JPEG/kyobo9139565405801544120l9791186518045.jpg?type=m260
9791186358368,경제/경영,사업보험 ,엄정한,9500,0.0,전체 이용가,https://comicthumb-phinf.pstatic.net/20220803_188/pocket_1659485912432hh65H_JPEG/kyobo3802453348996158819l9791186358368.jpg?type=m260
9791162990155,경제/경영,골프장 지방세 어떻게 할 것인가 ,김영선,9100,0.0,전체 이용가,https://comicthumb-phinf.pstatic.net/20180510_255/pocket_1525914613818Gwmxi_JPEG/kyobo5778030843884388376l9791162990155.jpg?type=m260
9791185272375,경제/경영,이것이 블록체인 경제다 (비트코인·암호화폐가 만드는 4차 산업혁명) ,한경비즈니스 특별취재팀,10500,0.0,전체 이용가,https://comicthumb-phinf.pstatic.net/20180512_95/pocket_15260877400493jJFD_JPEG/kyobo7951763640363186736l9791185272375.jpg?type=m260
9788950974046,경제/경영,애프터 비트코인 (블록체인 3.0 시대와 디지털화폐의 미래) ,나카지마 마사시,13600,0.0,전체 이용가,https://comicthumb-phinf.pstatic.net/20180514_230/pocket_1526282719894t9NS0_JPEG/_%28280-415%29.jpg?type=m260
9788987224862,경제/경영,"대한민국 금융 잔혹사 (잔혹했던 한국 금융 60년, 정치자금과 특혜를 둘러싼 정치권력.기업.금융의 유착관계를 파헤치다!) ",윤광원,7500,0.0,전체 이용가,https://comicthumb-phinf.pstatic.net/20180509_183/pocket_15258254308494VwIr_JPEG/kyobo7663588077868030374l9788987224862.jpg?type=m260
9788997142040,경제/경영,포스트 잡스 (잡스가 멈춘 곳에서 길을 찾다) ,조광수,10000,0.0,전체 이용가,https://comicthumb-phinf.pstatic.net/20220927_113/pocket_1664238209915vmgQu_JPEG/kyobo8084241593816677134l9788997142040.jpg?type=m260
9791159096242,경제/경영,주거혁명 2030 ,박영숙,10000,10.0,전체 이용가,https://comicthumb-phinf.pstatic.net/20180509_299/pocket_1525826461400w9gtm_JPEG/kyobo2388987674381654836l9791159096242.jpg?type=m260
9791186588697,경제/경영,거장들의 투자공식 (12인의 투자자에게 배우는 투자원칙) ,고이즈미 히데키,10150,0.0,전체 이용가,https://comicthumb-phinf.pstatic.net/20180509_195/pocket_15258270130284f6sv_JPEG/kyobo6020512725803673585l9791186588697.jpg?type=m260
9791162180235,경제/경영,전략 PR:핵심은 분위기다 (사람을 움직이는 여섯 가지 법칙) ,혼다 데쓰야,9100,0.0,전체 이용가,https://comicthumb-phinf.pstatic.net/20180505_227/pocket_15254788890665TylL_JPEG/kyobo2336033396576768780l9791162180235.jpg?type=m260
9791188610549,경제/경영,나는 홈쇼핑에서 마케팅의 모든 것을 배웠다 (공격적이고 군더더기 없는 마케팅과 세일즈의 영업전술 교본) ,심지민,9000,0.0,전체 이용가,https://comicthumb-phinf.pstatic.net/20180509_244/pocket_15258205473564hMd4_JPEG/kpc56945659553031759879791188610563.jpg?type=m260
9788960866423,경제/경영,명장 그들은 이기는 싸움만 한다 (전설의 군대에서 찾은 100퍼센트 승리의 비결) ,임용한,10500,0.0,전체 이용가,https://comicthumb-phinf.pstatic.net/20180504_281/pocket_1525426632488nnxoi_JPEG/%2C____.jpg?type=m260
9791129701701,경제/경영,클라우스 슈밥의 제4차 산업혁명 THE NEXT ,클라우스 슈밥,11900,10.0,전체 이용가,https://comicthumb-phinf.pstatic.net/20180504_216/pocket_1525395230818jIUAn_JPEG/kyobo6532230239941656887l9791129701701.jpg?type=m260
9791162950005,경제/경영,위험과 불확실성 및 이윤 ,프랭크 하이너먼 나이트,16800,0.0,전체 이용가,https://comicthumb-phinf.pstatic.net/20180503_281/pocket_1525306116400C1l2b_JPEG/kyobo4053808648957229779l9791162950005.jpg?type=m260
9791162750162,경제/경영,일 년 삼십 분 투자로 주식 부자 되기 ,김정래,6000,0.0,전체 이용가,https://comicthumb-phinf.pstatic.net/20180501_285/pocket_15251337511129s20c_JPEG/kyobo6245486356427688866l9791162750162.jpg?type=m260
9791160504552,경제/경영,4차 산업혁명 상식사전 (epub3) (58개 핵심 키워드로 끝내는 4차 산업혁명의 모든 것) ,공병훈,11600,0.0,전체 이용가,https://comicthumb-phinf.pstatic.net/20180428_109/pocket_1524870005914gkQ04_JPEG/kpc6217611012171719389791160504767.jpg?type=m260
9788959894802,경제/경영,맥락을 팔아라 (아무 것도 필요하지 않은 시대의 마케팅) ,정지원,11900,10.0,전체 이용가,https://comicthumb-phinf.pstatic.net/20180501_108/pocket_15251292975086cYek_JPEG/kpc52960074514286297789788959895038.jpg?type=m260
9788983962379,경제/경영,현대 러시아 경제 ,조원호,8000,0.0,전체 이용가,https://comicthumb-phinf.pstatic.net/20180428_245/pocket_15248750236524Pv76_JPEG/kyobo8144392360277934851l9788983962379.jpg?type=m260
9788901222660,경제/경영,백만장자 메신저 (당신의 경험이 돈이 되는 순간이 온다) ,브렌든 버처드,12600,10.0,전체 이용가,https://comicthumb-phinf.pstatic.net/20180503_281/pocket_15253235814320yVJX_JPEG/_-.jpg?type=m260
9788965706069,경제/경영,위드하라 (성공하려면) ,김병원,10500,0.0,전체 이용가,https://comicthumb-phinf.pstatic.net/20180428_255/pocket_1524874447130ME7HY_JPEG/kyobo7148739095971041558l9788965706069.jpg?type=m260
9788964951118,경제/경영,"대박 돈벼락 운 (運, 누구나 1억, 10억, 100억 돈벼락 運 대박 재테크) ",손재찬,10000,0.0,전체 이용가,https://comicthumb-phinf.pstatic.net/20220922_46/pocket_16638050927434lsln_JPEG/kyobo3006059117703662885l9788964951118.jpg?type=m260
9788983962782,경제/경영,혁신적 조직행동 (4차 산업혁명 시대를 위한) ,유재언,12000,0.0,전체 이용가,https://comicthumb-phinf.pstatic.net/20180428_213/pocket_1524874126214zcLXE_JPEG/kyobo1531850009038421464l9788983962782.jpg?type=m260
9791196341831,경제/경영,"월 1,000 버는 꼬마빌딩 잘 사서 잘 짓는 법 (따라하면 임대수익이 따라오는 꼬마빌딩 투자) ",김인만,10500,0.0,전체 이용가,https://comicthumb-phinf.pstatic.net/20180503_15/pocket_1525306810895Tk02T_JPEG/kyobo232357801334296346l9791196341831.jpg?type=m260
9791188610457,경제/경영,내 인생을 바꾼 부동산 공부 (월급만 가지고는 살 수 없다!) ,이나금,9000,8.0,전체 이용가,https://comicthumb-phinf.pstatic.net/20180424_124/pocket_1524524485232I81qO_JPEG/kpc45950425359167997599791188610501.jpg?type=m260
9791186592144,경제/경영,10대를 위한 재미있는 경제특강 ,조준현,6250,0.0,전체 이용가,https://comicthumb-phinf.pstatic.net/20180421_202/pocket_1524269270740QsNTQ_JPEG/kyobo4312999258928754645l9791186592144.jpg?type=m260
9791162540145,경제/경영,플랫폼 제국의 미래 ,스콧 갤러웨이,12600,0.0,전체 이용가,https://comicthumb-phinf.pstatic.net/20180820_233/pocket_15347233572451P4YM_JPEG/kyobo475901369015254371l9791162540145.jpg?type=m260
9791162205570,경제/경영,아파트 살 돈으로 건물주 되기 (3명이 3억으로 30억 빌딩 가질 수 있다) ,구선영,12600,0.0,전체 이용가,https://comicthumb-phinf.pstatic.net/20180420_236/pocket_1524213319956sC1FA_JPEG/cover.jpg?type=m260
9791159879616,경제/경영,기업을 위한 모빌리티 ,김진병,9800,0.0,전체 이용가,https://comicthumb-phinf.pstatic.net/20180418_67/pocket_1524011801781tY5GD_JPEG/kyobo427215577913442103l9791159879616.jpg?type=m260
9791187993308,경제/경영,"2000년 이후, 한국의 신흥 부자들 (부자들은 모두 경제의 변곡점에서 탄생한다!) ",홍지안,9900,0.0,전체 이용가,https://comicthumb-phinf.pstatic.net/20180418_102/pocket_15240118226083JX3w_JPEG/kyobo8245110368933989723l9791187993308.jpg?type=m260
9791160504446,경제/경영,잘되는 가게의 영업비밀 (epub3) ,남우현,9800,0.0,전체 이용가,https://comicthumb-phinf.pstatic.net/20180418_191/pocket_1524006369554RXXpU_JPEG/kpc85269268965303737209791160504675.jpg?type=m260
9791160504422,경제/경영,작고 멋진 발견 (epub3) ,김철수,10500,0.0,전체 이용가,https://comicthumb-phinf.pstatic.net/20180420_116/pocket_1524178805630Gsrbg_JPEG/kpc7037090058867423249791160504613.jpg?type=m260
9791187289319,경제/경영,마케터의 일 ,장인성,9800,7.0,전체 이용가,https://comicthumb-phinf.pstatic.net/20180420_30/pocket_1524187274643noKnQ_JPEG/kyobo2996241870277793216l9791187289319.jpg?type=m260
9791195463824,경제/경영,"나음보다 다름 (기획에서 마케팅까지, 무엇을 어떻게 차별화할 것인가) ",홍성태,11200,0.0,전체 이용가,https://comicthumb-phinf.pstatic.net/20180419_30/pocket_1524100617046aYgXu_JPEG/kyobo1597565906621007715l9791195463824.jpg?type=m260
9791187925101,경제/경영,디지털이 꿈꾸는 미래 (세상을 바꿀 테크놀로지) ,ETRI 성과홍보실,12600,0.0,전체 이용가,https://comicthumb-phinf.pstatic.net/20180419_98/pocket_1524100722505bqayu_JPEG/kyobo3454115498599348544l9791187925101.jpg?type=m260
9791196328207,경제/경영,인구전쟁2045 ,KAIST 문술미래전략대학원,10400,0.0,전체 이용가,https://comicthumb-phinf.pstatic.net/20180417_247/pocket_1523923683136ief0w_JPEG/kyobo9218610199832283109l9791196328207.jpg?type=m260
9791187400141,경제/경영,세일즈 보스 ,조너선 휘스먼,12000,0.0,전체 이용가,https://comicthumb-phinf.pstatic.net/20190116_61/pocket_1547601265960ieoQ3_JPEG/kyobo6185084529967661055l9791187400141.jpg?type=m260
9788987390130,경제/경영,"눈덩이처럼 돈 불리는 마법의 부자되기 72법칙 (저금리 시대, 부동산, 주식, 돈 불리는 마법의 부자되기 복리 법칙) ",톰 제이콥스,5000,0.0,전체 이용가,https://comicthumb-phinf.pstatic.net/20180417_15/pocket_15239238184854nYqv_JPEG/kyobo2952938193999411405l9788987390130.jpg?type=m260
9791162540121,경제/경영,나는 직원 없이도 10억 번다 ,일레인 포펠트,10500,0.0,전체 이용가,https://comicthumb-phinf.pstatic.net/20180902_69/pocket_1535846844020tQcg3_JPEG/kyobo288806783678537203l9791162540121.jpg?type=m260
9791196144418,경제/경영,경제학자의 사생활 ,하노 벡,10150,0.0,전체 이용가,https://comicthumb-phinf.pstatic.net/20180412_288/pocket_15234918470666yx8O_JPEG/kyobo5833774682802020246l9791196144418.jpg?type=m260
9791196144425,경제/경영,아마존 웨이 (세계에서 가장 파괴적인 기업 아마존의 모든 것) ,존 로스만,10500,0.0,전체 이용가,https://comicthumb-phinf.pstatic.net/20180412_114/pocket_1523492311578zyfFY_JPEG/kyobo4295697540500173266l9791196144425.jpg?type=m260
9791162203200,경제/경영,그들이 알려주지 않는 투자의 법칙 (돈의 흐름이 보이는 첫 번째 투자 수업) ,영주닐슨,13860,10.0,전체 이용가,https://comicthumb-phinf.pstatic.net/20180323_52/pocket_1521786534685wst5F_JPEG/_.jpg?type=m260
9791187604549,경제/경영,한 권으로 읽는 4차 산업혁명 ,강규일,9000,10.0,전체 이용가,https://comicthumb-phinf.pstatic.net/20180410_66/pocket_1523319532682gI6Nc_JPEG/kyobo1186326233543668391l9791187604549.jpg?type=m260
9791195976515,경제/경영,부동산 모르면 부자 될 수 없다 ,최진성,11500,0.0,전체 이용가,https://comicthumb-phinf.pstatic.net/20180411_138/pocket_1523414638190ovNFh_JPEG/kyobo7307515330108863232l9791195976515.jpg?type=m260
9791196256616,경제/경영,마케팅 하지 않는 마케터 ,이무신,8500,0.0,전체 이용가,https://comicthumb-phinf.pstatic.net/20180407_279/pocket_1523059535015DaNx7_JPEG/kyobo1617402865114762066l9791196256616.jpg?type=m260
9791162203262,경제/경영,아는 만큼 돈 버는 부동산 절세 전략 ,이상혁,10500,0.0,전체 이용가,https://comicthumb-phinf.pstatic.net/20180406_47/pocket_1523003812579DSXM1_JPEG/coverpage.jpg?type=m260
9788950973896,경제/경영,"부자들이 절대 하지 않는 40가지 습관 (상위 1% 부자 3,000명에게 배운, 평생 돈 걱정 없이 사는 법) ",다구치 도모타카,11040,1.5,전체 이용가,https://comicthumb-phinf.pstatic.net/20180406_146/pocket_1522998322647eTQE3_JPEG/____40_%28280-415%29.jpg?type=m260
9788934981213,경제/경영,"생각에 관한 생각 (300년 전통경제학의 프레임을 뒤엎은 행동경제학의 바이블, 우리의 행동을 지배하는 생각의 반란) ",대니얼 카너먼,15750,10.0,전체 이용가,https://comicthumb-phinf.pstatic.net/20180406_199/pocket_1522969226763V9vB8_JPEG/kpc51278043590322453539788934981213.jpg?type=m260
9791186269961,경제/경영,"콘텐츠가 왕이라면 컨텍스트는 신이다 (4차 산업혁명 시대,컨텍스트를 수집하고 파악하고 대응하는 자가 미래를 지배한다!) ",박창규,16100,0.0,전체 이용가,https://comicthumb-phinf.pstatic.net/20180405_128/pocket_15228904962774bgcG_JPEG/kyobo4809564275252660966l9791186269961.jpg?type=m260
9791130616421,경제/경영,회계 천재가 된 홍 대리 5 ,손봉석,10500,0.0,전체 이용가,https://comicthumb-phinf.pstatic.net/20180404_19/pocket_1522821203845wY96t_JPEG/9791130616599.jpg?type=m260
9791130616414,경제/경영,회계 천재가 된 홍 대리 4 (원가 절감) ,손봉석,10500,0.0,전체 이용가,https://comicthumb-phinf.pstatic.net/20180404_246/pocket_1522820891905gFKlW_JPEG/9791130616582.jpg?type=m260
9791130616407,경제/경영,회계 천재가 된 홍 대리 3 (세무리스크 관리) ,손봉석,10500,0.0,전체 이용가,https://comicthumb-phinf.pstatic.net/20180404_234/pocket_1522820730361qJhQw_JPEG/9791130616575.jpg?type=m260
9791130616391,경제/경영,회계 천재가 된 홍 대리 2 (수익성 개선) ,손봉석,10500,0.0,전체 이용가,https://comicthumb-phinf.pstatic.net/20180404_4/pocket_1522820551424qIiRb_JPEG/9791130616568.jpg?type=m260
9791130616384,경제/경영,회계 천재가 된 홍 대리 1 (회계의 본질) ,손봉석,10500,10.0,전체 이용가,https://comicthumb-phinf.pstatic.net/20180404_72/pocket_1522820434413yTe5M_JPEG/9791130616551.jpg?type=m260
9791196169701,경제/경영,구글버스에 돌을 던지다 ,더글라스 러쉬코프,12000,0.0,전체 이용가,https://comicthumb-phinf.pstatic.net/20180404_105/pocket_152280481707819wvp_JPEG/kyobo8713320017241270864l9791196169701.jpg?type=m260
9791161690445,경제/경영,카페 블루보틀 (파란색 병에 담긴 특별한 라이프스타일) ,김종선,10000,0.0,전체 이용가,https://comicthumb-phinf.pstatic.net/20180403_129/pocket_1522715625754muPJ9_JPEG/kyobo3558414070264400051l9791161690445.jpg?type=m260
9791159619397,경제/경영,자식들에게만 전해주는 재테크 비밀수첩 ,손대식,17000,3.4,전체 이용가,https://comicthumb-phinf.pstatic.net/20180331_37/pocket_1522455204625FhDho_JPEG/kyobo1293370085351087891l480D180323120.jpg?type=m260
9791187314325,경제/경영,"나는 150만 원으로 10억 벌었다 (4차 산업혁명시대,아는 순간 돈이 되는 가상화폐,지금 시작하면 돈 번다) ",박문식,9900,0.0,전체 이용가,https://comicthumb-phinf.pstatic.net/20180331_268/pocket_1522455234324wxPqd_JPEG/kyobo6784624883666593833l9791187314325.jpg?type=m260
9791187314370,경제/경영,노후를 책임지는 부동산 투자법 ,이상준,9000,0.0,전체 이용가,https://comicthumb-phinf.pstatic.net/20180331_71/pocket_1522455816370brDw2_JPEG/kyobo121709344856250581l9791187314370.jpg?type=m260
9791187314349,경제/경영,가상화폐 100문 100답 (초보자도 알기 쉬운) ,박문식,11000,0.0,전체 이용가,https://comicthumb-phinf.pstatic.net/20180331_270/pocket_15224560333533VjS1_JPEG/kyobo602397672775667753l9791187314349.jpg?type=m260
9791187314363,경제/경영,돈을 버는 습관 ,이경윤,9000,0.0,전체 이용가,https://comicthumb-phinf.pstatic.net/20180331_61/pocket_1522456128886oqwyb_JPEG/kyobo9052573954172848044l9791187314363.jpg?type=m260
9791187314301,경제/경영,나는 월세 받아 세계여행 간다 (화끈한 경매 500만원 투자로드맵) ,조충근,8500,0.0,전체 이용가,https://comicthumb-phinf.pstatic.net/20180331_178/pocket_1522457678252IsVCl_JPEG/kyobo8435110636168894468l9791187314301.jpg?type=m260
9791188230259,경제/경영,돈과 시간에서 자유로운 인생 1인 기업 실전편 ,이승준,8880,0.0,전체 이용가,https://comicthumb-phinf.pstatic.net/20180331_75/pocket_1522457717205LXIvB_JPEG/kyobo1480177745533342026l9791188230259.jpg?type=m260
9791130616339,경제/경영,그래서 어디를 살까요 (알면 돈 되는 신나는 부동산 잡학사전) ,김학렬,11900,8.0,전체 이용가,https://comicthumb-phinf.pstatic.net/20180330_44/pocket_15223946943624d8Yl_JPEG/9791130616643.jpg?type=m260
9791160504316,경제/경영,익스트림 팀 (epub3) (최고의 성과는 최고의 조직이 만든다) ,로버트 브루스 쇼,13200,0.0,전체 이용가,https://comicthumb-phinf.pstatic.net/20180330_91/pocket_15223644587932Vym1_JPEG/kpc40265879463862158519791160504477.jpg?type=m260
9788965746454,경제/경영,도전력 ,김병도,9000,0.0,전체 이용가,https://comicthumb-phinf.pstatic.net/20180330_140/pocket_15223650680308wf8M_JPEG/kpc20324805056858407629788965748472.jpg?type=m260
9788984076938,경제/경영,경제학 팟캐스트 ,팀 하포드,11900,10.0,전체 이용가,https://comicthumb-phinf.pstatic.net/20180516_209/pocket_1526431666948nYIhj_JPEG/kyobo8974128788955787571l9788984076938.jpg?type=m260
9791188610419,경제/경영,"나는 부동산 투자가 가장 쉽다 (내 집, 상가, 토지, 꼬마 월세까지 부동산 투자 입문서) ",이지연,9000,0.0,전체 이용가,https://comicthumb-phinf.pstatic.net/20180329_67/pocket_15222780482571zhUW_JPEG/kpc45630032065971795629791188610433.jpg?type=m260
9791196205614,경제/경영,1.2초 찰나의 유혹 ,권영인,9800,0.0,전체 이용가,https://comicthumb-phinf.pstatic.net/20180328_113/pocket_15221953375631UsUq_JPEG/kyobo4269307358814450741l9791196205614.jpg?type=m260
9788950973681,경제/경영,불안한 평화 (대한민국의 운명을 결정할 한미 관계 전략) ,공병호,14400,0.0,전체 이용가,https://comicthumb-phinf.pstatic.net/20180326_224/pocket_1522049247371Uxdeq_JPEG/_%28280-415%29.jpg?type=m260
9791160020991,경제/경영,서울대 최종학 교수의 숫자로 경영하라 4 (숫자 뒤에 숨은 진실을 보는 눈) ,최종학,13650,0.0,전체 이용가,https://comicthumb-phinf.pstatic.net/20180324_230/pocket_15218496187756bWAJ_JPEG/kyobo2279556064616077598l9791160020991.jpg?type=m260
9791160021066,경제/경영,가장 빨리 돈으로부터 자유로워지는 법 (최단기간에 부자가 되기 위한 혁명적 돈 공부) ,조진환,11200,0.0,전체 이용가,https://comicthumb-phinf.pstatic.net/20180324_184/pocket_15218501076132gYKH_JPEG/kyobo7213384311345600875l9791160021066.jpg?type=m260
9791160021035,경제/경영,일의 미래 (4차 산업혁명시대를 여는 딜로이트의 대담한 제안) ,딜로이트 컨설팅,11900,0.0,전체 이용가,https://comicthumb-phinf.pstatic.net/20180324_110/pocket_1521850159947igLl4_JPEG/kyobo6630661888332345715l9791160021035.jpg?type=m260
9791160021028,경제/경영,제4차 산업혁명의 미래 (세상을 바꾸는) ,이상헌,11200,0.0,전체 이용가,https://comicthumb-phinf.pstatic.net/20180324_92/pocket_15218504419350r9Yr_JPEG/kyobo1346232298823913959l9791160021028.jpg?type=m260
9788901221878,경제/경영,사람의 힘 (영원한 세일즈맨 윤석금이 말한다) ,윤석금,9800,0.0,전체 이용가,https://comicthumb-phinf.pstatic.net/20180326_137/pocket_1522026680404dnoBU_JPEG/_.jpg?type=m260
9791155428191,경제/경영,손현덕의 구석구석 4차 산업혁명 탐구 (문과 출신도 단박에 이해하는) ,손현덕,11200,0.0,전체 이용가,https://comicthumb-phinf.pstatic.net/20180322_296/pocket_1521677359126SX0OJ_JPEG/kyobo1739706415757658497l9791155428191.jpg?type=m260
9791186665893,경제/경영,마흔에 쓰는 돈 반성문 ,박성만,10500,7.0,전체 이용가,https://comicthumb-phinf.pstatic.net/20180321_226/pocket_1521591613339pbbMG_JPEG/kyobo5453487332525389859l9791186665893.jpg?type=m260
9791162540077,경제/경영,4차 산업혁명 그 이후 미래의 지배자들 ,최은수,11200,0.0,전체 이용가,https://comicthumb-phinf.pstatic.net/20180821_38/pocket_1534812754394gLKPI_JPEG/kyobo3645837091070222461l9791162540077.jpg?type=m260
9791186615317,경제/경영,블록체인 매니지먼트 (블록체인이 경영에 접목될 때 일어날 창조적 혁신) ,양정훈,9660,0.0,전체 이용가,https://comicthumb-phinf.pstatic.net/20180315_280/pocket_1521072287878GGjlC_JPEG/kyobo8819004571063977345l9791186615317.jpg?type=m260
9791187925040,경제/경영,5G 시대가 온다 (미래를 사는 기술) ,ETRI 5G사업전략실,9800,0.0,전체 이용가,https://comicthumb-phinf.pstatic.net/20180315_136/pocket_15210733356336hgXL_JPEG/kyobo361970664011071128l9791187925040.jpg?type=m260
9791162202371,경제/경영,누구나 5년 만에 노후 월급 500만 원 만들 수 있다 ,서명수,10500,0.0,전체 이용가,https://comicthumb-phinf.pstatic.net/20180314_49/pocket_1521001057565o56Pt_JPEG/coverpage.jpg?type=m260
9791160504255,경제/경영,부자가 되려면 부자를 만나라 (epub3) (진짜 부자들이 알려주지 않는 투자의 비법) ,고준석,10500,0.0,전체 이용가,https://comicthumb-phinf.pstatic.net/20180314_133/pocket_1520982077884iCpW4_JPEG/kpc85812396582237743079791160504378.jpg?type=m260
9791159878091,경제/경영,경쟁정보가 울려주는 비즈니스 조기경보 (어떤 상황에서도 살아남을 수 있는 기업의 위기감지와 기회포착 기술) ,이윤석,11100,0.0,전체 이용가,https://comicthumb-phinf.pstatic.net/20180313_93/pocket_1520900328990c9jGR_JPEG/kyobo796160487816311436l9791159878091.jpg?type=m260
9791186518182,경제/경영,금융투자 완전정복 (아는 만큼 돈을 버는) ,최철식,9000,0.0,전체 이용가,https://comicthumb-phinf.pstatic.net/20180313_261/pocket_1520900470388fa05Q_JPEG/kyobo8910862800862116221l9791186518182.jpg?type=m260
9791159878053,경제/경영,"여의도 맞벌이 부부가 잘사는 법 (혼자보다 둘이 나은 대한민국 맞벌이 부부의 재테크, 육아 비밀노트) ",여의도 조이부부,9700,0.0,전체 이용가,https://comicthumb-phinf.pstatic.net/20180313_9/pocket_1520900573117FAvcr_JPEG/kyobo1487462774455203116l9791159878053.jpg?type=m260
9791159879319,경제/경영,비정규직을 위한 따뜻한 인사노무관리 (저임금과 고용불안에 시달리는 비정규직에 대한 차별을 해소하고 이들을 핵심인재로 키우는 경영 노하우) ,정학용,10000,0.0,전체 이용가,https://comicthumb-phinf.pstatic.net/20180313_184/pocket_1520900846001UeVnY_JPEG/kyobo6677515081499590413l9791159879319.jpg?type=m260
9791159879418,경제/경영,Business: 디자이너처럼 (디자이너처럼 생각하며 일하면 비즈니스가 바뀐다) ,허근,9100,0.0,전체 이용가,https://comicthumb-phinf.pstatic.net/20180313_75/pocket_1520900885385yS5tW_JPEG/kyobo1939859841546591346l9791159879418.jpg?type=m260
9791130616162,경제/경영,365 월세 통장 ,윤수현,10500,0.0,전체 이용가,https://comicthumb-phinf.pstatic.net/20180313_178/pocket_1520906805968U8qwj_JPEG/9791130616285.jpg?type=m260
9791155428139,경제/경영,도시 이후의 도시 ,신현규,11000,0.0,전체 이용가,https://comicthumb-phinf.pstatic.net/20180310_154/pocket_1520640959924QuE5K_JPEG/kyobo3754236181474648694l9791155428139.jpg?type=m260
9791186349755,경제/경영,부자는 내가 정한다 (삶이 성장하는 행복재테크) ,김은정,9000,0.0,전체 이용가,https://comicthumb-phinf.pstatic.net/20180310_17/pocket_1520641313749RInCt_JPEG/kyobo835989811329325322l9791186349755.jpg?type=m260
9788901222202,경제/경영,미라클 일주일 지갑 (1만 명의 마이너스 인생을 플러스로 바꾼 기적의 습관) ,요코야마 미쓰아키,9100,0.0,전체 이용가,https://comicthumb-phinf.pstatic.net/20180306_147/pocket_1520317507320Ps8zN_JPEG/__-.jpg?type=m260
9791188519095,경제/경영,무엇이 기업에 혁신을 요구하는가 ,스티븐 M. 샤피로,15000,0.0,전체 이용가,https://comicthumb-phinf.pstatic.net/20180228_185/pocket_15197724291827LKcc_JPEG/kpc5299195526088056288981441154.jpg?type=m260
9788981441784,경제/경영,경제학의 역사 (지성의 흐름으로 본) ,로저 백하우스,14000,0.0,전체 이용가,https://comicthumb-phinf.pstatic.net/20180228_93/pocket_1519772451818n7Dj5_JPEG/kpc90084602280241564799788981441784.jpg?type=m260
9788950973292,경제/경영,"창의와 도전, 행복한 50년 (허진규 일진그룹 회장의 도전과 혁신 스토리) ",김황식,16000,0.0,전체 이용가,https://comicthumb-phinf.pstatic.net/20180228_32/pocket_15197980337892CTez_JPEG/_%2C__50%28280-415%29.jpg?type=m260
9791159619168,경제/경영,서울 강남부자들은 왜? 재건축에 열광할까? ,한석만,7000,0.0,전체 이용가,https://comicthumb-phinf.pstatic.net/20180228_270/pocket_1519776618308CNRpz_JPEG/kyobo2078139808327648134l9791159619168.jpg?type=m260
9791196257101,경제/경영,이동우의 10분 독서 101 (이 책 한 권만으로 101권을 읽는 효과) ,이동우,15400,0.0,전체 이용가,https://comicthumb-phinf.pstatic.net/20180228_290/pocket_1519777901512nLtNJ_JPEG/kyobo8017382405294295525l9791196257101.jpg?type=m260
9791185021942,경제/경영,소액투자자를 위한 발로 찾는 부동산투자법 (저평가된 소액 부동산은 현장에 숨어 있다!) ,박산,7500,7.0,전체 이용가,https://comicthumb-phinf.pstatic.net/20180228_151/pocket_1519778221874NNvzu_JPEG/kyobo380805599622019398l9791185021942.jpg?type=m260
9788997751266,경제/경영,기업은 투자자의 장난감이 아니다 (재무리스크 관리의 잘못된 역설) ,권오상,12000,0.0,전체 이용가,https://comicthumb-phinf.pstatic.net/20180227_192/pocket_1519686047064fkBih_JPEG/kpc81357196767225473369788997751280.jpg?type=m260
9791187345114,경제/경영,30분 경제학 (epub3) ,이호리 도시히로,10800,0.0,전체 이용가,https://comicthumb-phinf.pstatic.net/20180227_167/pocket_15196860986899W8Xd_JPEG/kpc31326230324825502349791160504309.jpg?type=m260
9791162334300,경제/경영,왓츠 더 퓨처 ,팀 오라일리,15400,0.0,전체 이용가,https://comicthumb-phinf.pstatic.net/20180422_200/pocket_1524355239490YpyS7_JPEG/kyobo3287730110815108536l9791162334300.jpg?type=m260
9791156025696,경제/경영,4차 산업혁명 시대 생존전략 (아이부터 장년까지 뇌교육 전문가와 함께하는) ,박규리,9750,0.0,전체 이용가,https://comicthumb-phinf.pstatic.net/20180224_155/pocket_1519430838453OPSmg_JPEG/kyobo7046459936467429307l9791156025696.jpg?type=m260
9791162222720,경제/경영,차이나는 차이나 ,김창용,10000,10.0,전체 이용가,https://comicthumb-phinf.pstatic.net/20180223_236/pocket_1519344623959dyTaz_JPEG/kyobo5236343331397931397l9791162222720.jpg?type=m260
9791162222140,경제/경영,부동산 법률상담 (부동산전문 변호사의) ,송명욱,8400,0.0,전체 이용가,https://comicthumb-phinf.pstatic.net/20180223_48/pocket_1519344820133Cd1BQ_JPEG/kyobo113605728647462134l9791162222140.jpg?type=m260
9791162180150,경제/경영,세계 시장을 주도할 크로스 테크놀로지 100 ,닛케이 BP사,11760,0.0,전체 이용가,https://comicthumb-phinf.pstatic.net/20180223_163/pocket_1519345051341Nw77k_JPEG/kyobo2358708731850882868l9791162180150.jpg?type=m260
9791159879852,경제/경영,"어서 와, 암호화폐는 처음이지? (화폐의 개념을 송두리째 바꿀 가상화폐 시대, 개인과 기업의 생존 전략) ",이계화,9700,0.0,전체 이용가,https://comicthumb-phinf.pstatic.net/20180223_30/pocket_1519345346587KOzeY_JPEG/kyobo1969266341148824057l9791159879852.jpg?type=m260
9791185853338,경제/경영,적게 벌어도 확실한 부자설계 (15년 간 한국 부자들의 특성 심층 인터뷰) ,문승열,10000,0.0,전체 이용가,https://comicthumb-phinf.pstatic.net/20180221_207/pocket_1519171653380IbKJV_JPEG/kyobo3946514328733243999l9791185853338.jpg?type=m260
9791162540053,경제/경영,미래를 읽는 기술 ,이동우,11200,9.0,전체 이용가,https://comicthumb-phinf.pstatic.net/20180821_158/pocket_1534814962685Yg5nV_JPEG/kyobo4645661170249558442l9791162540053.jpg?type=m260
9791161950532,경제/경영,행복한 경제=협동조합 ,신협중앙회,7000,0.0,전체 이용가,https://comicthumb-phinf.pstatic.net/20180213_131/pocket_1518483637831kY3Ii_JPEG/upaper5822332310532591744U1111618.jpg?type=m260
9788960516168,경제/경영,"메이커스 앤드 테이커스 (경제를 성장시키는 자, 경제를 망가뜨리는 자) ",라나 포루하,13000,0.0,전체 이용가,https://comicthumb-phinf.pstatic.net/20180214_209/pocket_15185629564722TGuH_JPEG/kpc421850681347099599997889605168.jpg?type=m260
9791188194032,경제/경영,"월수익 1,000만 원 만드는 실전 블로그 마케팅 (네이버 C-Rank 도입에 따른 혁신) ",김홍한,10000,8.0,전체 이용가,https://comicthumb-phinf.pstatic.net/20180214_222/pocket_15185673633605maJI_JPEG/kyobo2189223866323168004l9791188194032.jpg?type=m260
9791155323267,경제/경영,첫 장사 불패의 법칙 ,김대영,8600,0.0,전체 이용가,https://comicthumb-phinf.pstatic.net/20180214_193/pocket_1518568400214rD3wn_JPEG/kyobo2721753474084310570l9791155323267.jpg?type=m260
9791187925064,경제/경영,가상현실 증강현실의 미래 (상상이 현실이 되고 현실이 가상이 되는) ,이길행,9100,10.0,전체 이용가,https://comicthumb-phinf.pstatic.net/20230202_49/pocket_1675296648621emEeQ_JPEG/kyobo8193977528547830575l9791187925064.jpg?type=m260
9791128807015,경제/경영,휴롬 ,김지나,7840,0.0,전체 이용가,https://comicthumb-phinf.pstatic.net/20180210_159/pocket_15182215720131LEjH_JPEG/kyobo8597734610139373197l9791128807015.jpg?type=m260
9791162221938,경제/경영,How 급여관리 실무 ,변우석,10800,0.0,전체 이용가,https://comicthumb-phinf.pstatic.net/20180210_84/pocket_1518221512387HxLRP_JPEG/kyobo9063665981062884068l9791162221938.jpg?type=m260
9791128806971,경제/경영,SK매직 ,김지나,7840,0.0,전체 이용가,https://comicthumb-phinf.pstatic.net/20180210_90/pocket_1518221920264JvMkN_JPEG/kyobo1109498325304913162l9791128806971.jpg?type=m260
9791128804717,경제/경영,무림 ,김지나,7840,0.0,전체 이용가,https://comicthumb-phinf.pstatic.net/20180210_243/pocket_1518222107874ykKRu_JPEG/kyobo1167968995539953125l9791128804717.jpg?type=m260
9791128805660,경제/경영,LG하우시스 ,신아름,7840,0.0,전체 이용가,https://comicthumb-phinf.pstatic.net/20180210_153/pocket_1518222198817BYnwI_JPEG/kyobo3207968484268219645l9791128805660.jpg?type=m260
9791158490607,경제/경영,네트워크 비즈니스 어떻게 하면 잘할 수 있을까 ,강병철,9900,0.0,전체 이용가,https://comicthumb-phinf.pstatic.net/20180210_242/pocket_1518222278590iUKqV_JPEG/kyobo7540969569390723975l9791158490607.jpg?type=m260
9791128806216,경제/경영,만도 ,김형욱,7840,0.0,전체 이용가,https://comicthumb-phinf.pstatic.net/20180210_199/pocket_1518222337713yc7ev_JPEG/kyobo6376249454615809236l9791128806216.jpg?type=m260
9791187444213,경제/경영,"언스크립티드 (부의 추월차선 완결판,Unscripted) ",엠제이 드마코,12000,10.0,전체 이용가,https://comicthumb-phinf.pstatic.net/20180302_99/pocket_15199489880832KMVC_JPEG/kyobo8268026457862071039l9791187444213.jpg?type=m260
9791160540505,경제/경영,영업의 족보 (성장하는 사람이 결국엔 성공한다) ,김종구,7000,0.0,전체 이용가,https://comicthumb-phinf.pstatic.net/20180201_160/pocket_1517457715310pepV5_JPEG/kyobo6418652249219778962l9791160540505.jpg?type=m260
9791187604464,경제/경영,부자들의 재테크 불변의 습관 ,이정우,10000,8.0,전체 이용가,https://comicthumb-phinf.pstatic.net/20180201_59/pocket_1517459912227XoWHn_JPEG/kyobo7905647440357786060l9791187604464.jpg?type=m260
9791188166169,경제/경영,스포츠마케팅 (프로배구편) ,김재현,18500,0.0,전체 이용가,https://comicthumb-phinf.pstatic.net/20180207_38/pocket_1517962071401k0GzE_JPEG/kyobo3198577324510207703l9791188166169.jpg?type=m260
9791159878435,경제/경영,중국 패션 모바일 앱 비즈니스 (패션 애호가들을 단숨에 사로잡는 모바일 앱 성공전략) ,박선영,9000,0.0,전체 이용가,https://comicthumb-phinf.pstatic.net/20180207_49/pocket_1517962460256HlCgn_JPEG/kyobo8427678745881779681l9791159878435.jpg?type=m260
9791186819890,경제/경영,중국기업 성장조사 연구보고 (2016) ,이쯔홍,16660,0.0,전체 이용가,https://comicthumb-phinf.pstatic.net/20220820_289/pocket_1660955678750DGwf4_JPEG/kyobo7580406307487975207l9791186819890.jpg?type=m260
9791160503975,경제/경영,인공지능 시대의 비즈니스 전략 (epub3) ,정도희,11600,0.0,전체 이용가,https://comicthumb-phinf.pstatic.net/20180206_283/pocket_1517871640233anG3b_JPEG/kpc51961361978042650429791160504071.jpg?type=m260
9791130615851,경제/경영,빅데이터 부동산 투자 ,김기원,11700,0.0,전체 이용가,https://comicthumb-phinf.pstatic.net/20180205_189/pocket_1517818018524SrnPx_JPEG/9791130615936.jpg?type=m260
9791185021928,경제/경영,"주식투자 가이드북 (인도 & 베트남,태국,말레이시아,싱가포르,인도네시아,필리핀) ",김성준,17500,0.0,전체 이용가,https://comicthumb-phinf.pstatic.net/20180202_170/pocket_1517532724656dl6pE_JPEG/kyobo3123990448894523938l9791185021928.jpg?type=m260
9788936458720,경제/경영,"오늘부터 제대로, 금융 공부 (똑똑한 경제생활을 위한 35가지 질문) ",권오상,8400,0.0,전체 이용가,https://comicthumb-phinf.pstatic.net/20180201_257/pocket_1517439742457bIxju_JPEG/kpc629242939089726039788936406882.jpg?type=m260
9791158461973,경제/경영,2018 대한민국 부동산 트렌드 ,조선일보 산업1부 부동산팀,10500,10.0,전체 이용가,https://comicthumb-phinf.pstatic.net/20181001_123/pocket_1538352829451qxBkM_JPEG/kyobo8765926570388864699l9791158461973.jpg?type=m260
9788950973056,경제/경영,걸그룹 경제학 (우리 일상을 지배하는 생활밀착형 경제학 레시피) ,유성운,14400,10.0,전체 이용가,https://comicthumb-phinf.pstatic.net/20180131_272/pocket_1517374385712MpRgz_JPEG/_%28280-415%29.jpg?type=m260
9791159879074,경제/경영,"대한민국 대표 스타트업 등장을 기대한다 (이념을 앞세운 규제는 이제 그만, 정부는 기업에 힘을 실어줘야 한다) ",김선무,9000,0.0,전체 이용가,https://comicthumb-phinf.pstatic.net/20180126_1/pocket_1516969538850x8zVW_JPEG/kyobo4340984637631961552l9791159879074.jpg?type=m260
9791186430521,경제/경영,이기는 공식 (이기는 공식을 따르면 수요초과의 마법이 일어난다) ,대니얼 프리스틀리,7000,0.0,전체 이용가,https://comicthumb-phinf.pstatic.net/20180125_107/pocket_1516835004243k2gqd_JPEG/kpc88643102774113208589791186430613.jpg?type=m260
9788993451269,경제/경영,사업계획과 사업타당성분석 (건설업의 사업타당성 분석 포함) ,노순규,15000,0.0,전체 이용가,https://comicthumb-phinf.pstatic.net/20180120_190/pocket_1516418068308UwJJ6_JPEG/kyobo8268401396646095385l9788993451269.jpg?type=m260
9791160572605,경제/경영,인문학 이펙트 (인공지능 시대를 장악하는 통찰의 힘) ,스콧 하틀리,11200,0.0,전체 이용가,https://comicthumb-phinf.pstatic.net/20180120_225/pocket_1516448348999BAqwP_JPEG/kyobo4362849150550339888l9791160572605.jpg?type=m260
