9788991945999,취미,제주 오름 여행 (제주의 속살로 떠나는 특별한 감성 여행) ,김다니엘,10500,0.0,전체 이용가,https://comicthumb-phinf.pstatic.net/20160910_51/pocket_14734621115392h4yL_JPEG/kpc86943034506653692409791160050059.jpg?type=m260
9791187496038,취미,"당신에게, 파리 ",목수정,9000,0.0,전체 이용가,https://comicthumb-phinf.pstatic.net/20160924_124/pocket_1474676327823v3dmL_JPEG/kyobo1012225410684354053l9791187496038.jpg?type=m260
9791159090332,취미,"독도, 1500년의 역사 ",호사카 유지,10000,0.0,전체 이용가,https://comicthumb-phinf.pstatic.net/20160903_129/pocket_1472863200757xWsfd_JPEG/kyobo2321162480699172567l9791159090332.jpg?type=m260
9788959130412,취미,알프스 자동차 여행 66 (알프스로 떠나는 자동차 캠핑 트레킹 여행) ,양영훈,11550,0.0,전체 이용가,https://comicthumb-phinf.pstatic.net/20160808_53/pocket_1470620854649pt9N8_JPEG/coverpage.jpg?type=m260
9788950965679,취미,이탈리아 남부 기행 (각양각색 20여 곳의 이탈리아 남부 도시를 한 권에!) ,민혜련,14400,0.0,전체 이용가,https://comicthumb-phinf.pstatic.net/20160721_163/pocket_1469078130812PGpCp_JPEG/__%28280-415%29.jpg?type=m260
9788936472931,취미,여행자를 위한 나의 문화유산답사기 3 (경상권) ,유홍준,17500,10.0,전체 이용가,https://comicthumb-phinf.pstatic.net/20160910_49/pocket_1473462032929KkSVo_JPEG/kpc75323201307276185179788936405328.jpg?type=m260
9788936472924,취미,여행자를 위한 나의 문화유산답사기 2 (전라 제주권) ,유홍준,17500,10.0,전체 이용가,https://comicthumb-phinf.pstatic.net/20160721_252/pocket_1469055774154rtY3r_JPEG/kpc45435171363559436959788936405311.jpg?type=m260
9788936472917,취미,여행자를 위한 나의 문화유산답사기 1 (중부권) ,유홍준,17500,10.0,전체 이용가,https://comicthumb-phinf.pstatic.net/20210113_235/pocket_1610492476343WdOv0_JPEG/kpc11465526988059101209788936405304.jpg?type=m260
9791187345176,취미,만원으로 떠나는 초저가 당일치기 (epub3) ,권다현,10200,0.0,전체 이용가,https://comicthumb-phinf.pstatic.net/20160719_190/pocket_1468882867973PsYsO_JPEG/kpc24870928795864135339791187345503.jpg?type=m260
9788950962104,취미,빌 브라이슨 발칙한 영국산책 2 (욕쟁이 꽃할배의 더 까칠해진 시골마을 여행기) ,빌 브라이슨,12800,6.0,전체 이용가,https://comicthumb-phinf.pstatic.net/20160713_142/pocket_14683883821561LSaq_JPEG/_2%28280-415%29.jpg?type=m260
9788959130207,취미,고양이 심화학습 ,노진희,10360,0.0,전체 이용가,https://comicthumb-phinf.pstatic.net/20160707_85/pocket_1467856494987KT4cz_JPEG/coverpage.jpg?type=m260
9788971848128,취미,"나의 산티아고, 혼자이면서 함께 걷는 길 ",김희경,9750,0.0,전체 이용가,https://comicthumb-phinf.pstatic.net/20160702_128/pocket_1467414027490LL4YT_JPEG/kpc_etc32847652483052952879791156756583.jpg?type=m260
9791130608587,취미,나는 혼자 스페인을 걷고 싶다 (먹고 마시고 걷는 36일간의 자유) ,오노 미유키,9800,0.0,전체 이용가,https://comicthumb-phinf.pstatic.net/20160624_200/pocket_1466750594382K9B6I_JPEG/9791130608716.jpg?type=m260
9788965452850,취미,"배낭에 문화를 담다 (태국, 라오스, 캄보디아, 미얀마 여행기) ",민병욱,9800,0.0,전체 이용가,https://comicthumb-phinf.pstatic.net/20160618_272/pocket_1466204494156VkOyd_JPEG/kpc36634287629182276819788965459491.jpg?type=m260
9788994217666,취미,HELLO 핸드메이드 카드 : 메이홀릭의 스탬프 콩콩 카드메이킹 ,박수경,12000,9.0,전체 이용가,https://comicthumb-phinf.pstatic.net/20170602_99/pocket_1496358080305dLuc5_JPEG/kpc26658274315464759309788994217666.jpg?type=m260
9788994217642,취미,시간을 멈추는 드로잉 (종이 위에 유럽을 담다) ,리모,11600,10.0,전체 이용가,https://comicthumb-phinf.pstatic.net/20160617_283/pocket_1466118387409wgWNp_JPEG/kpc81159890938343911119788994217642.jpg?type=m260
9788965110606,취미,스포츠 정보론 ,안문용,19600,0.0,전체 이용가,https://comicthumb-phinf.pstatic.net/20160524_135/pocket_1464051925700rCOnq_JPEG/upaper6415779246276349709U1078336.jpg?type=m260
9791186499283,취미,"디어 슬로베니아 (Dear Slovenia,사랑의 나라에서 보낸 한때) ",김이듬,9000,10.0,전체 이용가,https://comicthumb-phinf.pstatic.net/20160610_122/pocket_1465543003414gYb2k_JPEG/_-.jpg?type=m260
9788965840107,취미,꿈의 돛을 펼쳐라 (한국인 최초 단독 요트 세계일주) ,윤태근,9800,0.0,전체 이용가,https://comicthumb-phinf.pstatic.net/20160603_175/pocket_14649085947705r8FK_JPEG/kpc74621923545342239179788965842170.jpg?type=m260
9788965111160,취미,공정한 스포츠 행복한 스포츠 ,이학준,7000,10.0,전체 이용가,https://comicthumb-phinf.pstatic.net/20160511_120/pocket_1462928410583X95r8_JPEG/upaper5342072817706748874U1076964.jpg?type=m260
9788959130016,취미,여행자의 글쓰기 (베테랑 여행작가의 비밀노트) ,정숙영,8960,0.0,전체 이용가,https://comicthumb-phinf.pstatic.net/20160404_300/pocket_1459757864831wwz18_JPEG/coverpage.jpg?type=m260
9791195368419,취미,현장체험학습 길라잡이 ,구경래,7000,0.0,전체 이용가,https://comicthumb-phinf.pstatic.net/20160316_63/pocket_1458089117964TWQEC_JPEG/kyobo2513476758785122848l9791195368419.jpg?type=m260
9788962912579,취미,네모에 담은 지구 (메르카토르 1569년 세계지도의 인문학) ,손 일,19600,0.0,전체 이용가,https://comicthumb-phinf.pstatic.net/20160312_179/pocket_1457741964931YY7uw_JPEG/kyobo133693548362990204l9788962912579.jpg?type=m260
9788962912364,취미,현대 문화지리의 이해 ,한국문화역사지리학회,19600,0.0,전체 이용가,https://comicthumb-phinf.pstatic.net/20160305_7/pocket_1457136203287z0vSH_JPEG/kyobo7771729109287718690l9788962912364.jpg?type=m260
9788962912234,취미,경관 그리고 지리학의 시선 (지리학의 시선으로 바라본 세계의 경관) ,고려대학교 미래국토연구소,21000,0.0,전체 이용가,https://comicthumb-phinf.pstatic.net/20160305_41/pocket_14571362441416gA9R_JPEG/kyobo7421496460943646815l9788962912234.jpg?type=m260
9788962912265,취미,우리 땅 이야기 (속속들이 살펴보는) ,이두현,9800,0.0,전체 이용가,https://comicthumb-phinf.pstatic.net/20160227_15/pocket_1456532034774texVD_JPEG/kyobo6077563014160669837l9788962912265.jpg?type=m260
9788962912180,취미,한국인의 두모사상 (한국인의 사상적 정체성 탐구) ,남영우,14000,0.0,전체 이용가,https://comicthumb-phinf.pstatic.net/20160225_152/pocket_1456359003709oswkX_JPEG/kyobo5851493427706034890l9788962912180.jpg?type=m260
9788959960842,취미,몽골에서 보낸 네철 (이별의 별자리는 남쪽으로 흐른다) ,박태일,15000,0.0,전체 이용가,https://comicthumb-phinf.pstatic.net/20160225_185/pocket_14563550333353YtjC_JPEG/kpc5485072279471016715%B8%F9%B0%F1%BF%A1%BC%AD%BA%B8%B3%BD%B3%D7%C3%B6.JPG?type=m260
9791158460297,취미,스포츠 사이언스 (이길 수밖에 없는 승부의 법칙) ,TV조선 스포츠부,10000,0.0,전체 이용가,https://comicthumb-phinf.pstatic.net/20160120_181/pocket_1453248825926NhFOR_JPEG/kyobo6063206797101118850l9791158460297.jpg?type=m260
9791155856369,취미,나를 찾아 떠나는 산티아고 산책 ,김정구,9000,0.0,전체 이용가,https://comicthumb-phinf.pstatic.net/20170718_177/pocket_1500337513808PNLjg_JPEG/kyobo2368626272627152677l9791155856369.jpg?type=m260
9788971932315,취미,그 길에 서면 알게 되는 것들 (camino de SANTIAGO) ,이철수,6000,0.0,전체 이용가,https://comicthumb-phinf.pstatic.net/20160106_197/pocket_1452034921780OSogA_JPEG/kpc91374392135280435879788971938799.jpg?type=m260
9788956608068,취미,"시작은, 페루 (세상 끝에서 혼자 걷는 산책 혹은 여행) ",김재호,9800,0.0,전체 이용가,https://comicthumb-phinf.pstatic.net/20160105_95/pocket_14519486165031AyLh_JPEG/kpc5257852936744383119788956609782.jpg?type=m260
9791170220220,취미,"서른, 우리 술로 꽃피우다 (서른에는 무엇이라도 되어 있을 줄 알았던 두 여인의 전통주 여행기) ",김별,10000,0.0,전체 이용가,https://comicthumb-phinf.pstatic.net/20151230_135/pocket_1451434383496UyMUv_JPEG/kyobo1831215059331511690l9791170220220.jpg?type=m260
9788964260654,취미,까미노 데 산띠아고 여행 안내서 (나의 내면으로 떠나는 길) ,윤태일,9900,0.0,전체 이용가,https://comicthumb-phinf.pstatic.net/20151204_164/pocket_1449190930322FLpr9_JPEG/upaper2029999164858330674U1073233.jpg?type=m260
9788998010409,취미,꿀잼을 찾는 어른을 위한 첫번째 장난감 ,황재호,9100,0.0,전체 이용가,https://comicthumb-phinf.pstatic.net/20151028_136/pocket_1446015330922L0hxe_JPEG/coverpage.jpg?type=m260
9788959758050,취미,"나는 생각한다, 고로 플레이한다 (안드레아 피를로 자서전) ",안드레아 피를로,9100,5.0,전체 이용가,https://comicthumb-phinf.pstatic.net/20220919_285/pocket_1663595348157XDD6n_JPEG/KPC1000078358.jpg?type=m260
9788965111283,취미,싸우는 스포츠 ,이학준,7700,0.0,전체 이용가,https://comicthumb-phinf.pstatic.net/20150922_26/pocket_1442883632624c2i6y_JPEG/upaper8363113234986976067U1071422.jpg?type=m260
9791186659311,취미,꼭 가봐야 하는 Best City 낭만여행 ,권기왕,11900,0.0,전체 이용가,https://comicthumb-phinf.pstatic.net/20150922_172/pocket_1442876466323BArYB_JPEG/kpc30663736349700960729791186659496.jpg?type=m260
9791186659311,취미,꼭 가봐야 하는 Best City 낭만여행 (epub3) ,권기왕,11900,0.0,전체 이용가,https://comicthumb-phinf.pstatic.net/20150922_28/pocket_1442876999762tddJY_JPEG/kpc85050932485040466029791186659496.jpg?type=m260
9788901056555,취미,"기차를 놓치고, 천사를 만났다 (꽃그림 작가 백은하가 만난 눈부시게 아름다운 도시들, 사람들, 길을 잃고,) ",백은하,8400,0.0,전체 이용가,https://comicthumb-phinf.pstatic.net/20150915_52/pocket_14422843719719nBta_JPEG/____.jpg?type=m260
9788959138135,취미,"마음이 고플 때, 때때로 여행 (푸드트래블러 김현학 세계를 여행하고 영혼을 채우는 음식을 맛보다) ",김현학,9660,0.0,전체 이용가,https://comicthumb-phinf.pstatic.net/20150828_256/pocket_14407462662926WTkv_JPEG/coverpage.jpg?type=m260
9788990856715,취미,"축제를 즐기러 떠나는 유럽 (브레겐츠, 프로방스, 베로나, 몽트뢰, 루체른, 에든버러, 부다페스트,공연 소개하는 여자 윤하정의) ",윤하정,7000,0.0,전체 이용가,https://comicthumb-phinf.pstatic.net/20150806_26/pocket_1438815659126zSDQJ_JPEG/kpc43330951266481160459788990856944.jpg?type=m260
9788990856708,취미,"공연을 보러 떠나는 유럽 (런던, 프라하, 빈, 바르셀로나, 피렌체,공연 소개하는 윤하정의) ",윤하정,7000,0.0,전체 이용가,https://comicthumb-phinf.pstatic.net/20150806_296/pocket_1438815817488kbnVl_JPEG/kpc74368476599689224559788990856920.jpg?type=m260
9788990856722,취미,"예술이 좋아 떠나는 유럽 (공연 소개하는 여자 윤하정의,스톡홀롬,베르겐,오슬로,상트페테르부르크,두브로브니크,흐바르,발트3국) ",윤하정,7000,0.0,전체 이용가,https://comicthumb-phinf.pstatic.net/20150806_102/pocket_1438815831841nbMNo_JPEG/kpc31187530444755241009788990856937.jpg?type=m260
9788960868274,취미,"대국 (The Match,《미생》 기보 해설) ",박치문,11900,0.0,전체 이용가,https://comicthumb-phinf.pstatic.net/20150730_223/pocket_1438246398620lUosD_JPEG/coverpage.jpg?type=m260
9788950960711,취미,"유라시아 15,000km 두 바퀴의 기적 (서울-베를린, 100일간의 자전거 평화 대장정) ",조선일보 원코리아 뉴라시아 자전거 평화원정단,16000,0.0,전체 이용가,https://comicthumb-phinf.pstatic.net/20150716_116/pocket_1437036100608zk2gs_JPEG/_15%2C000km___%28280-415%29.jpg?type=m260
9791195158317,취미,클래식카 ,최윤석,5000,10.0,전체 이용가,https://comicthumb-phinf.pstatic.net/20150623_267/pocket_1435021277752RI683_JPEG/upaper4838869380055409850U1043872.jpg?type=m260
9791186162033,취미,"사랑하면 산티아고로 떠나라, 그녀처럼 ",이수아,9000,0.0,전체 이용가,https://comicthumb-phinf.pstatic.net/20150612_179/pocket_1434063676192T9h0b_JPEG/kpc58612365066490909579791186162057.jpg?type=m260
9788994217321,취미,"바람, 구름 그리고 길을 걷는다 ",이재영,8200,0.0,전체 이용가,https://comicthumb-phinf.pstatic.net/20150407_190/pocket_1428361249858ubNBW_JPEG/kpc40401364271814591789788994217512.jpg?type=m260
9788959757350,취미,나는 즐라탄이다 (즐라탄 이브라히모비치 자서전) ,즐라탄 이브라히모비치,11500,6.0,전체 이용가,https://comicthumb-phinf.pstatic.net/20150331_262/pocket_1427756487750uRgWx_JPEG/kpc28519700385859928689788959756902.jpg?type=m260
9788959138715,취미,런던 클래식하게 여행하기 ,박나리,10500,10.0,전체 이용가,https://comicthumb-phinf.pstatic.net/20150306_156/pocket_1425601222926h228y_JPEG/coverpage.jpg?type=m260
9788958287285,취미,문학 속의 지리 이야기 (20가지 문학 작품으로 지리 읽기) ,조지욱,9600,0.0,전체 이용가,https://comicthumb-phinf.pstatic.net/20150305_175/pocket_1425510466502s4H3Y_JPEG/kpc6818244719304291329788958287285.jpg?type=m260
9791195313815,취미,"파리 핫플 50 (스타 셰프의 레스토랑, 오래된 사랑스러운 카페, 그리고 파리지앵들의 쇼핑 스폿!) ",정기범,11300,0.0,전체 이용가,https://comicthumb-phinf.pstatic.net/20150303_61/pocket_14253390134422otKp_JPEG/kpc_etc60055894495279214939791195313815.jpg?type=m260
9788960170704,취미,야구란 무엇인가 ,레너드 코페트,12600,10.0,전체 이용가,https://comicthumb-phinf.pstatic.net/20150227_234/pocket_1425003783985qzmrf_JPEG/9788960170704__v0.jpg?type=m260
9788998010331,취미,요리하는 남정네의 세상의 모든 파스타 (epub3) ,유성준,9100,0.0,전체 이용가,https://comicthumb-phinf.pstatic.net/20150225_48/pocket_1424854526401V8Hi1_JPEG/coverpage.jpg?type=m260
9788998010348,취미,죽기 전에 꼭 먹어봐야 할 디저트 100가지 ,권다현,9100,0.0,전체 이용가,https://comicthumb-phinf.pstatic.net/20150226_89/pocket_1424929116553MGVn6_JPEG/coverpage.jpg?type=m260
9788992650922,취미,"라다크, 일처럼 여행처럼 (KBS 김재원 아나운서가 히말라야에서 만난 삶의 민낯) ",김재원,11060,0.0,전체 이용가,https://comicthumb-phinf.pstatic.net/20150217_181/pocket_1424128560018tFVvT_JPEG/kpc62307764880630017919788992650946.jpg?type=m260
9791185407067,취미,백제의 길 위에 서서 (백가제해 강역으로의 시간여행) ,차준완,8000,0.0,전체 이용가,https://comicthumb-phinf.pstatic.net/20150121_56/pocket_1421794934128BdbaB_JPEG/kpc17959908472840500599791185407067.jpg?type=m260
9788901166261,취미,"시작은 여행 (홍콩과 마카오, 열네 명의 순간과 문장, 기억과 기록, 그 모든 것의) ",이지상,10500,0.0,전체 이용가,https://comicthumb-phinf.pstatic.net/20141216_205/pocket_1418713511376nPkHz_JPEG/_.jpg?type=m260
9788962620849,취미,꽃보다 라오스 (라오스 정부 공식 가이드북) ,후지타 아키오,8960,10.0,전체 이용가,https://comicthumb-phinf.pstatic.net/20140924_35/pocket_1411527676330smPOj_JPEG/kpc31909546091576922059788962620849.jpg?type=m260
9791195058907,취미,산복도로 모놀로그 (B도시이야기 첫번째 여행) ,은래,9000,0.0,전체 이용가,https://comicthumb-phinf.pstatic.net/20141122_210/pocket_1416626041843kzgKX_JPEG/kpc44380426707670256919791195058907.jpg?type=m260
9791195058921,취미,원도심 낭만을 거닐다 (B도시이야기 두번째 여행) ,이고은,7500,0.0,전체 이용가,https://comicthumb-phinf.pstatic.net/20141122_130/pocket_1416626050462mW5cL_JPEG/kpc54720757320052248159791195058921.jpg?type=m260
9788997125586,취미,"핵심만 배우는 골프 4 (벙커, 퍼팅 편) ",김해천,6800,0.0,전체 이용가,https://comicthumb-phinf.pstatic.net/20141119_36/pocket_1416355223435THLjq_JPEG/kyobo2817947610389164584l9788997125586.jpg?type=m260
9788997125517,취미,핵심만 배우는 골프 3 (어프로치 편) ,김해천,6800,0.0,전체 이용가,https://comicthumb-phinf.pstatic.net/20141119_44/pocket_1416355254981QUNrM_JPEG/kyobo1024086940872712517l9788997125517.jpg?type=m260
9788997125487,취미,핵심만 배우는 골프 2 (드라이버 우드 하이브리드 편) ,김해천,7800,0.0,전체 이용가,https://comicthumb-phinf.pstatic.net/20141119_121/pocket_14163552860789gu74_JPEG/kyobo1625120903842089616l9788997125487.jpg?type=m260
9788997125470,취미,핵심만 배우는 골프 1 (아이언 편) ,김해천,7800,0.0,전체 이용가,https://comicthumb-phinf.pstatic.net/20141119_130/pocket_1416355317208KuNO2_JPEG/kyobo6321106759121660814l9788997125470.jpg?type=m260
9791195325016,취미,"남미의 101가지 매력 (멀지만 가까운 세상, 남미가 내 손 안에 들어오다) ",박재영,10500,0.0,전체 이용가,https://comicthumb-phinf.pstatic.net/20220809_181/pocket_1660009526315qixiT_JPEG/kyobo1015719259440230012l9791195325016.jpg?type=m260
9788926866870,취미,맥주소담 (오늘을 즐기는 당신을 위하여) ,권경민,9600,0.0,전체 이용가,https://comicthumb-phinf.pstatic.net/20220927_34/pocket_1664237787387pUcm1_JPEG/kyobo2815035323672848462l9788926866870.jpg?type=m260
9788964495575,취미,에티오피아 다이어리 (피부과 의사 부부의 아프리카 3년 살아보기) ,최광현,10800,0.0,전체 이용가,https://comicthumb-phinf.pstatic.net/20141030_221/pocket_1414627866491UsPcf_JPEG/kyobo5637807501591250893l9788964495575.jpg?type=m260
9791155281772,취미,산띠아고 로 네개의 길 3380km 여행백서 (길을 나서다 길을 배우다 길에서 만나다) ,장왕재,6700,0.0,전체 이용가,https://comicthumb-phinf.pstatic.net/20141021_245/pocket_1413850391089QXQlV_JPEG/kyobo5120818095404006675l9791155281772.jpg?type=m260
9788901156514,취미,파리에선 그대가 꽃이다 (시들한 내 삶에 선사하는 찬란하고 짜릿한 축제) ,손미나,10500,1.0,전체 이용가,https://comicthumb-phinf.pstatic.net/20141014_192/pocket_1413278289481JxOYy_JPEG/CP_DATA_87976121218298055089788901156514.jpg?type=m260
9788959402885,취미,"제주도, 무작정 오지 마라 (제주도에 살고 싶은 사람들을 위한 40가지 이야기) ",오동명,8200,0.0,전체 이용가,https://comicthumb-phinf.pstatic.net/20141015_99/pocket_1413332270682JJ8M3_JPEG/kyobo4136337600817754738l9788959402885.jpg?type=m260
9788960603561,취미,히말라야 14좌 베이스캠프 트레킹 ,김영주,13650,0.0,전체 이용가,https://comicthumb-phinf.pstatic.net/20141009_78/pocket_1412813486477fpGGt_JPEG/kyobo774390223525364430l9788960603561.jpg?type=m260
9788974532109,취미,Level up 3-step 파워 스도쿠 고급 ,퍼즐아카데미연구회,3000,0.0,전체 이용가,https://comicthumb-phinf.pstatic.net/20141002_6/pocket_1412208077141OpDsy_JPEG/kyobo6871362061584292563l9788974532109.jpg?type=m260
9788974532093,취미,Level up 3 step 파워 스도쿠 중급 ,퍼즐아카데미연구회,3000,0.0,전체 이용가,https://comicthumb-phinf.pstatic.net/20141002_266/pocket_1412208090271kH5Ic_JPEG/kyobo4514325673342389725l9788974532093.jpg?type=m260
9788974532086,취미,Level up 3 step 파워 스도쿠 초급 ,퍼즐아카데미연구회,3000,0.0,전체 이용가,https://comicthumb-phinf.pstatic.net/20141002_97/pocket_1412208102907FgySt_JPEG/kyobo8224513614652290661l9788974532086.jpg?type=m260
9788934907695,취미,돈황가는 길 ,정찬주,5500,0.0,전체 이용가,https://comicthumb-phinf.pstatic.net/20140930_28/pocket_14120461871202tEDI_JPEG/kpc88263695795731829329788934907695.jpg?type=m260
9788994909417,취미,"지리산, 가장 아플 때 와라 ",이종성,9000,0.0,전체 이용가,https://comicthumb-phinf.pstatic.net/20140923_288/pocket_1411430934845rEBzx_JPEG/kyobo8323196755588512568l9788994909417.jpg?type=m260
9788961843423,취미,"달빛 아프리카 (동아프리카편,래디컬 공정 여행) ",문종성,10200,10.0,전체 이용가,https://comicthumb-phinf.pstatic.net/20140906_60/pocket_14099618292152c0yr_JPEG/kyobo1649793227420248567l9788961843423.jpg?type=m260
9788960603509,취미,나에게 맞는 골프는 분명 따로 있다 (골프를 잘 치고 싶은 사람이라면 꼭 알아야 할 97가지) ,여민선,12600,0.0,전체 이용가,https://comicthumb-phinf.pstatic.net/20140902_1/pocket_1409617692966aIGSs_JPEG/kyobo2081790260430655417l9788960603509.jpg?type=m260
9788998374679,취미,필리핀 다이빙 여행 가이드 ,박승안,12600,0.0,전체 이용가,https://comicthumb-phinf.pstatic.net/20140827_191/pocket_1409097962095P1RQd_JPEG/kyobo3911523759094215919l9788998374679.jpg?type=m260
9788996713005,취미,천사섬 신안 섬사람 이야기 (섬의 인문학을 위한 스토리텔링) ,최성환,23000,0.0,전체 이용가,https://comicthumb-phinf.pstatic.net/20140827_100/pocket_1409098006979tosTN_JPEG/kyobo8727320982569163426l9788996713005.jpg?type=m260
9788990856395,취미,"서른, 여자, 혼자 떠나는 유럽 ",유경숙,9800,0.0,전체 이용가,https://comicthumb-phinf.pstatic.net/20140822_123/pocket_1408676679021RNAIQ_JPEG/kpc28605245970231211849788990856395.jpg?type=m260
9788990856609,취미,일생에 한 번은 남미로 떠나라 (갓 메이드 남미의 품에 안기다) ,최희주,10500,0.0,전체 이용가,https://comicthumb-phinf.pstatic.net/20140822_120/pocket_1408676705020Fgz0G_JPEG/kpc87759242673293705599788990856609.jpg?type=m260
9788970015712,취미,"골프, 생각이 스윙을 바꾼다 (골프에서 당신이 고민해야 할 것은 완벽한 스윙이 아니다) ",이종철,12000,7.7,전체 이용가,https://comicthumb-phinf.pstatic.net/20140822_5/pocket_1408666026317YR6Q7_JPEG/kyobo1005000907421313833l9788970015712.jpg?type=m260
9788992024310,취미,로열 스도쿠 3 ,퍼즐아카데미연구회,3000,0.0,전체 이용가,https://comicthumb-phinf.pstatic.net/20140813_100/pocket_1407888160695CftUu_JPEG/kyobo99108797208621806l9788992024310.jpg?type=m260
9788992024303,취미,로열 스도쿠 2 ,퍼즐아카데미연구회,3000,0.0,전체 이용가,https://comicthumb-phinf.pstatic.net/20140813_151/pocket_1407888177146iMxD9_JPEG/kyobo1389542307250380042l9788992024303.jpg?type=m260
9788992024297,취미,로열 스도쿠 1 ,퍼즐아카데미연구회,3000,0.0,전체 이용가,https://comicthumb-phinf.pstatic.net/20140813_224/pocket_1407888193540CoXH1_JPEG/kyobo3460728874204344464l9788992024297.jpg?type=m260
9788964497715,취미,Hola 스무살 (청춘들의 스페인 터키 배낭여행기) ,이지현,7800,0.0,전체 이용가,https://comicthumb-phinf.pstatic.net/20140809_100/pocket_1407543308507y74Ip_JPEG/kyobo7939131175787566973l9788964497715.jpg?type=m260
9788964495322,취미,여보 타지마할 지어 줄까 (50대 부부의 서아시아 동남아시아 배낭 여행기) ,구안서,9000,0.0,전체 이용가,https://comicthumb-phinf.pstatic.net/20140809_214/pocket_1407543489394cIoyW_JPEG/kyobo286924306597200813l9788964495322.jpg?type=m260
9788993425727,취미,야마카시 (하늘을 배경으로 빌딩 숲을 날다) ,김영민,9000,0.0,전체 이용가,https://comicthumb-phinf.pstatic.net/20140808_124/pocket_1407456146674R1ibe_JPEG/kyobo8318270525970538760l9788993425727.jpg?type=m260
9788964200285,취미,오늘 우리 뭐할까 (커플들의 고민을 통째로 날려버릴 로맨틱 데이트 코스) ,박문영,6000,0.0,전체 이용가,https://comicthumb-phinf.pstatic.net/20140806_175/pocket_1407284413692kXbU3_JPEG/kyobo8605016120249167336l9788964200285.jpg?type=m260
9788961843300,취미,버리지 않고 떠나기 (직장인이 즐기는 현실적인 세계여행) ,김희영,9600,0.0,전체 이용가,https://comicthumb-phinf.pstatic.net/20140806_252/pocket_14072844718580rWl2_JPEG/kyobo7020653563130722138l9788961843300.jpg?type=m260
9788961843249,취미,외로움 힘껏 껴안다 (러블리 온 더 산티아고) ,문종성,9000,0.0,전체 이용가,https://comicthumb-phinf.pstatic.net/20140806_129/pocket_1407284484063VUmQP_JPEG/kyobo4956742036888316189l9788961843249.jpg?type=m260
9788997125081,취미,김해천의 골프빅북 (기본기와 스코어 향상을 위한 프리미엄 레슨) ,김해천,19000,6.0,전체 이용가,https://comicthumb-phinf.pstatic.net/20140731_206/pocket_14067651995251ExAg_JPEG/kyobo1426745886295726821l9788997125081.jpg?type=m260
9788997089383,취미,"당신에게, 몽골 (몽골로 가는 39가지 이야기) ",이시백,8400,0.0,전체 이용가,https://comicthumb-phinf.pstatic.net/20140730_41/pocket_1406678972613giF7u_JPEG/kyobo2253929843927985669l9788997089383.jpg?type=m260
9788994981291,취미,남도여행법 (경전선을 타고 느리게 더 느리게) ,김종길,12600,0.0,전체 이용가,https://comicthumb-phinf.pstatic.net/20140724_24/pocket_1406166159013hbLw8_JPEG/kyobo7501541990135095168l9788994981291.jpg?type=m260
9788996952497,취미,영남 알프스 폭포기행 ,진희영,10500,0.0,전체 이용가,https://comicthumb-phinf.pstatic.net/20140724_59/pocket_1406166133370esPlA_JPEG/kyobo2021178871710507777l9788996952497.jpg?type=m260
9788996999317,취미,나는 시골에서 텃밭하며 살란다 ,이명섭,9000,0.0,전체 이용가,https://comicthumb-phinf.pstatic.net/20140723_235/pocket_1406074274313l7nvQ_JPEG/kyobo5387403836022896407l9788996999317.jpg?type=m260
9788926854563,취미,그리스 블루스 ,맹지나,9600,0.0,전체 이용가,https://comicthumb-phinf.pstatic.net/20140718_227/pocket_14056527870796Lb2Q_JPEG/kpc62113284692876383699788926854563.jpg?type=m260
9788992985291,취미,겨울산행과 빙벽등반 ,정갑수,12600,0.0,전체 이용가,https://comicthumb-phinf.pstatic.net/20140712_91/pocket_1405134143311frrTq_JPEG/kpc56844378786694250939788992985338.jpg?type=m260
9788992985253,취미,암벽등반과 스포츠클라이밍 ,정갑수,17500,0.0,전체 이용가,https://comicthumb-phinf.pstatic.net/20140712_294/pocket_1405134159125mBFtA_JPEG/kpc50520941146996924249788992985376.jpg?type=m260
9788992404860,취미,스포츠 마케팅 쪼개기 (취업 입시 유학 편) ,이승용,10000,10.0,전체 이용가,https://comicthumb-phinf.pstatic.net/20140711_127/pocket_1405037834605ICv1R_JPEG/kyobo7268247033637896743l9788992404860.jpg?type=m260
9788926862155,취미,캐나다에 말 걸기 (밴쿠버에서 퀘벡까지 인문여행서) ,최혜자,15000,8.0,전체 이용가,https://comicthumb-phinf.pstatic.net/20140710_255/pocket_1404951648478lB3QN_JPEG/kyobo1834294492228232607l9788926862155.jpg?type=m260
9788970594521,취미,지리산 -김영주의 머무는 여행05 ,김영주,9100,0.0,전체 이용가,https://comicthumb-phinf.pstatic.net/20230127_245/pocket_16747740789157ihyy_JPEG/kpc80325091831952510269788970594521.jpg?type=m260
9788994747262,취미,일생에 한번은 수입차를 타자 (국내 최초 수입차 관리 전문가가 알려주는 수입차 A to Z) ,문동훈,12600,7.3,전체 이용가,https://comicthumb-phinf.pstatic.net/20140705_168/pocket_1404519831259C4XoG_JPEG/kyobo3070880341640402898l9788994747262.jpg?type=m260
9788964200490,취미,신나게 놀고 쉽게 공부하는 교과서 문학기행 (현직 국어교사 짱아쌤과 함께 떠나는 중고생 필수 여행 코스) ,장은숙,9000,0.0,전체 이용가,https://comicthumb-phinf.pstatic.net/20140705_112/pocket_1404520134738iX1HF_JPEG/kyobo4080098258734074456l9788964200490.jpg?type=m260
9788992914482,취미,일생에 한 번은 가고 싶은 성지여행 (세계여행사전 3) ,내셔널 지오그래픽,23100,0.0,전체 이용가,https://comicthumb-phinf.pstatic.net/20140613_228/pocket_14026179410492WDLd_JPEG/kyobo8201782861921315194l9788992914482.jpg?type=m260
9788959755004,취미,고양 원더스 이야기 (승자독식 세상에 던지는 패자부활 선언) ,김은식,9800,0.0,전체 이용가,https://comicthumb-phinf.pstatic.net/20140531_18/pocket_1401505445367bPtKz_JPEG/kpc27459484552389440189788959755004.jpg?type=m260
9788959754311,취미,타격의 달인 장효조 ,최준서,8400,0.0,전체 이용가,https://comicthumb-phinf.pstatic.net/20140531_214/pocket_1401505457111guSvJ_JPEG/kpc89882656749853698139788959754311.jpg?type=m260
9788959754328,취미,불멸의 철완 최동원 ,최준서,8400,0.0,전체 이용가,https://comicthumb-phinf.pstatic.net/20140531_240/pocket_1401505480059T4p84_JPEG/kpc57392054545437849499788959754328.jpg?type=m260
9788958074243,취미,로드스꼴라 남미에서 배우다 놀다 연대하다 ,로드스꼴라,11900,0.0,전체 이용가,https://comicthumb-phinf.pstatic.net/20140530_107/pocket_1401418896387lTT6p_JPEG/kpc69175417657848931909788958074243.jpg?type=m260
9788964493380,취미,짙은 녹색과 대서양이 만나는 내 사랑 아일랜드 ,주지동,9000,0.0,전체 이용가,https://comicthumb-phinf.pstatic.net/20140526_20/pocket_1401086396156OSw4R_JPEG/177171.jpg?type=m260
9788952757470,취미,일본 소도시 여행 (송동근 기자의 소소한 행복 찾기) ,송동근,9100,0.0,전체 이용가,https://comicthumb-phinf.pstatic.net/20140512_180/pocket_1399884418197AjWwK_JPEG/japansmallcity.jpg?type=m260
9788971844779,취미,한비야의 중국견문록 ,한비야,9000,0.0,전체 이용가,https://comicthumb-phinf.pstatic.net/20140508_294/pocket_1399510945663RpPco_JPEG/kpc_etc91850540259968823179788971844779.jpg?type=m260
9788971844755,취미,바람의 딸 우리 땅에 서다 ,한비야,9000,0.0,전체 이용가,https://comicthumb-phinf.pstatic.net/20140508_48/pocket_1399511028187MncHh_JPEG/kpc_etc80575692595698607949788971844755.jpg?type=m260
9788971847503,취미,바람의 딸 걸어서 지구 세바퀴 반 4 (몽골 중국 티베트) ,한비야,9000,0.0,전체 이용가,https://comicthumb-phinf.pstatic.net/20140508_193/pocket_13995110341929fkq1_JPEG/kpc_etc10532087842145680709788971847503.jpg?type=m260
9788971847497,취미,바람의 딸 걸어서 지구 세바퀴 반 3 (인도차이나 반도 남부아시아) ,한비야,9000,10.0,전체 이용가,https://comicthumb-phinf.pstatic.net/20140508_138/pocket_1399511039858v2nc1_JPEG/kpc_etc92003297899795451049788971847497.jpg?type=m260
9788971847480,취미,바람의 딸 걸어서 지구 세바퀴 반 2 (중남아메리카 알래스카) ,한비야,9000,0.0,전체 이용가,https://comicthumb-phinf.pstatic.net/20140508_200/pocket_1399510886808dU6lt_JPEG/kpc_etc7170065522236874819788971847480.jpg?type=m260
9788971847473,취미,바람의 딸 걸어서 지구 세바퀴 반 1 (아프리카 중동 중앙아시아) ,한비야,9000,0.0,전체 이용가,https://comicthumb-phinf.pstatic.net/20140508_240/pocket_1399510893392m6H6z_JPEG/kpc_etc88895871215531253909788971847473.jpg?type=m260
9788962620795,취미,"한국춤이 알고 싶다 (최은희여기자상 수상의 무용평론가 유인화, 열정과 집념으로 쓴 한국무용에 관한 모든 것) ",유인화,15400,0.0,전체 이용가,https://comicthumb-phinf.pstatic.net/20140410_273/pocket_1397098987300J9WyR_JPEG/kpc53532380331735530359788962620795.jpg?type=m260
9788997090099,취미,여행하며 크는 아이들 : 경북편 (경북편) ,구경래,11000,0.0,전체 이용가,https://comicthumb-phinf.pstatic.net/20140329_78/pocket_1396062199744gpFPr_JPEG/kpc85141089870175338459788997090099.jpg?type=m260
9788996037828,취미,카우치서핑으로 여행하기 (세상이 내 집이다 모두가 내 친구다) ,김은지,10500,0.0,전체 이용가,https://comicthumb-phinf.pstatic.net/20131218_132/pocket_1387336479877NzJCu_JPEG/kpc51668871338245828569788996037828.jpg?type=m260
9788971844427,취미,지도 밖으로 행군하라 ,한비야,9000,10.0,전체 이용가,https://comicthumb-phinf.pstatic.net/20140109_217/pocket_138922930322307ycg_JPEG/kpc_etc46211062589248980009788971844427.jpg?type=m260
9788971931851,취미,아들아 이것이 중국이다 ,조영임,5700,0.0,전체 이용가,https://comicthumb-phinf.pstatic.net/20131224_196/pocket_1387854551712EOqih_JPEG/kpc12356110891012009989788971931851.jpg?type=m260
9788971931745,취미,상하이에서 악녀가 되다 ,최란아,7080,0.0,전체 이용가,https://comicthumb-phinf.pstatic.net/20131224_104/pocket_1387854163258JYS5d_JPEG/kpc67457028448973999669788971931745.jpg?type=m260
9788952766908,취미,캠핑 내 아버지의 선물 (캠핑의 참맛을 담은 공감 에세이) ,김현수,9000,0.0,전체 이용가,https://comicthumb-phinf.pstatic.net/20131209_63/pocket_1386565083044lPtRY_JPEG/camping.jpg?type=m260
9788952764652,취미,열대식당 (먹고 마시고 여행할 너를 위해) ,박정석,9800,0.0,전체 이용가,https://comicthumb-phinf.pstatic.net/20131209_173/pocket_1386564991292BYWFw_JPEG/tropicalrestaurant.jpg?type=m260
9788952762672,취미,시크릿 유럽 EUROPE (유럽 스타일 여행 바이블) ,정기범,12600,0.0,전체 이용가,https://comicthumb-phinf.pstatic.net/20131209_119/pocket_1386564792175yLHEk_JPEG/secreteurope.jpg?type=m260
9788952765154,취미,"시크릿 홍콩 HONGKONG (로컬이 사랑하는 홍콩의 비밀 명소, 2012) ",신중숙,10500,10.0,전체 이용가,https://comicthumb-phinf.pstatic.net/20131209_138/pocket_1386564893437AIL0e_JPEG/secrethongkong.jpg?type=m260
9788952767790,취미,시크릿 방콕 BANGKOK (로컬이 인정하는 방콕의 비밀 명소) ,신중숙,11600,0.0,전체 이용가,https://comicthumb-phinf.pstatic.net/20131209_152/pocket_13865646898986orA6_JPEG/secretbangkok.jpg?type=m260
9788952764911,취미,시크릿 교토 KYOTO (느릿느릿 즐기는 골목 산책) ,박미희,10500,0.0,전체 이용가,https://comicthumb-phinf.pstatic.net/20131209_172/pocket_1386564586101gCPFJ_JPEG/secretkyoto.jpg?type=m260
9788994478135,취미,야구상식사전 (야구는 왜 매력적이고 위대한 스포츠인가) ,김은식,9800,10.0,전체 이용가,https://comicthumb-phinf.pstatic.net/20131108_237/pocket_1383890572932ybSxj_JPEG/160160.jpg?type=m260
9788975278983,취미,열네 살 농부 되어보기 (나를 특별하게 해주는 14세의 교양) ,이완주,9100,0.0,전체 이용가,https://comicthumb-phinf.pstatic.net/20131023_150/pocket_13825212339400ijPl_JPEG/kpc_etc10210691274807899939788975278983.jpg?type=m260
9788975279300,취미,300번의 A매치 (대표팀 의무팀장이 치른 19년 축구전쟁) ,최주영,9800,0.0,전체 이용가,https://comicthumb-phinf.pstatic.net/20131023_122/pocket_1382521303803XsbnT_JPEG/kpc_etc68603079222117365949788975279300.jpg?type=m260
9788958074564,취미,카우치서핑 (세상 모든 불빛이 나의 집이다) ,김광섭,9100,9.0,전체 이용가,https://comicthumb-phinf.pstatic.net/20131009_217/pocket_13812878850749n0Pu_JPEG/kpc83985916388780150929788958074564.jpg?type=m260
9788967540258,취미,"낚시를 시작하다 (짜릿한 손맛, Every Hobby 2: 낚시) ",김지민,6600,8.1,전체 이용가,https://comicthumb-phinf.pstatic.net/20220924_175/pocket_1663977896913cPUb0_JPEG/kyobo6678512923504562565l9788967540258.jpg?type=m260
9788937487361,취미,그림 여행을 권함(epub3)(체험판) ,김한민,0,8.0,전체 이용가,https://comicthumb-phinf.pstatic.net/20130911_281/pocket_1378905907461Pd4tB_JPEG/__.jpg?type=m260
9788971931950,취미,그 남자의 몸 만들기 ,이기현,6000,0.0,전체 이용가,https://comicthumb-phinf.pstatic.net/20130824_177/pocket_13773134259974U9Dn_JPEG/kpc16447618963244788589788971931950.jpg?type=m260
9788971931707,취미,그 남자의 무술이야기 ,이기현,7200,8.0,전체 이용가,https://comicthumb-phinf.pstatic.net/20130824_138/pocket_1377313456823IRtgP_JPEG/kpc40667801992226780319788971931707.jpg?type=m260
9788965451549,취미,부산을 맛보다 (부산 오면 꼭 먹어봐야 할 부산 경남 맛집 산책) ,박종호,9800,5.0,전체 이용가,https://comicthumb-phinf.pstatic.net/20130726_161/pocket_1374807721711Op8x5_JPEG/kpc73957949876866716019788965451549.jpg?type=m260
9788958073901,취미,세상 끝의 풍경들 ,김만태,9100,0.0,전체 이용가,https://comicthumb-phinf.pstatic.net/20130724_149/pocket_1374634893574yQkiO_JPEG/kpc82186947870240633039788958073901.jpg?type=m260
9788952754677,취미,루커리 정원의 여행자 (어느 우퍼의 영국 여행 다이어리) ,문상현,9100,2.0,전체 이용가,https://comicthumb-phinf.pstatic.net/20130613_77/pocket_1371113652511sb7g0_JPEG/CP_DATA_477256051281700944lukerygarden.jpg?type=m260
9788952760036,취미,오아시스를 만날 시간 ,전리오,8400,0.0,전체 이용가,https://comicthumb-phinf.pstatic.net/20130613_269/pocket_1371113451276QtpcV_JPEG/CP_DATA_7357275160402375256oasis.jpg?type=m260
9788972976356,취미,유럽의 발견 ,김정후,10500,0.0,전체 이용가,https://comicthumb-phinf.pstatic.net/20180804_14/pocket_1533337712108m1ofC_JPEG/kpc61260158821669463859788972976356.jpg?type=m260
9788926820605,취미,태권도의 철학적 탐구 ,송형석,11400,0.0,전체 이용가,https://comicthumb-phinf.pstatic.net/20130417_108/pocket_1366167751432ebGG3_JPEG/kpc72560375104100234739788926820605.jpg?type=m260
9788991984189,취미,똑똑한 체험여행 ,지후맘,7160,0.0,전체 이용가,https://comicthumb-phinf.pstatic.net/20130514_240/pocket_1368493341400p5Jl6_JPEG/kyobo9022190055885571375l9788991984189.jpg?type=m260
9788970594149,취미,프로방스 (김영주의 '머무는' 여행 4) ,김영주,8400,0.0,전체 이용가,https://comicthumb-phinf.pstatic.net/20230127_196/pocket_1674774071220rNqxg_JPEG/kpc73449395448062532169788970594149.jpg?type=m260
9788946415959,취미,카페 에스프레소 꼬레아노 ,천종태,6600,0.0,전체 이용가,https://comicthumb-phinf.pstatic.net/20130306_255/pocket_13625389334240t8nT_JPEG/kpc61996992526025211979788946415959.jpg?type=m260
9788934958451,취미,"송동훈의 그랜드투어 (문명의 시원을 찾아 그리스 터키 스페인을 가다, 지중해편) ",송동훈,9100,0.0,전체 이용가,https://comicthumb-phinf.pstatic.net/20130126_234/pocket_1359169335116STM9x_JPEG/kpc88028151086815322969788934958451.jpg?type=m260
9788970593081,취미,캘리포니아 (김영주의 '머무는' 여행 1) ,김영주,8400,10.0,전체 이용가,https://comicthumb-phinf.pstatic.net/20230127_173/pocket_1674774089890KTp5m_JPEG/kpc61891487991046912549788970593081.jpg?type=m260
9788973377671,취미,등산교실 (코오롱등산학교 이용대 교장의 배낭 꾸리기부터 해외 트레킹까지) ,이용대,10800,0.0,전체 이용가,https://comicthumb-phinf.pstatic.net/20220919_91/pocket_1663595079575QLwbK_JPEG/KPC1000028105.jpg?type=m260
9788960510203,취미,무대책 낙천주의자의 무규칙 유럽여행 ,정숙영,8400,0.0,전체 이용가,https://comicthumb-phinf.pstatic.net/20220919_296/pocket_1663594900480lJxnK_JPEG/KPC1000033046.jpg?type=m260
9788962920581,취미,나의 옛길 탐사일기 2 (죽령의 저편) ,양효성,8400,0.0,전체 이용가,https://comicthumb-phinf.pstatic.net/20130207_244/pocket_1360206238211XRVMx_JPEG/kpc76787506222214868579788962920581.jpg?type=m260
9788974835149,취미,꼼꼼 기자의 꼼꼼 미국 연수 가이드 ,박병일,11900,0.0,전체 이용가,https://comicthumb-phinf.pstatic.net/20220919_21/pocket_1663595378572ILPJ2_JPEG/KPC1000043042.jpg?type=m260
9788985989985,취미,읽고만 있어도 좋은 노플랜 사차원 유럽 여행 ,정숙영,8400,7.0,전체 이용가,https://comicthumb-phinf.pstatic.net/20220919_131/pocket_16635950269923Pj1f_JPEG/KPC1000033078.jpg?type=m260
9788965743569,취미,외롭거든 산으로 가라 (산 사람 그리고 인생을 만나는 행복한 산책) ,김선미,8400,0.0,전체 이용가,https://comicthumb-phinf.pstatic.net/20220919_135/pocket_1663595087271kjOvh_JPEG/KPC1000041364.jpg?type=m260
9788992036801,취미,신들의 나라 인간의 땅 (고진하의 우파니샤드 기행) ,고진하,8400,0.0,전체 이용가,https://comicthumb-phinf.pstatic.net/20121214_121/pocket_1355454150331MLn4E_JPEG/kpc79184035265705384379788992036801.jpg?type=m260
9788994217109,취미,추억 역사 그리고 길을 걷는다 ,이재영,9400,0.0,전체 이용가,https://comicthumb-phinf.pstatic.net/20220919_176/pocket_1663595193663BC7VO_JPEG/KPC1000041923.jpg?type=m260
