2,url
맏물 이야기 (미야베 월드 제2막) ,https://comicthumb-phinf.pstatic.net/20220919_262/pocket_1663595239888zLs29_JPEG/KPC1000145956.jpg?type=m260
셜록 홈스 베스트 단편선 3 ,https://comicthumb-phinf.pstatic.net/20220114_88/pocket_1642118727233kWbr7_JPEG/kyobo8748055181599062733l9791161951638.jpg?type=m260
선진 한국의 아버지 (그가 남긴 유언) ,https://comicthumb-phinf.pstatic.net/20220907_110/pocket_1662510873457uuHxx_JPEG/kyobo3086988254556439113l9788987527888.jpg?type=m260
당신이 나를 죽창으로 찔러 죽이기 전에 (이용덕 장편소설) ,https://comicthumb-phinf.pstatic.net/20220927_186/pocket_1664237829697QDV2i_JPEG/kyobo8284291384969546595l9791191560039.jpg?type=m260
캑터스 ,https://comicthumb-phinf.pstatic.net/20220114_166/pocket_1642121693644JLDmk_JPEG/kyobo6022176521233822253l9791191560060.jpg?type=m260
#킬러스타그램 (이갑수 장편소설) ,https://comicthumb-phinf.pstatic.net/20220114_96/pocket_1642122129934pnBAl_JPEG/kyobo6584068502685512510l9791191560053.jpg?type=m260
내 우울한 젊음의 기억들 (홍상화 소설) ,https://comicthumb-phinf.pstatic.net/20220907_288/pocket_1662509926542XbmYS_JPEG/kyobo1595724537418504190l9788987527826.jpg?type=m260
"무인행 1부3 (왕의 선택,장편 역사소설) ",https://comicthumb-phinf.pstatic.net/20151202_157/pocket_1449014818572TVdFA_JPEG/kyobo402794181039685839l480D151114500.jpg?type=m260
미라클 크리크 (MIRACLE CREEK) ,https://comicthumb-phinf.pstatic.net/20220919_225/pocket_16635956240168plOd_JPEG/KPC1000146600.jpg?type=m260
완판 조웅전 ,https://comicthumb-phinf.pstatic.net/20220112_267/pocket_1641948314405JYLTF_JPEG/kyobo9159665189451715404l9791128859465.jpg?type=m260
사랑의 종말 ,https://comicthumb-phinf.pstatic.net/20220112_260/pocket_1641948654104EAab4_JPEG/kyobo3804569868643001860l9791167900739.jpg?type=m260
최상규 단편집 ,https://comicthumb-phinf.pstatic.net/20220112_225/pocket_1641949474491WwEjg_JPEG/kyobo6797931291099723188l9791128859267.jpg?type=m260
꽃다지 (반구대 암각화 이야기) ,https://comicthumb-phinf.pstatic.net/20220112_174/pocket_1641949723467FrXr7_JPEG/kyobo3062956542840372137l9791190473712.jpg?type=m260
재 (신용목 소설) ,https://comicthumb-phinf.pstatic.net/20220919_286/pocket_16635955946952sNQ3_JPEG/KPC1000146560.jpg?type=m260
올마이어의 어리석음 ,https://comicthumb-phinf.pstatic.net/20220108_194/pocket_1641600971176bw5uT_JPEG/kyobo5308914391053354380l9791167762702.jpg?type=m260
개를 훔친 이웃집 여자 ,https://comicthumb-phinf.pstatic.net/20220108_155/pocket_1641602242402kkuip_JPEG/kyobo4900875758847542829l9791189686307.jpg?type=m260
너의 다정한 우주로부터 (이경희 소설) ,https://comicthumb-phinf.pstatic.net/20220110_154/pocket_16417815335190TDHx_JPEG/9791130679518.jpg?type=m260
밤이여 오라 (제9회 제주4.3평화문학상 수상작) ,https://comicthumb-phinf.pstatic.net/20220919_196/pocket_1663594940572twOEy_JPEG/KPC1000146209.jpg?type=m260
옛날 옛적 어느 마을에 시체가 있었습니다 ,https://comicthumb-phinf.pstatic.net/20230214_166/pocket_1676329292641UaBLp_JPEG/kpc46137233442297203059791160078763.jpg?type=m260
"빨간 모자, 여행을 떠나 시체를 만났습니다 ",https://comicthumb-phinf.pstatic.net/20220919_125/pocket_1663595134692QsIbq_JPEG/KPC1000145789.jpg?type=m260
무기여 잘 있거라 ,https://comicthumb-phinf.pstatic.net/20220107_104/pocket_16415138552088Iq4z_JPEG/kyobo5377419476718727982l9791158251079.jpg?type=m260
영화광 ,https://comicthumb-phinf.pstatic.net/20220107_61/pocket_1641513911676Oipqp_JPEG/kyobo5274789947286888435l9791196837662.jpg?type=m260
나는 너에게 10년 치의 『 』을 전하고 싶어 (JM북스) ,https://comicthumb-phinf.pstatic.net/20220107_234/pocket_16415141949191ltJr_JPEG/kyobo6860652207794933832l9788959528264.jpg?type=m260
양자 (조나연 SF 스릴러) ,https://comicthumb-phinf.pstatic.net/20220830_277/pocket_1661842228611k9iQd_JPEG/kyobo1908937416603282439l9791163162315.jpg?type=m260
검의 대가 ,https://comicthumb-phinf.pstatic.net/20220107_194/pocket_1641515196481iJyPk_JPEG/kyobo5190898114280660984l9788932909950.jpg?type=m260
버드 박스 (새장 속에 갇힌 사람들) ,https://comicthumb-phinf.pstatic.net/20220105_164/pocket_1641370462660AQb5R_JPEG/%B9%F6%B5%E5%B9%DA%BD%BA_%C7%A51.jpg?type=m260
아무것도 아니라고 잘라 말하기 (임솔아 소설집) ,https://comicthumb-phinf.pstatic.net/20220919_171/pocket_1663595462650nqab0_JPEG/KPC1000146163.jpg?type=m260
마지막 황제 ,https://comicthumb-phinf.pstatic.net/20220106_125/pocket_1641428168194mxYXe_JPEG/kyobo2259636348427441865l9791187886716.jpg?type=m260
독 초콜릿 사건 (미스터리 책장) ,https://comicthumb-phinf.pstatic.net/20220919_299/pocket_1663595590508RiVhK_JPEG/KPC1000099499.jpg?type=m260
살인해드립니다 (미스터리 책장) ,https://comicthumb-phinf.pstatic.net/20220919_2/pocket_1663595463098c01b5_JPEG/KPC1000099501.jpg?type=m260
상복의 랑데부 (미스터리 책장) ,https://comicthumb-phinf.pstatic.net/20220919_60/pocket_1663595508768s9bwf_JPEG/KPC1000099502.jpg?type=m260
제비뽑기 (미스터리 책장) ,https://comicthumb-phinf.pstatic.net/20220919_202/pocket_1663595548375FUoVj_JPEG/KPC1000099503.jpg?type=m260
"시간의 딸 (모략은 시간을 이길 수 없다,미스터리 책장) ",https://comicthumb-phinf.pstatic.net/20220919_229/pocket_16635956260029e2jj_JPEG/KPC1000099504.jpg?type=m260
힐 하우스의 유령 (미스터리 책장) ,https://comicthumb-phinf.pstatic.net/20220919_62/pocket_1663595677163r5fap_JPEG/KPC1000099505.jpg?type=m260
트렌트 최후의 사건  (미스터리 책장) ,https://comicthumb-phinf.pstatic.net/20220919_200/pocket_1663595611197NUaDa_JPEG/KPC1000099506.jpg?type=m260
우리는 언제나 성에 살았다 (미스터리 책장) ,https://comicthumb-phinf.pstatic.net/20220919_218/pocket_1663595558403P0dwI_JPEG/KPC1000099507.jpg?type=m260
구석의 노인 사건집 (미스터리 책장) ,https://comicthumb-phinf.pstatic.net/20220919_15/pocket_1663594895081iguEh_JPEG/KPC1000099508.jpg?type=m260
"오시리스의 눈 (살해당한 신의 눈이 따라다닌다,미스터리 책장) ",https://comicthumb-phinf.pstatic.net/20220919_277/pocket_1663594957494CgTq9_JPEG/KPC1000099509.jpg?type=m260
영국식 살인  (미스터리 책장) ,https://comicthumb-phinf.pstatic.net/20220919_230/pocket_1663595623891ll8ew_JPEG/KPC1000099510.jpg?type=m260
붉은 머리 가문의 비극 (미스터리 책장) ,https://comicthumb-phinf.pstatic.net/20220919_12/pocket_166359567801221eP1_JPEG/KPC1000099511.jpg?type=m260
할머니와 나의 3천 엔 ,https://comicthumb-phinf.pstatic.net/20220919_23/pocket_1663595451443n17or_JPEG/KPC1000146448.jpg?type=m260
상실의 이해 ,https://comicthumb-phinf.pstatic.net/20220105_137/pocket_16413415943930D35N_JPEG/kyobo5663765380247835699l9791191651058.jpg?type=m260
네가 마지막으로 남긴 노래 ,https://comicthumb-phinf.pstatic.net/20220105_216/pocket_1641341680437pcm9H_JPEG/kyobo1012614368084851580l9791191043532.jpg?type=m260
위대한 영혼의 미소 ,https://comicthumb-phinf.pstatic.net/20220104_24/pocket_16412568869376JSoz_JPEG/kyobo6948386566311329784l9791138804486.jpg?type=m260
조각상 살인사건 ,https://comicthumb-phinf.pstatic.net/20220104_191/pocket_1641257333036ENobJ_JPEG/kyobo5367041784561412543l9791190157452.jpg?type=m260
한국추리문학상 황금펜상 수상작품집 (2021 제15회) ,https://comicthumb-phinf.pstatic.net/20220104_105/pocket_16412577813584PQSg_JPEG/kyobo189750681264146710l9791191029437.jpg?type=m260
두고 온 것 (강영숙 소설) ,https://comicthumb-phinf.pstatic.net/20220919_214/pocket_1663595071863ryNBH_JPEG/KPC1000146409.jpg?type=m260
대리여행자 (가벼운 소설) ,https://comicthumb-phinf.pstatic.net/20220101_244/pocket_1640998886320XLz3u_JPEG/kyobo5495885423191530185l9791162671955.jpg?type=m260
증언들 ,https://comicthumb-phinf.pstatic.net//20141108_85/pocket_1415415618632Shzmu_JPEG/kpc1891776531463705389788980973408.jpg?type=m260
그림자 상점 ,https://comicthumb-phinf.pstatic.net/20220919_92/pocket_166359556179128tq4_JPEG/KPC1000146398.jpg?type=m260
캣피싱 ,https://comicthumb-phinf.pstatic.net/20211231_40/pocket_1640914804461F2iKY_JPEG/kyobo5417137925639830657l9791190090513.jpg?type=m260
비하인드 도어 (B. A. 패리스 장편소설) ,https://comicthumb-phinf.pstatic.net/20211231_269/pocket_1640919378961EswRu_JPEG/kyobo3355248655848737971l9791191043525.jpg?type=m260
테라피스트 (B. A. 패리스 장편소설) ,https://comicthumb-phinf.pstatic.net/20211231_59/pocket_16409167291651hS02_JPEG/kyobo1184356822292239202l9791191043518.jpg?type=m260
일몰의 저편 ,https://comicthumb-phinf.pstatic.net/20220919_128/pocket_1663595235467d8D3Q_JPEG/KPC1000145981.jpg?type=m260
괴질 (그해 비가 그치자 조선에 역병이 돌았다) ,https://comicthumb-phinf.pstatic.net/20220919_118/pocket_1663595515361vu28p_JPEG/KPC1000146376.jpg?type=m260
죄인이 기도할 때 ,https://comicthumb-phinf.pstatic.net/20220919_70/pocket_1663594908361tXxWX_JPEG/KPC1000146368.jpg?type=m260
깨진 유리창 ,https://comicthumb-phinf.pstatic.net/20130314_282/pocket_1363225127256HJkoh_JPEG/kyobo4184611082541610826l9788992124652.jpg?type=m260
스무살을 적절히 부적절하게 보내는 방법 ,https://comicthumb-phinf.pstatic.net/20220919_138/pocket_1663595242429UmRMw_JPEG/KPC1000146318.jpg?type=m260
제인인러브 ,https://comicthumb-phinf.pstatic.net/20220919_58/pocket_1663595178527ii0N4_JPEG/KPC1000146297.jpg?type=m260
게르니카의 황소 (한이리 장편소설) ,https://comicthumb-phinf.pstatic.net/20220919_42/pocket_1663595228953P5xbQ_JPEG/KPC1000146053.jpg?type=m260
빛이 드는 법 ,https://comicthumb-phinf.pstatic.net/20211229_28/pocket_1640738660608uAXLh_JPEG/kyobo6132167956921694798l9791185190501.jpg?type=m260
새소녀 (꿈을 따라간 이들의 이야기) ,https://comicthumb-phinf.pstatic.net/20211229_100/pocket_1640740091395ycYjv_JPEG/kyobo816756836795164466l9791190582537.jpg?type=m260
푸른 침실로 가는 길 (시아 장편소설) ,https://comicthumb-phinf.pstatic.net/20220928_42/pocket_1664324084912cdEge_JPEG/kyobo8016232437759154988l9791196852986.jpg?type=m260
어둠의 속도 ,https://comicthumb-phinf.pstatic.net/20211228_63/pocket_1640655989473okmh2_JPEG/kyobo6303882163261234031l9791156759195.jpg?type=m260
내일의 꿈 ,https://comicthumb-phinf.pstatic.net/20130306_285/pocket_1362529202181kJi1e_JPEG/kyobo5905767251584769334l4809050114813.jpg?type=m260
3층 계단 (신호종 장편소설) ,https://comicthumb-phinf.pstatic.net/20220919_189/pocket_1663595305868qpkAg_JPEG/KPC1000146262.jpg?type=m260
아르센 뤼팽 대 셜록홈즈 ,https://comicthumb-phinf.pstatic.net/20211224_120/pocket_1640309339431YT1Rm_JPEG/kyobo8140220799870002559l9791158251062.jpg?type=m260
길고 빛나는 강 ,https://comicthumb-phinf.pstatic.net/20220823_180/pocket_1661215693374uPBzl_JPEG/kyobo5433547591683969412l9791191602043.jpg?type=m260
백일청춘 (정해연 장편소설) ,https://comicthumb-phinf.pstatic.net/20220830_52/pocket_1661822096622eagsx_JPEG/kyobo7280968457455032405l9791163162094.jpg?type=m260
다른 세계에서도 ,https://comicthumb-phinf.pstatic.net/20220915_259/pocket_166319658040846dVo_JPEG/kpc75416248967527301879791139707168.jpg?type=m260
나는 살고 싶다 ,https://comicthumb-phinf.pstatic.net/20211224_177/pocket_1640312518063cQHUJ_JPEG/kyobo8392665690213149597l9788972655787.jpg?type=m260
"부디, 얼지 않게끔 (강민영 장편소설,제3회 자음과모음 경장편소설상 수상작) ",https://comicthumb-phinf.pstatic.net/20211224_126/pocket_1640316066829oeuIL_JPEG/kyobo5888237379081400619l9788954445405.jpg?type=m260
보라선 열차와 사라진 아이들 (디파 아나파라 장편소설) ,https://comicthumb-phinf.pstatic.net/20220919_195/pocket_16635953511118IC1Y_JPEG/KPC1000145754.jpg?type=m260
리틀 아이즈 ,https://comicthumb-phinf.pstatic.net/20220919_96/pocket_1663595574459gU2U8_JPEG/KPC1000146213.jpg?type=m260
나비 ,https://comicthumb-phinf.pstatic.net/20220919_143/pocket_1663595492162Cvn11_JPEG/KPC1000146214.jpg?type=m260
시인 (이문열 장편소설) ,https://comicthumb-phinf.pstatic.net/20211223_291/pocket_1640218370312RkWkT_JPEG/kyobo4687646340824142367l9788925579191.jpg?type=m260
갈증 ,https://comicthumb-phinf.pstatic.net/20220330_174/pocket_1648604851078LxlVP_JPEG/kyobo4439708836172171638l9788932921938.jpg?type=m260
나의 완벽한 남자친구와 그의 연인 ,https://comicthumb-phinf.pstatic.net/20211223_146/pocket_1640229247402II1es_JPEG/%B3%AA%C0%C7_%BF%CF%BA%AE%C7%D1_%B3%B2%C0%DA%C4%A3%B1%B8%BF%CD_%B1%D7%C0%C7_%BF%AC%C0%CE.jpg?type=m260
산 사람은 살지 ,https://comicthumb-phinf.pstatic.net/20220919_94/pocket_1663595121364XAz1v_JPEG/KPC1000146185.jpg?type=m260
어나니머스 (경시청 손가락살인 대책실) ,https://comicthumb-phinf.pstatic.net/20211222_181/pocket_1640135597513zdTkg_JPEG/kyobo3974108157859584213l9791190135085.jpg?type=m260
빛을 두려워하는 (더글라스 케네디 장편소설) ,https://comicthumb-phinf.pstatic.net/20211222_117/pocket_1640136909825iYxRL_JPEG/kyobo842858023925975235l9788984374362.jpg?type=m260
바텍 (이삭줍기 환상문학 2) ,https://comicthumb-phinf.pstatic.net/20230303_210/pocket_1677802162236Y932L_JPEG/kyobo4886836913270184343l9791170400219.jpg?type=m260
파란꽃 ,https://comicthumb-phinf.pstatic.net/20230303_82/pocket_1677801989170KRjcc_JPEG/kyobo5668109202644547738l9791170400271.jpg?type=m260
모팽 양 ,https://comicthumb-phinf.pstatic.net/20230303_243/pocket_16778021558259StyF_JPEG/kyobo6376929450850860839l9791170400240.jpg?type=m260
사랑에 빠진 악마 ,https://comicthumb-phinf.pstatic.net/20230303_254/pocket_1677802203111qrCo9_JPEG/kyobo1126260193140736027l9791170400554.jpg?type=m260
나를 구독해줘 (김하율 장편소설) ,https://comicthumb-phinf.pstatic.net/20220919_32/pocket_1663595502473Irfr6_JPEG/KPC1000146162.jpg?type=m260
상아의 문으로 (구병모 장편소설) ,https://comicthumb-phinf.pstatic.net/20220919_207/pocket_1663595609613E9ovh_JPEG/KPC1000146164.jpg?type=m260
수정의 인사 (김서령 소설) ,https://comicthumb-phinf.pstatic.net/20220919_136/pocket_16635955476257h4sC_JPEG/KPC1000146161.jpg?type=m260
별을 읽는 루이즈 ,https://comicthumb-phinf.pstatic.net/20220919_38/pocket_1663595075907AyDGp_JPEG/KPC1000146151.jpg?type=m260
화장실 벽에 쓴 낙서 ,https://comicthumb-phinf.pstatic.net/20211221_277/pocket_1640045702992vbEuz_JPEG/kyobo658640970117261830l9788963723860.jpg?type=m260
도서실에 있어요 (아오야마 미치코 장편소설) ,https://comicthumb-phinf.pstatic.net/20211221_8/pocket_1640048116278OFa8a_JPEG/kyobo7890619359567332955l9791190015660.jpg?type=m260
인간 실격 ('무진기행' 김승옥 작가 추천 소설) ,https://comicthumb-phinf.pstatic.net/20211218_58/pocket_1639786254244TwADW_JPEG/kyobo5994245932162210221l9791157956203.jpg?type=m260
브로콜리 펀치 (이유리 소설집) ,https://comicthumb-phinf.pstatic.net/20220919_45/pocket_16635956144284RJ1Q_JPEG/KPC1000145445.jpg?type=m260
내 동생의 무덤 ,https://comicthumb-phinf.pstatic.net/20220919_11/pocket_1663595169595aS7jW_JPEG/KPC1000146136.jpg?type=m260
오네 산부인과 (고다 도모 소설) ,https://comicthumb-phinf.pstatic.net/20220324_290/pocket_1648083702851NQUUE_JPEG/kyobo8147776773591115465l9791167900708.jpg?type=m260
0%를 향하여 ,https://comicthumb-phinf.pstatic.net/20220919_25/pocket_1663595556465Hr3v0_JPEG/KPC1000145444.jpg?type=m260
본격소설 하 ,https://comicthumb-phinf.pstatic.net/20220919_53/pocket_1663595398855KPMMc_JPEG/KPC1000146067.jpg?type=m260
본격소설 상 ,https://comicthumb-phinf.pstatic.net/20220919_151/pocket_1663595396481Sc979_JPEG/KPC1000146066.jpg?type=m260
이반과 이바나의 경이롭고 슬픈 운명 ,https://comicthumb-phinf.pstatic.net/20220919_80/pocket_16635954391482N8RV_JPEG/KPC1000146064.jpg?type=m260
"아마벨 (배지훈 장편소설,영원의 그물) ",https://comicthumb-phinf.pstatic.net/20211214_68/pocket_1639443217869trxiv_JPEG/kyobo1898218453922536937l9791166686429.jpg?type=m260
왕과 서커스 ,https://comicthumb-phinf.pstatic.net/20220919_186/pocket_16635955800784uJVQ_JPEG/KPC1000146039.jpg?type=m260
막 ,https://comicthumb-phinf.pstatic.net/20211211_39/pocket_1639184999058KLvA9_JPEG/kyobo8854860181616620952l9788967359683.jpg?type=m260
7월 4일생 (이태산 소설) ,https://comicthumb-phinf.pstatic.net/20211211_120/pocket_1639186597317i1uiu_JPEG/kyobo3106922475540395547l9791138803267.jpg?type=m260
모든 빗방울의 이름을 알았다 ,https://comicthumb-phinf.pstatic.net/20220919_271/pocket_16635955563363QmrD_JPEG/KPC1000145322.jpg?type=m260
목요일의 아이 ,https://comicthumb-phinf.pstatic.net/20220919_165/pocket_1663595211950nSAlc_JPEG/KPC1000145406.jpg?type=m260
안에 있는 모든 것 ,https://comicthumb-phinf.pstatic.net/20220919_264/pocket_1663595152672d6mFs_JPEG/KPC1000145987.jpg?type=m260
도쿄 우에노 스테이션 ,https://comicthumb-phinf.pstatic.net/20220919_126/pocket_1663595196925YmRTo_JPEG/KPC1000145990.jpg?type=m260
날개 ,https://comicthumb-phinf.pstatic.net/20141208_204/pocket_1418019554181z6jxs_JPEG/72748.jpg?type=m260
"그해, 강화 섬의 소년들 ",https://comicthumb-phinf.pstatic.net/20211210_62/pocket_163909511427092jI3_JPEG/kyobo1698446657204427328l9791156333272.jpg?type=m260
저고리 시스터즈 ,https://comicthumb-phinf.pstatic.net/20211210_145/pocket_1639096225215CsTet_JPEG/kyobo9098575472004628309l9791156332190.jpg?type=m260
테헤란로를 걷는 신라공주 (신라공주와 페르시아왕자의 약속) ,https://comicthumb-phinf.pstatic.net/20211210_4/pocket_1639097029809nIddq_JPEG/kyobo2173746316026794261l9791190052801.jpg?type=m260
평범한 인생 ,https://comicthumb-phinf.pstatic.net//20160805_280/pocket_1470351713277ILyKP_JPEG/kpc5021150663373137929791186560198.jpg?type=m260
영원을 찾아서 (하라다 마하 장편소설) ,https://comicthumb-phinf.pstatic.net/20211210_29/pocket_1639097884645APJXU_JPEG/kyobo1494429644909392738l9791189571603.jpg?type=m260
살인의 예술 ,https://comicthumb-phinf.pstatic.net/20211210_79/pocket_1639097912490VOkx1_JPEG/kyobo6728592603659849954l9791190978163.jpg?type=m260
헤이팅 게임 ,https://comicthumb-phinf.pstatic.net/20211210_55/pocket_1639097997472DC2YD_JPEG/kyobo8107632000495175858l9791191240276.jpg?type=m260
대지 (세계문학전집 204) ,https://comicthumb-phinf.pstatic.net/20220919_230/pocket_1663595567659Dfocu_JPEG/KPC1000145929.jpg?type=m260
세이프 ,https://comicthumb-phinf.pstatic.net/20220919_185/pocket_1663595178344DyPqP_JPEG/KPC1000145946.jpg?type=m260
엄마 ,https://comicthumb-phinf.pstatic.net/20170624_200/pocket_1498267329024u2BAL_JPEG/kyobo4171106271967294776l9788984315112.jpg?type=m260
잔류 인구 ,https://comicthumb-phinf.pstatic.net/20211209_146/pocket_1639010857170E9PPH_JPEG/kyobo3791373934375600175l9791156759201.jpg?type=m260
자살 면접 ,https://comicthumb-phinf.pstatic.net/20211209_77/pocket_1639012167138f2EY3_JPEG/kyobo4920122768208259781l9791197562501.jpg?type=m260
"순간들 (18, READY, ACTION) ",https://comicthumb-phinf.pstatic.net/20211209_230/pocket_1639004401715jgzFa_JPEG/kpc_etc19382975988918531419788954628082.jpg?type=m260
처형 6일 전 : 미스터리 책장 (하드보일드 + 시간 제한 서스펜스) ,https://comicthumb-phinf.pstatic.net/20220919_74/pocket_1663595494407v2k4a_JPEG/KPC1000145906.jpg?type=m260
새벽의 데드라인 (미스터리 책장) ,https://comicthumb-phinf.pstatic.net/20220919_239/pocket_1663595068422pUR8l_JPEG/KPC1000145909.jpg?type=m260
스노볼 2 (박소영 장편소설) ,https://comicthumb-phinf.pstatic.net/20220919_56/pocket_1663595499183tgRNf_JPEG/KPC1000145866.jpg?type=m260
크로스로드 (조너선 프랜즌 장편소설) ,https://comicthumb-phinf.pstatic.net/20220919_240/pocket_1663595576806uzzlF_JPEG/KPC1000145281.jpg?type=m260
스노볼 1 (박소영 장편소설) ,https://comicthumb-phinf.pstatic.net/20220919_43/pocket_1663595545772p4vOX_JPEG/KPC1000145865.jpg?type=m260
우울의 중점 ,https://comicthumb-phinf.pstatic.net/20211208_236/pocket_1638925415463KSVRM_JPEG/kyobo3251851838795700635l9791191029413.jpg?type=m260
계간 미스터리 2021.가을호 (71호) ,https://comicthumb-phinf.pstatic.net/20211208_241/pocket_1638925455659X8qIc_JPEG/kyobo6821963457346862229l480D211100570.jpg?type=m260
여름에 우리가 먹는 것 (송지현 소설집) ,https://comicthumb-phinf.pstatic.net/20220919_270/pocket_1663595204383oLiUi_JPEG/KPC1000145827.jpg?type=m260
화성의 시간 (유영민 장편소설) ,https://comicthumb-phinf.pstatic.net/20211207_59/pocket_1638836700763YXHyv_JPEG/kyobo6414760366833735367l9788954447706.jpg?type=m260
사라지는 대지 ,https://comicthumb-phinf.pstatic.net/20211207_173/pocket_16388377346214AoYl_JPEG/kyobo5717627035358067471l9791187100980.jpg?type=m260
극히 드문 개들만이 (이나경 소설집) ,https://comicthumb-phinf.pstatic.net/20211204_156/pocket_1638576632807HxyBb_JPEG/kyobo3579710892482130624l9791166686412.jpg?type=m260
불펜의 시간 (제26회 한겨레문학상 수상작) ,https://comicthumb-phinf.pstatic.net/20211204_84/pocket_1638578216796C2n3O_JPEG/kyobo3471078695347782016l9791160406207.jpg?type=m260
다시 파이널! ,https://comicthumb-phinf.pstatic.net/20211204_166/pocket_1638578861637uu28B_JPEG/kyobo3871216958385486965l9791188240975.jpg?type=m260
야구소녀 ,https://comicthumb-phinf.pstatic.net/20230303_293/pocket_1677802304532T3gLk_JPEG/kyobo2304832515838374256l9788961559003.jpg?type=m260
셔기 베인 ,https://comicthumb-phinf.pstatic.net/20211204_6/pocket_16385801371170smXE_JPEG/kyobo3088512482132376695l9791191922004.jpg?type=m260
내가 가장 무서워하는 것 ,https://comicthumb-phinf.pstatic.net/20220919_101/pocket_1663594989242Io6Rx_JPEG/KPC1000145716.jpg?type=m260
미인의 법칙 ,https://comicthumb-phinf.pstatic.net/20220919_61/pocket_1663595641526OKMiS_JPEG/KPC1000145719.jpg?type=m260
나를 팔로우 하지 마세요 ,https://comicthumb-phinf.pstatic.net/20220919_6/pocket_1663595523030MyJMe_JPEG/KPC1000145723.jpg?type=m260
"시작도 끝도 없는 모험, 『그림 동화』의 인류학 ",https://comicthumb-phinf.pstatic.net/20211203_156/pocket_1638492567161hf9o6_JPEG/kyobo8507889312655643758l9791190351911.jpg?type=m260
사춘기 ,https://comicthumb-phinf.pstatic.net/20230104_54/pocket_1672787252243bL9Kz_JPEG/kpc34183833461109487199788932014562.jpg?type=m260
버디 ,https://comicthumb-phinf.pstatic.net/20211203_194/pocket_1638494775763HnQkD_JPEG/kyobo238156929938705619l9791157411092.jpg?type=m260
아가 (노래 중의 노래) ,https://comicthumb-phinf.pstatic.net/20211203_196/pocket_163849624241383oAA_JPEG/kyobo805342827424469518l9788925579184.jpg?type=m260
"혜수, 해수  1 (임정연 장편소설,영혼 포식자) ",https://comicthumb-phinf.pstatic.net/20220919_98/pocket_1663595071003ceKDC_JPEG/KPC1000145672.jpg?type=m260
"백야 (Белые Ночи,문학동네 세계문학전집 207) ",https://comicthumb-phinf.pstatic.net/20220919_53/pocket_1663595058405OcheL_JPEG/KPC1000145538.jpg?type=m260
탱고 인 더 다크 (Tango in the dark) ,https://comicthumb-phinf.pstatic.net/20220919_280/pocket_1663595481213yJwzK_JPEG/KPC1000145536.jpg?type=m260
"백치 2 (Идиот, 문학동네 세계문학전집 206) ",https://comicthumb-phinf.pstatic.net/20220919_61/pocket_1663595626829rm52l_JPEG/KPC1000145692.jpg?type=m260
"백치 1 (Идиот, 문학동네 세계문학전집 205) ",https://comicthumb-phinf.pstatic.net/20220919_48/pocket_1663594973364Mgm8d_JPEG/KPC1000145689.jpg?type=m260
뿌리 (한국계 덴마크 작가 에바 틴드 장편소설) ,https://comicthumb-phinf.pstatic.net/20220919_44/pocket_1663595467727EIH2Y_JPEG/KPC1000145668.jpg?type=m260
개와 함께한 하루 ,https://comicthumb-phinf.pstatic.net/20211202_110/pocket_16384068958229ljTl_JPEG/kyobo5972146655004576950l9788965964780.jpg?type=m260
유빙이 녹기까지 (권미호 소설집) ,https://comicthumb-phinf.pstatic.net/20211202_269/pocket_1638406918553SlgwQ_JPEG/kyobo5919432345176345015l9791156624172.jpg?type=m260
내일의 시간표 ,https://comicthumb-phinf.pstatic.net/20211202_115/pocket_1638407659738oxpvT_JPEG/kyobo3684965237635815452l9791187100799.jpg?type=m260
진자앙 시선 (陳子昻 詩選) ,https://comicthumb-phinf.pstatic.net/20211202_46/pocket_1638408290999Mzms0_JPEG/kyobo69009794604964427l9791128859113.jpg?type=m260
방인근 단편집 ,https://comicthumb-phinf.pstatic.net/20211202_132/pocket_16384083330974CN07_JPEG/kyobo155897159759621219l9791128859205.jpg?type=m260
아버지와 아들 (생각하는 힘 세계문학컬렉션40) ,https://comicthumb-phinf.pstatic.net/20220907_264/pocket_1662509645464K8mOG_JPEG/kyobo392716943123335617l9788952239839.jpg?type=m260
어둠의 정면 ,https://comicthumb-phinf.pstatic.net/20211202_93/pocket_1638410115111WbAVH_JPEG/kyobo9028437394769812827l9791191459135.jpg?type=m260
지하련 단편집 ,https://comicthumb-phinf.pstatic.net/20220929_39/pocket_1664406063939iGHI6_JPEG/kpc47644804404792995879791197961700.jpg?type=m260
카라마조프가의 형제들 2 (최신 원전 완역본) ,https://comicthumb-phinf.pstatic.net/20220919_183/pocket_1663595025445MdjMp_JPEG/KPC1000145688.jpg?type=m260
카라마조프가의 형제들 1 (최신 원전 완역본) ,https://comicthumb-phinf.pstatic.net/20220919_94/pocket_1663595628078j2AoY_JPEG/KPC1000145686.jpg?type=m260
거울 나라의 앨리스 (초판본 리커버 디자인) ,https://comicthumb-phinf.pstatic.net/20220919_80/pocket_1663595560229Q0ylq_JPEG/KPC1000145685.jpg?type=m260
마이너스 스쿨 (자음과모음 청소년문학 92) ,https://comicthumb-phinf.pstatic.net/20211202_139/pocket_1638415657300vrgbx_JPEG/kyobo1877572237161155181l9788954447669.jpg?type=m260
레 망다랭 2 ,https://comicthumb-phinf.pstatic.net/20220919_48/pocket_1663595673456NmSia_JPEG/KPC1000145650.jpg?type=m260
레 망다랭 (Les Mandarins) ,https://comicthumb-phinf.pstatic.net/20220919_151/pocket_1663594902185p8r8I_JPEG/KPC1000145649.jpg?type=m260
한 그릇도 배달됩니다 ,https://comicthumb-phinf.pstatic.net/20220919_156/pocket_1663595427245Vvhea_JPEG/KPC1000145632.jpg?type=m260
"아무도 모르는 악당  (최재원 소설,White wave) ",https://comicthumb-phinf.pstatic.net/20211201_105/pocket_1638320028436AjiCd_JPEG/kyobo6072232445250289134l9791197214875.jpg?type=m260
누가 환유를 ,https://comicthumb-phinf.pstatic.net/20211201_102/pocket_16383204060591jWMJ_PNG/upaper3496470573027913925U1147271.png?type=m260
린도스 성의 올리브나무 (김홍정 장편소설) ,https://comicthumb-phinf.pstatic.net/20211201_164/pocket_1638320408492haUG5_JPEG/upaper7386895013638382291U1147272.jpg?type=m260
안개향기 (조동길 소설집) ,https://comicthumb-phinf.pstatic.net/20211201_205/pocket_16383204106958en8L_JPEG/upaper3430232584540546594U1147273.jpg?type=m260
수상한 사람들 (怪しい人びと) ,https://comicthumb-phinf.pstatic.net/20211201_87/pocket_1638321032307jCg9E_JPEG/kyobo3921149019499185821l9788925579306.jpg?type=m260
베터 라이어 (태넌 존스 장편소설) ,https://comicthumb-phinf.pstatic.net/20211201_263/pocket_1638325796993g4O0N_JPEG/kyobo6817869010696139349l9791187100911.jpg?type=m260
1일 1편 셜록 홈즈 365 (영문과 함께하는) ,https://comicthumb-phinf.pstatic.net/20220919_80/pocket_1663595649257DQy4I_JPEG/KPC1000145533.jpg?type=m260
남극해 (이윤길 해양장편소설) ,https://comicthumb-phinf.pstatic.net/20211130_258/pocket_1638231385701vCEX4_JPEG/kyobo8757821159099367622l9788979735338.jpg?type=m260
루팡의 딸 3 ,https://comicthumb-phinf.pstatic.net/20211130_232/pocket_1638231503507dFqJr_JPEG/kyobo3409605871300411414l9791190157407.jpg?type=m260
길가메시 프로젝트 ,https://comicthumb-phinf.pstatic.net/20211130_243/pocket_1638231522023C0Y2j_JPEG/kyobo5028743407171500422l9788979734751.jpg?type=m260
죽인 남편이 돌아왔습니다 ,https://comicthumb-phinf.pstatic.net/20211130_48/pocket_1638231575491B3syF_JPEG/kyobo1470353419600030647l9791190157384.jpg?type=m260
여섯명의 거짓말쟁이 대학생 ,https://comicthumb-phinf.pstatic.net/20220915_35/pocket_166320064380459U9q_JPEG/kyobo2342347939070353816l9791190157391.jpg?type=m260
날품팔이 소년 (이규정 자전적 소설) ,https://comicthumb-phinf.pstatic.net/20211130_150/pocket_1638232664555kvDVA_JPEG/kyobo1354090745594675420l9791187445418.jpg?type=m260
벼랑 위의 집 (아서와 선택된 아이들 | TJ 클룬 장편소설) ,https://comicthumb-phinf.pstatic.net/20211130_20/pocket_1638233245856Lwwur_JPEG/kyobo3165712709186001525l9791197461422.jpg?type=m260
배타적 경제 수역 (오어선장의 해양소설 창작집) ,https://comicthumb-phinf.pstatic.net/20211130_235/pocket_1638233977167TnVBu_JPEG/kyobo6560411807864379674l9788979734027.jpg?type=m260
바다의 끝 ,https://comicthumb-phinf.pstatic.net/20211130_244/pocket_16382344097440O0oJ_JPEG/kyobo5341341179152299205l9788979734829.jpg?type=m260
피라네시 (Piranesi) ,https://comicthumb-phinf.pstatic.net/20211130_270/pocket_1638234753206Qoi96_JPEG/kyobo6634318454039228593l9788965964742.jpg?type=m260
네 마음에 새겨진 이름 (디 퍼 장편소설) ,https://comicthumb-phinf.pstatic.net/20220919_105/pocket_1663595162656mYqXQ_JPEG/KPC1000145401.jpg?type=m260
문체 연습 (Exercices de style) ,https://comicthumb-phinf.pstatic.net/20220919_118/pocket_1663595546685dIX1o_JPEG/KPC1000145440.jpg?type=m260
1차원이 되고 싶어 (박상영 장편소설) ,https://comicthumb-phinf.pstatic.net/20220919_62/pocket_16635955094719z3yC_JPEG/KPC1000145469.jpg?type=m260
비대칭 (리사 할리데이 장편소설) ,https://comicthumb-phinf.pstatic.net/20211127_276/pocket_1637972049299RUhyV_JPEG/kyobo6578137619830627066l9791190885898.jpg?type=m260
"취미는 악플, 특기는 막말 ",https://comicthumb-phinf.pstatic.net/20211127_108/pocket_1637972936024UWAGj_JPEG/kyobo4154523572340596756l9791197126734.jpg?type=m260
가든 파티 (캐서린 맨스필드 단편선) ,https://comicthumb-phinf.pstatic.net/20211126_102/pocket_1637885176036dT6Py_JPEG/kyobo6689833964599047427l9788958207085.jpg?type=m260
모피 코트를 입은 마돈나 ,https://comicthumb-phinf.pstatic.net/20220827_135/pocket_1661574823410kS5Uf_JPEG/kyobo8880724983268895253l9788956253596.jpg?type=m260
트레일 (The Trail) ,https://comicthumb-phinf.pstatic.net/20220419_112/pocket_1650328882992t0nzN_JPEG/kyobo8820812288860247211l9791190489478.jpg?type=m260
이대 나온 여자 (양선희 작품집) ,https://comicthumb-phinf.pstatic.net/20220919_279/pocket_1663594895579wSeTA_JPEG/KPC1000145311.jpg?type=m260
모파상 단편선 (Contes choisis) ,https://comicthumb-phinf.pstatic.net/20230301_284/pocket_1677629357720DBM1N_JPEG/kyobo6951064061144951364l9788932912745.jpg?type=m260
키스마요 (김성대 장편소설) ,https://comicthumb-phinf.pstatic.net/20220919_59/pocket_1663595169115Y8QEN_JPEG/KPC1000145359.jpg?type=m260
안젤라 (1세대 페미니스트 안이희옥 연작소설 70년대부터 현재까지 역사가 된 일상의 기록) ,https://comicthumb-phinf.pstatic.net/20211231_182/pocket_16409116767954XFOz_JPEG/kyobo3368926178709912495l9788932921402.jpg?type=m260
포르투갈의 높은 산 (얀 마텔 장편소설) ,https://comicthumb-phinf.pstatic.net/20211124_57/pocket_16377135142305Ir8j_JPEG/kyobo8489183075486170916l9791160262469.jpg?type=m260
테스터 아이 ,https://comicthumb-phinf.pstatic.net/20220323_199/pocket_1647994224333GNLNt_JPEG/kyobo5370719482050087046l9791165344306.jpg?type=m260
혁명 (이윤영 동학농민혁명 장편소설) ,https://comicthumb-phinf.pstatic.net/20220919_20/pocket_1663595464633i93DA_JPEG/KPC1000145324.jpg?type=m260
비둘기에게 미소를 (이경 소설) ,https://comicthumb-phinf.pstatic.net/20220919_234/pocket_1663595076724a1gQ9_JPEG/KPC1000145316.jpg?type=m260
듄 6 (듄의 신전) ,https://comicthumb-phinf.pstatic.net/20211103_278/pocket_1635930225492e1Cid_JPEG/9791158882020_%28%C0%E7%29%B5%E16%B1%C7%28%B5%E1%C0%C7%BD%C5%C0%FC%29_v0.jpg?type=m260
듄 5 (듄의 이단자들) ,https://comicthumb-phinf.pstatic.net/20211103_286/pocket_1635930050345wz3Ku_JPEG/9791158882013_%28%C0%E7%29%B5%E15%B1%C7%28%B5%E1%C0%C7%C0%CC%B4%DC%C0%DA%B5%E9%29_v0.jpg?type=m260
듄 4 (듄의 신황제) ,https://comicthumb-phinf.pstatic.net/20211103_271/pocket_16359298068360rDEa_JPEG/9791158887575_%28%C0%E7%29%B5%E14%B1%C7%28%B5%E1%C0%C7_%BD%C5%C8%B2%C1%A6%29_v0.jpg?type=m260
"듄 3 (CHILDREN OF DUNE,듄의 아이들) ",https://comicthumb-phinf.pstatic.net/20211103_228/pocket_16359295979809ipri_JPEG/9791158881993_%28%C0%E7%29%B5%E13%B1%C7%28%B5%E1%C0%C7_%BE%C6%C0%CC%B5%E9%29_v0.jpg?type=m260
별들 사이에 비밀이 있어 (암흑 물질을 밝혀낸 베라 루빈 이야기) ,https://comicthumb-phinf.pstatic.net/20220503_142/pocket_1651539754377LsN6l_JPEG/kyobo7284243739904933707l9791197358104.jpg?type=m260
"양귀비 전쟁 2 (출루 코리크,The Poppy War) ",https://comicthumb-phinf.pstatic.net/20211123_222/pocket_1637627083065AqDrP_JPEG/kyobo2311009458626318426l9791166686405.jpg?type=m260
침대에서 담배를 피우는 것은 위험하다 (Los peligros de fumar en la cama / The Dangers of Smoking in Bed) ,https://comicthumb-phinf.pstatic.net/20211123_72/pocket_1637627427490ju1iR_JPEG/kyobo4096593303492212204l480D211120370.jpg?type=m260
네 번의 노크 (케이시 장편소설) ,https://comicthumb-phinf.pstatic.net/20211123_43/pocket_1637628963099Eed5g_JPEG/kyobo4539028839195363231l9791191056136.jpg?type=m260
이상한 어른들 (부순영 장편소설) ,https://comicthumb-phinf.pstatic.net/20211123_242/pocket_16376290432984Mjb8_JPEG/kyobo3410208623318670489l9791196877279.jpg?type=m260
내 이름은 김다혜 ,https://comicthumb-phinf.pstatic.net/20211120_6/pocket_1637368415313xPDD7_JPEG/kyobo6113096630026839435l9791138802574.jpg?type=m260
모범생의 생존법 (황영미 장편소설) ,https://comicthumb-phinf.pstatic.net/20220919_136/pocket_16635952834274SPIF_JPEG/KPC1000145148.jpg?type=m260
너를 닮은 사람 (정소현 소설집) ,https://comicthumb-phinf.pstatic.net/20220919_29/pocket_1663595275493Kl9dU_JPEG/KPC1000144685.jpg?type=m260
오르배 섬 사람들이 만든 지도책 3 (붉은 강 나라에서 지조틀인의 나라까지) ,https://comicthumb-phinf.pstatic.net/20211119_104/pocket_1637281060766Qwkir_JPEG/kyobo9182975374378574831l9791160201628.jpg?type=m260
오르배 섬 사람들이 만든 지도책 2 (비취 나라에서 키눅타섬까지) ,https://comicthumb-phinf.pstatic.net/20211119_113/pocket_1637281109620W8shi_JPEG/kyobo540512871887670231l9791160201611.jpg?type=m260
오르배 섬 사람들이 만든 지도책 1 (아마존의 나라에서 인디고섬까지) ,https://comicthumb-phinf.pstatic.net/20211119_288/pocket_1637281019558WsI8A_JPEG/kyobo2193087402226045036l9791160201604.jpg?type=m260
어느 날 몸 밖으로 나간 여자는 (화이의 이야기) ,https://comicthumb-phinf.pstatic.net/20211119_131/pocket_1637281455798YfeuR_JPEG/kyobo4433657492409115181l9788931022360.jpg?type=m260
그 남자의 집으로 들어갔다 (지성의 이야기) ,https://comicthumb-phinf.pstatic.net/20211119_128/pocket_1637281746467Pocnc_JPEG/kyobo3668848955191228805l9788931022377.jpg?type=m260
채만식을 읽다 ,https://comicthumb-phinf.pstatic.net/20211119_61/pocket_1637282919050KntAb_JPEG/kyobo2986679029155827857l9791160806717.jpg?type=m260
기적 불 때 (외) ,https://comicthumb-phinf.pstatic.net/20211119_71/pocket_1637283615259o1FNG_JPEG/upaper8078370327406707523U1147042.jpg?type=m260
라스트 듀얼 (최후의 결투) ,https://comicthumb-phinf.pstatic.net/20211119_3/pocket_1637283660711pHGML_JPEG/kyobo829506733284300875l480D211120310.jpg?type=m260
"쾌 (미쓰다 신조, 쉐시쓰, 예터우쯔, 샤오샹선, 찬호께이 소설집) ",https://comicthumb-phinf.pstatic.net/20220919_63/pocket_1663595347096wJlYL_JPEG/KPC1000145152.jpg?type=m260
나의 신 (아시자와 요 연작 단편소설) ,https://comicthumb-phinf.pstatic.net/20220919_138/pocket_16635951424707Njpf_JPEG/KPC1000144642.jpg?type=m260
유령의 벽 (Ghost Wall) ,https://comicthumb-phinf.pstatic.net/20211118_112/pocket_1637195774997M1UAc_JPEG/kyobo8805613993806410480l9791189336370.jpg?type=m260
홍합 (개정판) ,https://comicthumb-phinf.pstatic.net/20211118_272/pocket_1637195829046tqJTe_JPEG/kyobo1265067735511944242l9791160406313.jpg?type=m260
검은 모자를 쓴 여자 ,https://comicthumb-phinf.pstatic.net/20211118_113/pocket_1637197259342I3K8p_JPEG/kyobo931727201802913036l9788954447553.jpg?type=m260
"다른 사람 (제22회 한겨레문학상 수상작, 개정판) ",https://comicthumb-phinf.pstatic.net/20211118_102/pocket_1637197872274evJSb_JPEG/kyobo3766578894185585105l9791160406122.jpg?type=m260
조선 요괴 추적기 (신설 장편소설) ,https://comicthumb-phinf.pstatic.net/20211118_239/pocket_1637198427911TpWYJ_JPEG/kyobo6978318899998872305l9788954447652.jpg?type=m260
할렘 셔플 (콜슨 화이트헤드 장편소설) ,https://comicthumb-phinf.pstatic.net/20220919_141/pocket_1663595272114fz2FF_JPEG/KPC1000144652.jpg?type=m260
하우스 오브 구찌 (The House of GUCCI) ,https://comicthumb-phinf.pstatic.net/20220919_59/pocket_1663595045717wyPP5_JPEG/KPC1000145115.jpg?type=m260
시인 (개정판) ,https://comicthumb-phinf.pstatic.net/20211117_222/pocket_1637109689181ytzCF_JPEG/kyobo4311353585322456079l9788925579818.jpg?type=m260
태평양 횡단 특급 ,https://comicthumb-phinf.pstatic.net/20220919_237/pocket_1663595064963i29S1_JPEG/KPC1000145048.jpg?type=m260
세번째 호텔 (The Third Hotel) ,https://comicthumb-phinf.pstatic.net/20220919_128/pocket_1663595093441t9LbV_JPEG/KPC1000145076.jpg?type=m260
기린이 아닌 모든 것 ,https://comicthumb-phinf.pstatic.net/20220919_241/pocket_1663595474353UyLiQ_JPEG/KPC1000145046.jpg?type=m260
콘크리트의 섬 (Concrete Island(1974)) ,https://comicthumb-phinf.pstatic.net/20211116_14/pocket_1637023054317W1Tns_JPEG/kyobo7915077384104340787l9791190885867.jpg?type=m260
10호실 (잭 리처 컬렉션) ,https://comicthumb-phinf.pstatic.net/20211116_69/pocket_1637023290897cfyGn_JPEG/kyobo1697426436097548046l9791188285938.jpg?type=m260
"양귀비 전쟁 1 (시네가드,The Poppy War) ",https://comicthumb-phinf.pstatic.net/20211116_168/pocket_1637023409247o9o9G_JPEG/kyobo7604274589435508255l9791166686351.jpg?type=m260
"노인과 바다 (최신 버전으로 새롭게 편집한 명작의 백미, 사자의 심장을 가져라!) ",https://comicthumb-phinf.pstatic.net/20211116_281/pocket_16370235704048DWiz_JPEG/kyobo9153723893798884415l9791157956173.jpg?type=m260
"이방인 (최신 버전으로 새롭게 편집한 명작의 백미, 죽음에 맞서는 진실에 대한 열정!) ",https://comicthumb-phinf.pstatic.net/20211116_134/pocket_1637023647860d5pir_JPEG/kyobo546728959039488745l9791157956180.jpg?type=m260
나의 잠과는 무관하게 (강성은 소설) ,https://comicthumb-phinf.pstatic.net/20220919_206/pocket_1663595665844gztsu_JPEG/KPC1000145042.jpg?type=m260
작은 것들의 신 (세계문학전집 135) ,https://comicthumb-phinf.pstatic.net/20220919_218/pocket_1663595639395vneUo_JPEG/KPC1000145043.jpg?type=m260
이 계절의 당신 (라온 소설) ,https://comicthumb-phinf.pstatic.net/20211113_45/pocket_1636763386119HJS1L_JPEG/kyobo4240305682100107794l9791167470089.jpg?type=m260
폴린 (낭만주의 시대를 물들인 프리마돈나의 사랑) ,https://comicthumb-phinf.pstatic.net/20211113_82/pocket_1636764226340RIbRG_JPEG/kyobo3675081068344569130l9791190052672.jpg?type=m260
잠중록 외전 (簪中錄番外篇) ,https://comicthumb-phinf.pstatic.net/20211115_259/pocket_16369423497460XTrJ_JPEG/%C0%E1%C1%DF%B7%CF_%BF%DC%C0%FC%28280-415%29.jpg?type=m260
어둠이 돌아오라 부를 때 (Some Choose Darkness) ,https://comicthumb-phinf.pstatic.net/20220919_108/pocket_1663595138486NdvkC_JPEG/KPC1000145010.jpg?type=m260
불의 날개와 잃어버린 후계자 하 (불의 날개 2) ,https://comicthumb-phinf.pstatic.net/20220919_148/pocket_1663595263134hp4ni_JPEG/KPC1000145001.jpg?type=m260
불의 날개와 잃어버린 후계자 상 (불의 날개 2) ,https://comicthumb-phinf.pstatic.net/20220919_50/pocket_1663595279286YGXLH_JPEG/KPC1000145000.jpg?type=m260
나인 (천선란 장편소설) ,https://comicthumb-phinf.pstatic.net/20221221_184/pocket_1671577267104vDQ1c_JPEG/kpc53001549939087511379788936492052.jpg?type=m260
빙글빙글 우주군 (배명훈 장편소설) ,https://comicthumb-phinf.pstatic.net/20211112_98/pocket_1636676535524CFapx_JPEG/kyobo1499834091473632179l9791196866761.jpg?type=m260
아임 워칭 유 (I AM WATCHING YOU) ,https://comicthumb-phinf.pstatic.net/20211111_96/pocket_1636590597452xeNe6_JPEG/kyobo1797131586381567622l9788947547642.jpg?type=m260
등대지기들 (에마 스토넥스 장편소설) ,https://comicthumb-phinf.pstatic.net/20211111_145/pocket_1636591980687rmAJa_JPEG/9791130678108.jpg?type=m260
루시 (저메이카 킨케이드 장편소설) ,https://comicthumb-phinf.pstatic.net/20220919_97/pocket_1663594960908zhXGD_JPEG/KPC1000144967.jpg?type=m260
퍼펙트 와이프 (JP 덜레이니 장편소설) ,https://comicthumb-phinf.pstatic.net/20220919_8/pocket_16635955037419sDaQ_JPEG/KPC1000144946.jpg?type=m260
아이 틴더 유 (정대건 소설) ,https://comicthumb-phinf.pstatic.net/20211110_72/pocket_16365029684060ENLU_JPEG/kyobo6039300048564432211l9788954447485.jpg?type=m260
"절대적인 행복의 시간, 3분 (조영주 장편소설) ",https://comicthumb-phinf.pstatic.net/20211110_152/pocket_1636505157987tR4h3_JPEG/kyobo7052240435848001594l9791189178505.jpg?type=m260
일주일 (최진영 소설) ,https://comicthumb-phinf.pstatic.net/20211110_6/pocket_1636506206958O6z6R_JPEG/kyobo1929067199399452781l9788954447546.jpg?type=m260
검은 사슴 ,https://comicthumb-phinf.pstatic.net/20220919_202/pocket_1663595215145E77EQ_JPEG/KPC1000104843.jpg?type=m260
은밀한 결정 (密やかな結晶) ,https://comicthumb-phinf.pstatic.net/20220919_163/pocket_1663595210800wDHKL_JPEG/KPC1000144917.jpg?type=m260
덜 익은 마음 (Red at the Bone) ,https://comicthumb-phinf.pstatic.net/20220919_147/pocket_1663595458688xjQIG_JPEG/KPC1000144920.jpg?type=m260
소문 (ウワサ) ,https://comicthumb-phinf.pstatic.net/20211109_68/pocket_1636416301746V9yX6_JPEG/kyobo2935556829249617354l9791191043419.jpg?type=m260
기담 룸 (하야미네 가오루 장편소설) ,https://comicthumb-phinf.pstatic.net/20211109_68/pocket_1636418071695RRkoM_JPEG/kyobo6623154927845667715l9791191043402.jpg?type=m260
"웃어라, 샤일록 (나카야마 시치리 장편소설) ",https://comicthumb-phinf.pstatic.net/20211109_66/pocket_1636418179434znQ0E_JPEG/kyobo886459115433971922l9791189571580.jpg?type=m260
연애시대 (戀愛時代) ,https://comicthumb-phinf.pstatic.net/20211109_186/pocket_1636418491082kGmRO_JPEG/kyobo8540571559267389923l9791191043365.jpg?type=m260
가짜 모범생 (손현주 장편소설) ,https://comicthumb-phinf.pstatic.net/20211106_264/pocket_1636157542254PKn8T_JPEG/kyobo4633736300363208680l9791167030313.jpg?type=m260
기차를 기다리는 소년 (La chica que coleccionaba sellos y el chico que esperaba un tren) ,https://comicthumb-phinf.pstatic.net/20211106_137/pocket_1636159254123CK7xS_JPEG/kyobo671085250569147353l9788963723792.jpg?type=m260
수레바퀴 아래서 ,https://comicthumb-phinf.pstatic.net/20220818_160/pocket_1660800656540Pha9m_JPEG/9788937493508_%BC%F6%B7%B9%B9%D9%C4%FB%BE%C6%B7%A1%BC%AD_v2.jpg?type=m260
"수레바퀴 아래서 (오리지널 초판본 표지디자인,최신 원전 완역본) ",https://comicthumb-phinf.pstatic.net/20220919_96/pocket_16635951920295SIQb_JPEG/KPC1000144873.jpg?type=m260
행성어 서점 (김초엽 짧은 소설) ,https://comicthumb-phinf.pstatic.net/20220919_175/pocket_1663595433807qW2rc_JPEG/KPC1000144855.jpg?type=m260
너의 이야기를 먹어 줄게 (고민 상담부 나의 괴물님) ,https://comicthumb-phinf.pstatic.net/20211105_256/pocket_1636070562017pO1na_JPEG/kyobo6171566197493871581l9788957079263.jpg?type=m260
일광유년 (옌롄커 장편소설) ,https://comicthumb-phinf.pstatic.net/20211105_267/pocket_1636070738729Jhfdw_JPEG/kyobo5253541549578609101l9788954447454.jpg?type=m260
의지와 증거 (비그디스 요르트 장편소설) ,https://comicthumb-phinf.pstatic.net/20211105_68/pocket_1636071319968w4XDN_JPEG/kyobo6536367450570885015l9791187886655.jpg?type=m260
"듄 2 (듄의 메시아,DUNE MESSIAH) ",https://comicthumb-phinf.pstatic.net/20211103_236/pocket_1635929160346qGKLh_JPEG/9791158881986_%28%C0%E7%29%B5%E12%B1%C7%28%B5%E1%C0%C7_%B8%DE%BD%C3%BE%C6%29_v0.jpg?type=m260
듄 1 (DUNE) ,https://comicthumb-phinf.pstatic.net/20211103_156/pocket_1635928825223muSiA_JPEG/9791158881979_%28%C0%E7%29%B5%E11%B1%C7%28%B5%E1%29_v0.jpg?type=m260
2021 김승옥문학상 수상작품집 ,https://comicthumb-phinf.pstatic.net/20220919_154/pocket_1663595190828jtuYd_JPEG/KPC1000144654.jpg?type=m260
성소년 (이희주 장편소설) ,https://comicthumb-phinf.pstatic.net/20220919_15/pocket_1663595310043hT6Mj_JPEG/KPC1000144688.jpg?type=m260
"바르네트 탐정 사무소 (아르센 뤼팽 전집 14,현대인을 위한 최신 원전 완역본) ",https://comicthumb-phinf.pstatic.net/20220919_232/pocket_1663595547699Gwvdq_JPEG/KPC1000144776.jpg?type=m260
"아르센 뤼팽의 고백 (아르센 뤼팽 전집 6, 최신 원전 완역본) ",https://comicthumb-phinf.pstatic.net/20220919_176/pocket_1663595558873exO3r_JPEG/KPC1000144766.jpg?type=m260
"여덟 번의 시계 종소리 (아르센 뤼팽 전집 11, 현대인을 위한 최신 원전 완역본) ",https://comicthumb-phinf.pstatic.net/20220919_295/pocket_1663595559264NvNBa_JPEG/KPC1000144772.jpg?type=m260
에드거 앨런 포 소설 전집 5 (모험 편) ,https://comicthumb-phinf.pstatic.net/20220919_98/pocket_1663595121546edD5B_JPEG/KPC1000144792.jpg?type=m260
에드거 앨런 포 소설 전집 4 (풍자 편) ,https://comicthumb-phinf.pstatic.net/20220919_195/pocket_1663595078213IlgWO_JPEG/KPC1000144791.jpg?type=m260
에드거 앨런 포 소설 전집 3 (환상 편) ,https://comicthumb-phinf.pstatic.net/20220919_43/pocket_1663595039332bo7E2_JPEG/KPC1000144790.jpg?type=m260
에드거 앨런 포 2 (공포 편) ,https://comicthumb-phinf.pstatic.net/20220919_202/pocket_1663595548899rByak_JPEG/KPC1000144789.jpg?type=m260
에드거 앨런 포 1 (미스터리 편) ,https://comicthumb-phinf.pstatic.net/20220919_1/pocket_1663595507824CWajQ_JPEG/KPC1000144788.jpg?type=m260
아르센 뤼팽의 수십억 달러 외 (아르센 뤼팽 전집 20) ,https://comicthumb-phinf.pstatic.net/20220919_36/pocket_16635948895113up2t_JPEG/KPC1000144782.jpg?type=m260
칼리오스트로 백작부인의 복수 (아르센 뤼팽 전집 19) ,https://comicthumb-phinf.pstatic.net/20220919_105/pocket_1663594964110p90k8_JPEG/KPC1000144781.jpg?type=m260
"사교계단속반 형사 빅토르 (아르센 뤼팽 전집 18,현대인을 위한 최신 원전 완역본) ",https://comicthumb-phinf.pstatic.net/20220919_226/pocket_1663595036275r8AGJ_JPEG/KPC1000144780.jpg?type=m260
두 미소를 지닌 여인 (아르센 뤼팽 전집 17) ,https://comicthumb-phinf.pstatic.net/20220919_165/pocket_1663595118588rGjPE_JPEG/KPC1000144779.jpg?type=m260
"바리바 외 (아르센 뤼팽 전집16,최신 원전 완역본) ",https://comicthumb-phinf.pstatic.net/20220919_7/pocket_1663595082654DW4RB_JPEG/KPC1000144778.jpg?type=m260
비밀의 저택 (현대인을 위한 최신 원전 완역본) ,https://comicthumb-phinf.pstatic.net/20220919_82/pocket_1663595509564koOG9_JPEG/KPC1000144777.jpg?type=m260
초록 눈동자의 아가씨 외 (아르센 뤼팽 전집 13) ,https://comicthumb-phinf.pstatic.net/20220919_118/pocket_1663595502850PAh9P_JPEG/KPC1000144775.jpg?type=m260
"칼리오스트로 백작부인 (아르센 뤼팽 전집 12, 현대인을 위한 최신 원전 완역본) ",https://comicthumb-phinf.pstatic.net/20220919_108/pocket_1663595610143snFuN_JPEG/KPC1000144773.jpg?type=m260
"호랑이 이빨 (아르센 뤼팽 전집 10, 최신 원전 완역본) ",https://comicthumb-phinf.pstatic.net/20220919_117/pocket_166359562438900g9q_JPEG/KPC1000144771.jpg?type=m260
"서른 개의 관 (아르센 뤼팽 전집 9, 최신 원전 완역본) ",https://comicthumb-phinf.pstatic.net/20220919_94/pocket_1663594894509apOWS_JPEG/KPC1000144769.jpg?type=m260
"황금 삼각형 (아르센 뤼팽 전집 8, 최신 원전 완역본) ",https://comicthumb-phinf.pstatic.net/20220919_53/pocket_1663594956788selHW_JPEG/KPC1000144768.jpg?type=m260
"포탄 파편 (아르센 뤼팽 전집 7, 최신 원전 완역본) ",https://comicthumb-phinf.pstatic.net/20220919_198/pocket_1663595611554VliIq_JPEG/KPC1000144767.jpg?type=m260
"수정마개 (아르센 뤼팽 전집 5, 최신 원전 완역본) ",https://comicthumb-phinf.pstatic.net/20220919_168/pocket_1663595676641uO0qM_JPEG/KPC1000144764.jpg?type=m260
"아르센 뤼팽 대 헐록 숌즈 (아르센 뤼팽 전집 2, 최신 원전 완역본) ",https://comicthumb-phinf.pstatic.net/20220919_88/pocket_16635956220471t3YE_JPEG/KPC1000144759.jpg?type=m260
"괴도신사 아르센 뤼팽 (아르센 뤼팽 전집 1, 최신 원전 완역본) ",https://comicthumb-phinf.pstatic.net/20220919_212/pocket_1663595679189sDHp5_JPEG/KPC1000144758.jpg?type=m260
1984 (코너스톤 세계문학 2) ,https://comicthumb-phinf.pstatic.net/20220919_89/pocket_1663595032324MsFDo_JPEG/KPC1000144743.jpg?type=m260
트랙을 도는 여자들(오늘의 젊은 문학 3) (차현지 소설) ,https://comicthumb-phinf.pstatic.net/20211104_156/pocket_16360023355266J6oD_JPEG/9791130678016.jpg?type=m260
소설 원효 (우리는 하나이며 오직 일심뿐이다) ,https://comicthumb-phinf.pstatic.net/20220919_3/pocket_1663595455729XHSl5_JPEG/KPC1000144713.jpg?type=m260
내일은 초인간 : 극장 밖의 히치 코크 (극장 밖의 히치 코크) ,https://comicthumb-phinf.pstatic.net/20211102_16/pocket_1635811247641VC9Y9_JPEG/kyobo7763715486835467002l9791196866754.jpg?type=m260
내일은 초인간 : 유니크크한 초능력자들 (유니크크한 초능력자들) ,https://comicthumb-phinf.pstatic.net/20211102_69/pocket_1635811262385jqNQR_JPEG/kyobo2345293533856354038l9791196866747.jpg?type=m260
지구 끝의 온실 (김초엽 장편소설) ,https://comicthumb-phinf.pstatic.net/20230120_270/pocket_1674173164263BETiR_JPEG/kyobo5535265855992904668l9791191824001.jpg?type=m260
조용만 단편집(초판본 한국소설문학선집) ,https://comicthumb-phinf.pstatic.net/20211102_13/pocket_1635817123903oeuyM_JPEG/kyobo4307123536829407559l9791128858833.jpg?type=m260
유령생활기록부 (나혁진 장편소설) ,https://comicthumb-phinf.pstatic.net/20211102_6/pocket_16358183517788hLm5_JPEG/kyobo8553514276592280128l9791189178482.jpg?type=m260
행복은 주름살이 없다 (LE BONHEUR N’A PAS DE RIDES) ,https://comicthumb-phinf.pstatic.net/20220919_92/pocket_1663595056923b7yt1_JPEG/KPC1000144633.jpg?type=m260
무국적자 (구소은 장편소설) ,https://comicthumb-phinf.pstatic.net/20220919_49/pocket_1663595097926aP6ms_JPEG/KPC1000144618.jpg?type=m260
파란 방 (구소은 장편소설) ,https://comicthumb-phinf.pstatic.net/20220919_149/pocket_1663595526986qoUNf_JPEG/KPC1000144617.jpg?type=m260
검은 모래 (제1회 제4·3평화문화상 수상작) ,https://comicthumb-phinf.pstatic.net/20220919_279/pocket_1663595484451p2MXe_JPEG/KPC1000144615.jpg?type=m260
집구석들 (Pot-Bouille) ,https://comicthumb-phinf.pstatic.net/20220919_14/pocket_1663595497549MvzyU_JPEG/KPC1000144577.jpg?type=m260
신의 화살 ,https://comicthumb-phinf.pstatic.net/20220819_190/pocket_1660897369405b3toV_JPEG/9788937495762_%BD%C5%C0%C7%C8%AD%BB%EC_v1.jpg?type=m260
더 이상 평안은 없다 ,https://comicthumb-phinf.pstatic.net/20220818_15/pocket_1660824929310SnR4g_JPEG/9788937495083_%B4%F5%C0%CC%BB%F3%C6%F2%BE%C8%C0%BA%BE%F8%B4%D9_v1.jpg?type=m260
아무도 대령에게 편지하지 않다 ,https://comicthumb-phinf.pstatic.net/20220822_8/pocket_166114526087424kf0_JPEG/9788937496585_%BE%C6%B9%AB%B5%B5%B4%EB%B7%C9%BF%A1%B0%D4%C6%ED%C1%F6%C7%CF%C1%F6%BE%CA%B4%D9_v1.jpg?type=m260
관리자들(오늘의 젊은 작가 32) (이혁진 장편소설) ,https://comicthumb-phinf.pstatic.net/20210915_72/pocket_16316931024741deuz_JPEG/9788937473722__v1.jpg?type=m260
나를 보내지 마 (Never Let Me Go) ,https://comicthumb-phinf.pstatic.net/20210915_136/pocket_1631693221684Fr8wC_JPEG/9788937444944__v1.jpg?type=m260
남아 있는 나날 (The Remains of the Day) ,https://comicthumb-phinf.pstatic.net/20210915_83/pocket_1631693401271G1Idf_JPEG/9788937444937__v1.jpg?type=m260
녹턴 (Nocturnes) ,https://comicthumb-phinf.pstatic.net/20210915_131/pocket_1631693503195S1wQi_JPEG/9788937444951__v1.jpg?type=m260
열쇠 구멍으로 엿보는 소년 ,https://comicthumb-phinf.pstatic.net/20210915_251/pocket_1631693738238VUbQU_JPEG/9788937413742__v1.jpg?type=m260
도서관 런웨이 (윤고은 장편소설) ,https://comicthumb-phinf.pstatic.net/20211030_225/pocket_1635552840755dMmyp_JPEG/kyobo997860742030875504l9791167900296.jpg?type=m260
여정 (이시찬 장편소설) ,https://comicthumb-phinf.pstatic.net/20211030_158/pocket_1635554389185q8EAB_JPEG/kyobo1599777904351596373l9791138801744.jpg?type=m260
선릉 산책 (정용준 소설) ,https://comicthumb-phinf.pstatic.net/20220919_162/pocket_1663595085706pJy4C_JPEG/KPC1000144591.jpg?type=m260
포커 플레이어 그녀 ,https://comicthumb-phinf.pstatic.net/20211029_126/pocket_1635489854558zcoyV_JPEG/%C6%F7%C4%BF_%C7%C3%B7%B9%C0%CC%BE%EE_%B1%D7%B3%E0.jpg?type=m260
우나의 고장난 시간 (Oona Out of Order) ,https://comicthumb-phinf.pstatic.net/20211029_102/pocket_1635466732636OIoNy_JPEG/kyobo145707326002670036l9791188053841.jpg?type=m260
무진시 야구장 사람들 (무진 야구장에서의 1년) ,https://comicthumb-phinf.pstatic.net/20211029_115/pocket_1635467428296uXxzw_JPEG/kyobo5255986444302875454l9791190489409.jpg?type=m260
현덕 단편집 ,https://comicthumb-phinf.pstatic.net/20211029_151/pocket_16354695349915FhOU_JPEG/kyobo2426068180014332210l9791128858710.jpg?type=m260
식도락 - 여름 (食道樂 夏の卷) ,https://comicthumb-phinf.pstatic.net/20211029_6/pocket_1635469989503AjoX0_JPEG/kyobo4540392459221612147l9791128858055.jpg?type=m260
"선데이, 블러디 선데이 (치열하고 찬란했던 그날) ",https://comicthumb-phinf.pstatic.net/20211029_15/pocket_1635470462528w9QHc_JPEG/kyobo8742080363834240285l9788955478082.jpg?type=m260
대위의 딸 (Капитанская дочка) ,https://comicthumb-phinf.pstatic.net/20211029_171/pocket_1635470820934V60Wr_JPEG/kyobo3962527399090553265l9791128857515.jpg?type=m260
한국단편소설 2 ,https://comicthumb-phinf.pstatic.net/20211028_245/pocket_1635386426946aQdtV_JPEG/kyobo7833091642860121014l9791196714932.jpg?type=m260
한국단편소설 1 (그냥 읽는 한국문학) ,https://comicthumb-phinf.pstatic.net/20211028_205/pocket_16353898876410GNNC_JPEG/kyobo6062526797887317283l9791196714918.jpg?type=m260
내 첫사랑은 가상 아이돌 (윤여경 장편소설) ,https://comicthumb-phinf.pstatic.net/20211027_171/pocket_1635294063004v3KmR_JPEG/kyobo3744981542888051098l9788957079270.jpg?type=m260
릴리언의 정원 ,https://comicthumb-phinf.pstatic.net/20211027_72/pocket_1635295074431lwiyA_JPEG/kyobo6174186338973862038l9791191347449.jpg?type=m260
사라진 도플갱어 ,https://comicthumb-phinf.pstatic.net/20211027_242/pocket_1635295094348kInO2_JPEG/kyobo2313105748264173327l480D211035030.jpg?type=m260
날개 (이상단편선집) ,https://comicthumb-phinf.pstatic.net/20211027_169/pocket_1635295224468xf7wK_JPEG/kyobo2508039284933109376l9791187058649.jpg?type=m260
얼굴 없는 살인자 (유리열쇠상 수상작ㆍ스웨덴 범죄소설상 수상작) ,https://comicthumb-phinf.pstatic.net/20211027_101/pocket_1635295287743jRDlf_JPEG/kyobo1303880808314288629l9791185190488.jpg?type=m260
변경 12 (이문열 대하소설) ,https://comicthumb-phinf.pstatic.net/20211026_285/pocket_16352068925982Dj3W_JPEG/kyobo6561007501588064313l9788925579771.jpg?type=m260
변경 11 (이문열 대하소설) ,https://comicthumb-phinf.pstatic.net/20211026_168/pocket_1635206708923KnO2z_JPEG/kyobo6709180534942753296l9788925579764.jpg?type=m260
변경 10 (이문열 대하소설) ,https://comicthumb-phinf.pstatic.net/20211026_142/pocket_1635206974362nDYus_JPEG/kyobo6120565310690299802l9788925579757.jpg?type=m260
변경 9 (이문열 대하소설) ,https://comicthumb-phinf.pstatic.net/20211026_105/pocket_1635207013956dXHYW_JPEG/kyobo8706991456893536199l9788925579740.jpg?type=m260
변경 8 (이문열 대하소설) ,https://comicthumb-phinf.pstatic.net/20211026_71/pocket_1635206683167jlYav_JPEG/kyobo5580595445482524930l9788925579733.jpg?type=m260
변경 7 (이문열 대하소설) ,https://comicthumb-phinf.pstatic.net/20211026_278/pocket_1635207141366oAfla_JPEG/kyobo298821889549215871l9788925579726.jpg?type=m260
변경 6 (이문열 대하소설) ,https://comicthumb-phinf.pstatic.net/20211026_284/pocket_163520694240540EaJ_JPEG/kyobo957942828608095063l9788925579719.jpg?type=m260
변경 5 (이문열 대하소설) ,https://comicthumb-phinf.pstatic.net/20211026_216/pocket_1635206829528SJ3bM_JPEG/kyobo1852678922726538649l9788925579702.jpg?type=m260
변경 4 (이문열 대하소설) ,https://comicthumb-phinf.pstatic.net/20211026_155/pocket_1635206806853hqCC6_JPEG/kyobo6282469804946048254l9788925579696.jpg?type=m260
변경 3 (이문열 대하소설) ,https://comicthumb-phinf.pstatic.net/20211026_132/pocket_16352070906131iKeS_JPEG/kyobo8159876402607737770l9788925579689.jpg?type=m260
변경 2 (이문열 대하소설) ,https://comicthumb-phinf.pstatic.net/20211026_105/pocket_1635206747814pGKbY_JPEG/kyobo3923535685331038395l9788925579672.jpg?type=m260
변경 1 (이문열 대하소설) ,https://comicthumb-phinf.pstatic.net/20211026_153/pocket_1635207044329EtMJ8_JPEG/kyobo3571160093139057316l9788925579665.jpg?type=m260
재능의 불시착 (박소연 소설집) ,https://comicthumb-phinf.pstatic.net/20211026_7/pocket_1635209043259mKWLf_JPEG/kyobo2882277638771104443l9788925579283.jpg?type=m260
꿈꾸는 자의 나성 (윤흥길 대표중단편선) ,https://comicthumb-phinf.pstatic.net/20220919_217/pocket_1663595344779YSG24_JPEG/KPC1000144502.jpg?type=m260
무자년의 가을 사흘 (서정인 대표중단편선) ,https://comicthumb-phinf.pstatic.net/20220919_56/pocket_1663595369406UPDAx_JPEG/KPC1000144503.jpg?type=m260
나는 너무 멀리 왔을까 (강석경 대표중단편선) ,https://comicthumb-phinf.pstatic.net/20220919_292/pocket_1663595300562wgyrN_JPEG/KPC1000144501.jpg?type=m260
초록빛 모자 (김채원 대표중단편선) ,https://comicthumb-phinf.pstatic.net/20220919_97/pocket_16635954072994P8AP_JPEG/KPC1000144499.jpg?type=m260
달에 홀린 광대 (정영문 장편소설) ,https://comicthumb-phinf.pstatic.net/20220919_293/pocket_1663595262152VNxAi_JPEG/KPC1000144492.jpg?type=m260
소설 베를린 아리랑 ,https://comicthumb-phinf.pstatic.net/20211023_178/pocket_1634950494962Ft49N_JPEG/kyobo4610780435013516307l9791138801591.jpg?type=m260
"시리, 나는 누구지? (샘 치타 장편소설) ",https://comicthumb-phinf.pstatic.net/20211025_300/pocket_1635140987038Nz4wJ_JPEG/%BD%C3%B8%AE%2C_%B3%AA%B4%C2_%B4%A9%B1%B8%C1%F6.jpg?type=m260
마이 선샤인 어웨이 (My Sunshine Away) ,https://comicthumb-phinf.pstatic.net/20211022_109/pocket_1634861110415J6c0S_JPEG/kyobo1812520456197915956l9791160262438.jpg?type=m260
편리한 진실 (희망에 대한 오래된 노이즈) ,https://comicthumb-phinf.pstatic.net/20211022_229/pocket_1634861445449KTA0T_JPEG/kyobo910345856630220979l9791191459111.jpg?type=m260
도시와 개들 (La ciudad y los perros) ,https://comicthumb-phinf.pstatic.net/20220919_57/pocket_1663595593859KA4SD_JPEG/KPC1000144411.jpg?type=m260
오해가 없는 완벽한 세상 (최정화 짧은 소설) ,https://comicthumb-phinf.pstatic.net/20220919_226/pocket_1663595473000d12Ym_JPEG/KPC1000144416.jpg?type=m260
세상이 멈추면 나는 요가를 한다 ,https://comicthumb-phinf.pstatic.net/20220919_82/pocket_1663595331757Vi1TN_JPEG/KPC1000144058.jpg?type=m260
제인 오스틴 소사이어티 (내털리 제너 장편소설) ,https://comicthumb-phinf.pstatic.net/20220919_2/pocket_166359537738046M7B_JPEG/KPC1000143903.jpg?type=m260
방금 떠나온 세계 (김초엽 소설집) ,https://comicthumb-phinf.pstatic.net/20211021_93/pocket_1634774506601WR9II_JPEG/kyobo8696848906937918262l480D211025130.jpg?type=m260
형사 부스지마 최후의 사건 (나카야마 시치리 소설) ,https://comicthumb-phinf.pstatic.net/20220919_186/pocket_16635951102643AFEL_JPEG/KPC1000144382.jpg?type=m260
보이지 않는 친구 2 (Imaginary Friend) ,https://comicthumb-phinf.pstatic.net/20220919_242/pocket_1663595067024jLCBM_JPEG/KPC1000144381.jpg?type=m260
보이지 않는 친구 1 (Imaginary Friend) ,https://comicthumb-phinf.pstatic.net/20220919_97/pocket_1663594916599JmsPB_JPEG/KPC1000144379.jpg?type=m260
킹덤 (THE KINGDOM (KONGERIKET)) ,https://comicthumb-phinf.pstatic.net/20220919_274/pocket_16635950541101DXbF_JPEG/KPC1000144196.jpg?type=m260
"이만큼 가까이 (제7회 창비장편소설상 수상작, 개정판) ",https://comicthumb-phinf.pstatic.net/20220919_115/pocket_1663594982635B61aq_JPEG/KPC1000144385.jpg?type=m260
"피프티 피플 (2017년 제50회 한국일보문학상 수상작, 개정판) ",https://comicthumb-phinf.pstatic.net/20220919_138/pocket_1663595049774FAP0R_JPEG/KPC1000144380.jpg?type=m260
"아무도 편지하지 않다 (제14회 문학동네작가상 수상작, 장은진 장편소설) ",https://comicthumb-phinf.pstatic.net/20220919_53/pocket_16635950932276K1Rv_JPEG/KPC1000144368.jpg?type=m260
너의 바다가 되어 ,https://comicthumb-phinf.pstatic.net/20211019_54/pocket_1634603458668euTc3_JPEG/kyobo1239832808077894858l9791168011267.jpg?type=m260
"꽃 달고 살아남기 (최영희 장편소설,제8회 창비청소년문학상 수상작) ",https://comicthumb-phinf.pstatic.net/20220919_179/pocket_1663595490938K2X3y_JPEG/KPC1000144371.jpg?type=m260
멋진 한세상 ,https://comicthumb-phinf.pstatic.net/20220919_297/pocket_16635954738162bIsa_JPEG/KPC1000144370.JPG?type=m260
데어 데어 (There There) ,https://comicthumb-phinf.pstatic.net/20220919_93/pocket_1663595258816rpNkc_JPEG/KPC1000144257.jpg?type=m260
세 명의 삶 \ Q. E. D. ,https://comicthumb-phinf.pstatic.net/20211016_5/pocket_1634343774032Q1bl1_JPEG/kyobo863531496051178634l9791196438159.jpg?type=m260
팔꿈치를 주세요 ,https://comicthumb-phinf.pstatic.net/20220428_92/pocket_1651105947443kXxWn_JPEG/kyobo5888341995554977933l9791196438197.jpg?type=m260
"트라이앵글 (남이 부러웠고, 남이 되었다) ",https://comicthumb-phinf.pstatic.net/20211016_166/pocket_1634346852132UTS0g_JPEG/kyobo9009658416672051092l9791138801393.jpg?type=m260
국궁 (제1회 무예소설문학상 최우수상 수상작) ,https://comicthumb-phinf.pstatic.net/20211016_90/pocket_1634347770588FN2mg_JPEG/kyobo981092494223610520l9791138801300.jpg?type=m260
수다쟁이 조가 말했다 (이동원 장편소설) ,https://comicthumb-phinf.pstatic.net/20211016_49/pocket_1634338831979bxqfR_JPEG/kpc_etc56931431131801458379788954629560.jpg?type=m260
아내가 결혼했다 (박현욱 장편소설) ,https://comicthumb-phinf.pstatic.net/20211015_139/pocket_1634252401623hVCLy_JPEG/kpc_etc64522897481602343419788954630351.jpg?type=m260
옥토 (규영 장편소설) ,https://comicthumb-phinf.pstatic.net/20220919_270/pocket_1663595477199bBTgh_JPEG/KPC1000144199.jpg?type=m260
수호지 10 (적막강산) ,https://comicthumb-phinf.pstatic.net/20211014_154/pocket_16341698229390qvqr_JPEG/kyobo707401077200915289l9788976044860.jpg?type=m260
수호지 9 (대망웅비) ,https://comicthumb-phinf.pstatic.net/20211014_235/pocket_1634169802661oXqKP_JPEG/kyobo7774169260819178396l9788976044853.jpg?type=m260
수호지 8 (금의환향) ,https://comicthumb-phinf.pstatic.net/20211014_250/pocket_1634169788705145Sp_JPEG/kyobo5773051711455224975l9788976044846.jpg?type=m260
수호지 7 (용호상박) ,https://comicthumb-phinf.pstatic.net/20211014_297/pocket_16341696909063SwGq_JPEG/kyobo173012705786619463l9788976044839.jpg?type=m260
수호지 6 (설욕복수) ,https://comicthumb-phinf.pstatic.net/20211014_279/pocket_1634169666457tKCqz_JPEG/kyobo1051697485009122497l9788976044822.jpg?type=m260
수호지 5 (백팔영웅) ,https://comicthumb-phinf.pstatic.net/20211014_96/pocket_1634169726009aGbHQ_JPEG/kyobo4229332136329135876l9788976044815.jpg?type=m260
수호지 4 (도술대결) ,https://comicthumb-phinf.pstatic.net/20211014_18/pocket_1634169759547jqh1q_JPEG/kyobo1071008558812160628l9788976044808.jpg?type=m260
수호지 3 (천우신조) ,https://comicthumb-phinf.pstatic.net/20211014_271/pocket_1634169850946leDvS_JPEG/kyobo9003651386499003636l9788976044792.jpg?type=m260
수호지 2 (호색변란) ,https://comicthumb-phinf.pstatic.net/20211014_257/pocket_1634169645379OIM87_JPEG/kyobo5219196113023758934l9788976044785.jpg?type=m260
수호지 1 (호걸집결) ,https://comicthumb-phinf.pstatic.net/20211014_27/pocket_16341697427134k8gp_JPEG/kyobo4944767445009901800l9788976044778.jpg?type=m260
금요일의 괴담회 (전건우 공포 괴담집) ,https://comicthumb-phinf.pstatic.net/20211014_174/pocket_1634172363093OnK80_JPEG/kyobo2915718261743092550l9788967995812.jpg?type=m260
N분의 1은 비밀로 (금성준 장편소설) ,https://comicthumb-phinf.pstatic.net/20220919_12/pocket_1663595645993myvxg_JPEG/KPC1000143817.jpg?type=m260
불안을 담은 캐리어 ,https://comicthumb-phinf.pstatic.net/20211013_273/pocket_1634083399073MeKG7_JPEG/kyobo4886311027316245006l9791197007057.jpg?type=m260
텔레니 ,https://comicthumb-phinf.pstatic.net/20211013_57/pocket_1634084220657lVMlH_JPEG/kyobo2707466026566615501l9791196283216.jpg?type=m260
인생은 언제나 무너지기 일보 직전 ,https://comicthumb-phinf.pstatic.net/20211013_9/pocket_1634084386523oNyLA_JPEG/kyobo8952655155441089967l9791196438135.jpg?type=m260
언니밖에 없네 ,https://comicthumb-phinf.pstatic.net/20211013_20/pocket_1634084506871wOlIV_JPEG/kyobo6762016136637216864l9791196438142.jpg?type=m260
외계인 게임 ,https://comicthumb-phinf.pstatic.net/20220323_228/pocket_1647997367072kjk4c_JPEG/kyobo447106360457787085l9791165343590.jpg?type=m260
아무것도 없다 (카르멘 라포렛 탄생 100주년 기념판) ,https://comicthumb-phinf.pstatic.net/20211009_1/pocket_1633738108261zdGH9_JPEG/kyobo3902101443174511256l9788931022209.jpg?type=m260
팀플레이 (조우리 소설) ,https://comicthumb-phinf.pstatic.net/20211009_93/pocket_1633739062467ms5d3_JPEG/kyobo2275675361003272643l9788954447300.jpg?type=m260
파리 마카롱 수수께끼 ,https://comicthumb-phinf.pstatic.net/20220919_205/pocket_1663595398251PQyz5_JPEG/KPC1000144102.jpg?type=m260
장군어미귀향가 (오동명 소설) ,https://comicthumb-phinf.pstatic.net/20220919_246/pocket_1663595312185kSptx_JPEG/KPC1000144111.jpg?type=m260
소원이 성취되는 정원 (나는 정신과병원의 사진사) ,https://comicthumb-phinf.pstatic.net/20220919_279/pocket_1663595317133qY5qp_JPEG/KPC1000144110.jpg?type=m260
에이전트 러너 (Agent running in the field) ,https://comicthumb-phinf.pstatic.net/20211008_113/pocket_1633651515568YnVaL_JPEG/kyobo861634072461090198l9788925579658.jpg?type=m260
하멜른의 유괴마 (나카야마 시치리 장편소설) ,https://comicthumb-phinf.pstatic.net/20211008_112/pocket_1633652614664BJYyd_JPEG/kyobo8543036708054136631l9791189571566.jpg?type=m260
코 (니콜라이 고골 단편선) ,https://comicthumb-phinf.pstatic.net/20211019_101/pocket_1634603623309CnCgT_JPEG/kyobo3957012774181903282l9791190473637.jpg?type=m260
아름답다 추하다 당신의 친구 (うるはしみにくしあなたのともだち) ,https://comicthumb-phinf.pstatic.net/20220919_47/pocket_16635950768780E63p_JPEG/KPC1000144008.jpg?type=m260
연금술사 ,https://comicthumb-phinf.pstatic.net/20211007_56/pocket_1633561223093EnyWu_JPEG/kpc_etc83336329404338523399788954631112.jpg?type=m260
사내들만의 미학 (개정판) ,https://comicthumb-phinf.pstatic.net/20211006_32/pocket_1633482236001JYsq5_JPEG/kyobo6808884334621428715l9791191433074.jpg?type=m260
그녀를 만나다 (정보라 소설집) ,https://comicthumb-phinf.pstatic.net/20211006_52/pocket_1633483135803cCxlt_JPEG/kyobo1188404785289758437l9791166686214.jpg?type=m260
증발: 도깨비불 (민려 장편소설) ,https://comicthumb-phinf.pstatic.net/20211006_88/pocket_1633484318456Q0yJa_JPEG/kyobo3436561153460567577l9791186572702.jpg?type=m260
나나 (이희영 장편소설) ,https://comicthumb-phinf.pstatic.net/20220919_219/pocket_1663595677675zTdpg_JPEG/KPC1000144016.jpg?type=m260
잔잔한 파도에 빠지다 (아오바 유 장편소설) ,https://comicthumb-phinf.pstatic.net/20211001_52/pocket_1633047148931vwNs7_JPEG/kyobo1869199958469489316l9791191560015.jpg?type=m260
1984 ,https://comicthumb-phinf.pstatic.net/20220818_214/pocket_16608020589063PGs9_JPEG/9788937493775_1984_v2.jpg?type=m260
기괴한 레스토랑. 1: 정원사의 선물 ,https://comicthumb-phinf.pstatic.net/20220323_150/pocket_1647995489689TLUpg_JPEG/kyobo592739839044816042l9791165344092.jpg?type=m260
노인과 바다 (The Old Man and the Sea) ,https://comicthumb-phinf.pstatic.net/20211001_265/pocket_1633049735192C4f3a_JPEG/kyobo306393594555530323l9791128857843.jpg?type=m260
파괴자들 ,https://comicthumb-phinf.pstatic.net/20211001_233/pocket_1633065544231Sj7KV_JPEG/9791130639987.jpg?type=m260
호러북클럽이 뱀파이어를 처단하는 방식 (The Southern Book Club’s Guide To Slaying Vampires) ,https://comicthumb-phinf.pstatic.net/20220919_127/pocket_1663595418493pPGJ9_JPEG/KPC1000143916.jpg?type=m260
차문디 언덕에서 우리는 ,https://comicthumb-phinf.pstatic.net/20220919_77/pocket_1663595561015jXKjU_JPEG/KPC1000143592.jpg?type=m260
내가 좋아하는 사람이 나를 좋아하는 ,https://comicthumb-phinf.pstatic.net/20220919_203/pocket_16635955362676jwR4_JPEG/KPC1000143804.jpg?type=m260
너의 유니버스 ,https://comicthumb-phinf.pstatic.net/20220919_1/pocket_16635954763832dmlI_JPEG/KPC1000143806.jpg?type=m260
단명소녀 투쟁기 (1회 박지리문학상 수상작) ,https://comicthumb-phinf.pstatic.net/20220919_44/pocket_1663595062699tJWAY_JPEG/KPC1000143808.jpg?type=m260
너에 대한 두근거리는 예언 (류잉 장편소설) ,https://comicthumb-phinf.pstatic.net/20210930_268/pocket_1632965044428o4MKc_JPEG/___%28280-415%29.jpg?type=m260
어부들 (치고지에 오비오마 장편소설) ,https://comicthumb-phinf.pstatic.net/20220919_262/pocket_1663595673579yoouv_JPEG/KPC1000143547.jpg?type=m260
작별하지 않는다 (한강 장편소설) ,https://comicthumb-phinf.pstatic.net/20220919_152/pocket_16635953624313E45t_JPEG/KPC1000143867.jpg?type=m260
2012 제3회 젊은작가상 수상작품집 ,https://comicthumb-phinf.pstatic.net/20210929_114/pocket_1632870068966fIK4q_JPEG/kpc_etc18022278955395359709788954629683.jpg?type=m260
완벽한 여자 (민카 켄트 장편소설) ,https://comicthumb-phinf.pstatic.net/20220919_55/pocket_1663595134109SXnUW_JPEG/KPC1000142780.jpg?type=m260
톨스타야 단편집 ,https://comicthumb-phinf.pstatic.net/20210929_109/pocket_16328737865939pa6q_JPEG/kyobo1475532004149924713l9791128857997.jpg?type=m260
블랙 뷰티 (완역판) (Black Beauty) ,https://comicthumb-phinf.pstatic.net/20210929_236/pocket_16328745479465Y80M_JPEG/kyobo6545011091114695682l9791190978149.jpg?type=m260
내 이름은 미나코 ,https://comicthumb-phinf.pstatic.net/20210928_167/pocket_1632787201807qzthv_JPEG/kyobo9217899927409285819l480D210934400.jpg?type=m260
멀린 12 (마법의 책) ,https://comicthumb-phinf.pstatic.net/20210928_278/pocket_1632802265201e9B0Y_JPEG/__12%28280-415%29.jpg?type=m260
멀린 11 (영원의 불꽃) ,https://comicthumb-phinf.pstatic.net/20210928_92/pocket_1632801762894t5lBq_JPEG/__11%28280-415%29.jpg?type=m260
멀린 10 (별에 드리운 그림자) ,https://comicthumb-phinf.pstatic.net/20210928_252/pocket_1632801116847Yud4a_JPEG/__10%28280-415%29.jpg?type=m260
비밀 (秘密) ,https://comicthumb-phinf.pstatic.net/20220919_36/pocket_16635950972951mpOt_JPEG/KPC1000143836.jpg?type=m260
달콤한 복수 주식회사 (Hamnden ar ljuv AB) ,https://comicthumb-phinf.pstatic.net/20210927_224/pocket_1632701141529bNGcJ_JPEG/kyobo360167465253659853l9788932921433.jpg?type=m260
추억의 습관 (최승랑 소설집) ,https://comicthumb-phinf.pstatic.net/20210924_241/pocket_1632442630089NluQc_JPEG/kyobo8242310860131253957l9788939230637.jpg?type=m260
홀리데이 컬렉션 (김세연 소설집) ,https://comicthumb-phinf.pstatic.net/20210924_267/pocket_1632442774357ouzH0_JPEG/kyobo8836181814447479284l9788939230385.jpg?type=m260
일곱 개의 다리 ,https://comicthumb-phinf.pstatic.net/20210924_292/pocket_1632443773969WcuBB_JPEG/kyobo6591224487247023242l9788939230262.jpg?type=m260
트위스트 (델핀 베르톨롱 장편소설) ,https://comicthumb-phinf.pstatic.net/20220919_172/pocket_1663595119590Diu15_JPEG/KPC1000143764.jpg?type=m260
"조금씩, 천천히 안녕 (長いお別れ) ",https://comicthumb-phinf.pstatic.net/20220919_73/pocket_1663595154070IYpQB_JPEG/KPC1000143448.jpg?type=m260
너와 100번째 사랑 ,https://comicthumb-phinf.pstatic.net/20220919_198/pocket_1663595446503DfbGg_JPEG/KPC1000143450.jpg?type=m260
무기모토 산포는 오늘이 좋아 (산포의 개성 넘치는 일상에 취하다!) ,https://comicthumb-phinf.pstatic.net/20220919_270/pocket_1663595138332SjU6a_JPEG/KPC1000143461.jpg?type=m260
패주(세계문학전집 201) (La Debacle) ,https://comicthumb-phinf.pstatic.net/20220919_135/pocket_1663594971368kzfMG_JPEG/KPC1000143763.jpg?type=m260
레시피 (최정원 미스터리 스릴러 소설집) ,https://comicthumb-phinf.pstatic.net/20210918_194/pocket_16319233843702W0F6_JPEG/kyobo4449748355999865085l9791189770150.jpg?type=m260
조선의 형사들(케이 미스터리) (사라진 기와) ,https://comicthumb-phinf.pstatic.net/20210918_272/pocket_1631923410672h4jjN_JPEG/kyobo104971590340054680l9791189178468.jpg?type=m260
가난한 사람들 ,https://comicthumb-phinf.pstatic.net/20141208_34/pocket_1418018026331bAOUa_JPEG/64329.jpg?type=m260
플라멩코 추는 남자 (제11회 혼불문학상 수상작) ,https://comicthumb-phinf.pstatic.net/20210917_140/pocket_1631841726859xOqxh_JPEG/9791130641287.jpg?type=m260
"유리왕좌 2 (어둠의 왕관, Crown of Midnight) ",https://comicthumb-phinf.pstatic.net/20210916_197/pocket_1631751853749dwpCX_JPEG/kyobo8087416356707877012l9791186316269.jpg?type=m260
유리왕좌 1 ,https://comicthumb-phinf.pstatic.net/20210916_214/pocket_1631752790035oJkfO_JPEG/kyobo6154545166262394036l9791186316184.jpg?type=m260
와일더 걸스 ,https://comicthumb-phinf.pstatic.net/20220919_165/pocket_16635953314607U0P6_JPEG/KPC1000142429.jpg?type=m260
소나무극장(폴앤니나 소설 시리즈 5) (홍예진 장편소설) ,https://comicthumb-phinf.pstatic.net/20220919_49/pocket_1663595609095PN9l8_JPEG/KPC1000143593.jpg?type=m260
에피타프 도쿄 ,https://comicthumb-phinf.pstatic.net/20220919_10/pocket_1663594934138e0Bhr_JPEG/KPC1000143629.jpg?type=m260
완벽한 생애(소설Q 시리즈 11) (조해진 소설) ,https://comicthumb-phinf.pstatic.net/20220919_82/pocket_16635956504899MSVk_JPEG/KPC1000143624.jpg?type=m260
"하피스, 잔혹한 소녀들 (에이버리 비숍 장편소설) ",https://comicthumb-phinf.pstatic.net/20220919_56/pocket_1663595200624XvzmS_JPEG/KPC1000142609.jpg?type=m260
완벽한 아내를 위한 레시피 (카르마 브라운 장편소설) ,https://comicthumb-phinf.pstatic.net/20220919_48/pocket_1663595654792sgdWi_JPEG/KPC1000143625.jpg?type=m260
콜카타의 세 사람 (메가 마줌다르 장편소설) ,https://comicthumb-phinf.pstatic.net/20210915_221/pocket_1631665905921Ks7lI_JPEG/kyobo2500095857200266996l9791164051342.jpg?type=m260
나를 모르는 사람들에게 (주원규 장편소설) ,https://comicthumb-phinf.pstatic.net/20210915_182/pocket_1631665936962txnCH_JPEG/kyobo5544024138381556000l9791160406047.jpg?type=m260
와일드 카드 2 (Wild Cards) ,https://comicthumb-phinf.pstatic.net/20220919_115/pocket_16635951090181Yczd_JPEG/KPC1000143412.jpg?type=m260
와일드 카드 1 (Wild Cards) ,https://comicthumb-phinf.pstatic.net/20220919_133/pocket_16635950657226Fvwx_JPEG/KPC1000143411.jpg?type=m260
유세명언 3 (풍몽룡 소설) ,https://comicthumb-phinf.pstatic.net/20210830_269/pocket_1630291485295JP2xf_JPEG/9788937491085_3_v1.jpg?type=m260
"처녀들, 자살하다 ",https://comicthumb-phinf.pstatic.net/20210830_121/pocket_1630291621432uttpb_JPEG/9788937444463__v1.jpg?type=m260
백년의 고독 2 (세계문학전집 35) ,https://comicthumb-phinf.pstatic.net/20220818_138/pocket_1660799477316ig8tW_JPEG/9788937493355_%B9%E9%B3%E2%C0%C7%B0%ED%B5%B62_v1.jpg?type=m260
"백년의 고독 1 (세계문학전집 34,One Hundred Years of Solitude) ",https://comicthumb-phinf.pstatic.net/20220818_216/pocket_1660799232567Xz9bX_JPEG/9788937493348_%B9%E9%B3%E2%C0%C7%B0%ED%B5%B61_v1.jpg?type=m260
구덩이 ,https://comicthumb-phinf.pstatic.net/20220818_234/pocket_1660820847251tuERh_JPEG/9788937494536_%B1%B8%B5%A2%C0%CC_v1.jpg?type=m260
전쟁과 평화 4 ,https://comicthumb-phinf.pstatic.net/20220822_282/pocket_1661145125849WxQG3_JPEG/9788937496561_%C0%FC%C0%EF%B0%FA%C6%F2%C8%AD4_v1.jpg?type=m260
전쟁과 평화 3 ,https://comicthumb-phinf.pstatic.net/20220822_90/pocket_1661145057923uaNL5_JPEG/9788937496554_%C0%FC%C0%EF%B0%FA%C6%F2%C8%AD3_v1.jpg?type=m260
전쟁과 평화 2 ,https://comicthumb-phinf.pstatic.net/20220822_218/pocket_1661144988112y8vUc_JPEG/9788937496547_%C0%FC%C0%EF%B0%FA%C6%F2%C8%AD2_v1.jpg?type=m260
전쟁과 평화 1 ,https://comicthumb-phinf.pstatic.net/20220902_284/pocket_1662078755644eV2Sp_JPEG/kyobo9008149317514831952l9788935913909.jpg?type=m260
이방인의 아이 (The Stranger’s Child) ,https://comicthumb-phinf.pstatic.net/20210831_83/pocket_1630395904195mQyOl_JPEG/9788937444791__v1.jpg?type=m260
스파숄트 어페어 (The Sparsholt Affair) ,https://comicthumb-phinf.pstatic.net/20210831_222/pocket_16303962592972jNsd_JPEG/9788937444807__v1.jpg?type=m260
"다른 방에는 다른 놀라움이 (In Other Rooms, Other Wonders) ",https://comicthumb-phinf.pstatic.net/20210831_100/pocket_1630397929098Pvw5h_JPEG/9788937472848__v1.jpg?type=m260
겨울 (WINTER) ,https://comicthumb-phinf.pstatic.net/20210831_187/pocket_1630398376808jecrj_JPEG/9788937472855__v1.jpg?type=m260
가을 (Autumn) ,https://comicthumb-phinf.pstatic.net/20210831_192/pocket_1630398989544AxqiP_JPEG/9788937444890__v1.jpg?type=m260
아이네이스 2 ,https://comicthumb-phinf.pstatic.net/20221008_233/pocket_166518721296892iSr_JPEG/kyobo7494506808799671749l9788932921419.jpg?type=m260
아이네이스 1 (베르길리우스 서사시) ,https://comicthumb-phinf.pstatic.net/20221008_1/pocket_1665187202808hxKmn_JPEG/kyobo6111333423054874063l9788932916057.jpg?type=m260
이게 나라냐 (박노문 단편집) ,https://comicthumb-phinf.pstatic.net/20210914_157/pocket_16315779245210CzFd_JPEG/kyobo8057620731238391284l9791138800679.jpg?type=m260
조의 아이들 (작은 아씨들 그 후) ,https://comicthumb-phinf.pstatic.net/20210914_184/pocket_1631578395243hbp0p_JPEG/kyobo1849663047029987566l9791164455225.jpg?type=m260
밤의 유서 ,https://comicthumb-phinf.pstatic.net/20210914_83/pocket_1631578437129XhlD4_JPEG/kyobo8984997301814291002l9788925579900.jpg?type=m260
태평양을 막는 제방 ,https://comicthumb-phinf.pstatic.net/20220822_57/pocket_1661149164133HEPtk_JPEG/9788937497025_%C5%C2%C6%F2%BE%E7%C0%BB%B8%B7%B4%C2%C1%A6%B9%E6_v1.jpg?type=m260
"괜찮아, 아빠도 쉽진 않더라 (오늘을 살아가는 우리 모두를 위한 동화, <퇴근 길 글 한잔!>) ",https://comicthumb-phinf.pstatic.net/20210914_192/pocket_16315791282150znks_JPEG/kyobo3943749080422173039l9791197559105.jpg?type=m260
천로 역정 ,https://comicthumb-phinf.pstatic.net/20210914_36/pocket_1631579910769l8ktK_JPEG/kyobo254737022998264189l9788932404912.jpg?type=m260
"마리아비틀 (Maria Beetle,이사카 고타로 장편소설) ",https://comicthumb-phinf.pstatic.net/20210914_194/pocket_1631580263526om9NH_JPEG/kyobo2805745744319645630l9788925567860.jpg?type=m260
마담 보바리 (Madame Bovary) ,https://comicthumb-phinf.pstatic.net/20220919_163/pocket_1663595065948XlihO_JPEG/KPC1000143377.jpg?type=m260
살인마에게 바치는 청소지침서 (獻給殺人魔的居家?潔指南) ,https://comicthumb-phinf.pstatic.net/20220919_194/pocket_1663595377045buQ13_JPEG/KPC1000141866.jpg?type=m260
낮술 (ランチ酒) ,https://comicthumb-phinf.pstatic.net/20210910_214/pocket_1631228439610YhnMq_JPEG/kpc_etc84302486114230173339788954680370.jpg?type=m260
패싱 (Passing) ,https://comicthumb-phinf.pstatic.net/20220919_111/pocket_1663595473059KemP2_JPEG/KPC1000143379.jpg?type=m260
세계로부터 지켜 주는 세계 ,https://comicthumb-phinf.pstatic.net/20220919_43/pocket_1663595018765QDRIo_JPEG/KPC1000143399.jpg?type=m260
이효석문학상 수상작품집 2021 (미조의 시대) ,https://comicthumb-phinf.pstatic.net/20210910_223/pocket_1631232838449P3FSW_JPEG/kyobo3200312101424957969l9791164843206.jpg?type=m260
인형의 주인 (조이스 캐럴 오츠 소설) ,https://comicthumb-phinf.pstatic.net/20210910_64/pocket_16312339296601sWsa_JPEG/kyobo6165906898289764519l9791190885249.jpg?type=m260
구비전설 선집 ,https://comicthumb-phinf.pstatic.net/20220919_182/pocket_1663595365299jYCOy_JPEG/KPC1000143318.jpg?type=m260
조선 후기 사대부가사(한국고전문학전집 24) ,https://comicthumb-phinf.pstatic.net/20220919_167/pocket_166359535009274tUP_JPEG/KPC1000143319.jpg?type=m260
홍계월전 ,https://comicthumb-phinf.pstatic.net/20230110_275/pocket_1673308817896Qf8w5_JPEG/kyobo2094664442303519623l480D230159460.jpg?type=m260
소현성록 ,https://comicthumb-phinf.pstatic.net/20220919_160/pocket_1663595431270yxmLu_JPEG/KPC1000143323.jpg?type=m260
사씨남정기 ,https://comicthumb-phinf.pstatic.net/20220919_212/pocket_1663595363853z0dGc_JPEG/KPC1000143324.jpg?type=m260
구운몽 ,https://comicthumb-phinf.pstatic.net/20220818_65/pocket_1660801764096S9T8m_JPEG/9788937493720_%B1%B8%BF%EE%B8%F9_v2.jpg?type=m260
조선 전기 우언소설 (한국고전문학전집 14) ,https://comicthumb-phinf.pstatic.net/20220919_23/pocket_16635953218635nAq1_JPEG/KPC1000143327.jpg?type=m260
박태보전 ,https://comicthumb-phinf.pstatic.net/20220919_172/pocket_1663595224017OIPhw_JPEG/KPC1000143329.jpg?type=m260
창선감의록 ,https://comicthumb-phinf.pstatic.net/20220919_273/pocket_1663595351812f0owD_JPEG/KPC1000143331.jpg?type=m260
흥보전.흥보가.옹고집전 ,https://comicthumb-phinf.pstatic.net/20220919_141/pocket_16635953220278ccfm_JPEG/KPC1000143333.jpg?type=m260
홍길동전.전우치전 ,https://comicthumb-phinf.pstatic.net/20220919_85/pocket_1663595389537smCoE_JPEG/KPC1000143334.jpg?type=m260
원본 숙향전 · 숙영낭자전 ,https://comicthumb-phinf.pstatic.net/20220919_33/pocket_1663595404873IiVJp_JPEG/KPC1000143335.jpg?type=m260
숙향전 숙영낭자전 ,https://comicthumb-phinf.pstatic.net/20220919_81/pocket_1663595446700tytNG_JPEG/KPC1000143336.jpg?type=m260
원본 한중록 ,https://comicthumb-phinf.pstatic.net/20220919_36/pocket_1663595431191CQJMR_JPEG/KPC1000143337.jpg?type=m260
서포만필 하 (西浦漫筆) ,https://comicthumb-phinf.pstatic.net/20220919_62/pocket_1663595179744wAmp5_JPEG/KPC1000143338.jpg?type=m260
